{"loss": [0.39015689492225647, 0.20613501965999603, 0.14699849486351013, 0.1495324820280075, 0.14734965562820435, 0.12859222292900085, 0.11798831820487976, 0.12636078894138336, 0.1437523365020752, 0.09641052782535553, 0.11191148310899734, 0.08365693688392639, 0.07045839726924896, 0.07048526406288147, 0.06756481528282166, 0.0366305448114872, 0.05579454079270363, 0.08390279859304428, 0.046055905520915985, 0.051612742245197296, 0.04607796669006348, 0.04275380074977875, 0.03952714428305626, 0.02523583360016346, 0.0485006682574749, 0.028826473280787468, 0.03281240910291672, 0.040205132216215134, 0.054751187562942505, 0.03555195406079292], "accuracy": [0.669380247592926, 0.8019444346427917, 0.8566666841506958, 0.8538888692855835, 0.8569444417953491, 0.8733333349227905, 0.882777750492096, 0.8758333325386047, 0.8608333468437195, 0.9058333039283752, 0.8894444704055786, 0.9177777767181396, 0.9311110973358154, 0.9311110973358154, 0.9338889122009277, 0.9644444584846497, 0.9447222352027893, 0.9177777767181396, 0.9547222256660461, 0.948888897895813, 0.9547222256660461, 0.9588888883590698, 0.960277795791626, 0.976111114025116, 0.9511111378669739, 0.9719444513320923, 0.9680555462837219, 0.9611111283302307, 0.9466666579246521, 0.9652777910232544], "precision": [0.6267898678779602, 0.8051656484603882, 0.8647727370262146, 0.8492324352264404, 0.8607524037361145, 0.9092569947242737, 0.9067296385765076, 0.8714991807937622, 0.8850029706954956, 0.9304655194282532, 0.9182577729225159, 0.9095860719680786, 0.9389140009880066, 0.9439359307289124, 0.9277108311653137, 0.9618784785270691, 0.9545712471008301, 0.9423529505729675, 0.962168276309967, 0.9534231424331665, 0.9595732688903809, 0.9619686603546143, 0.9579878449440002, 0.9782366156578064, 0.939393937587738, 0.9759103655815125, 0.9714605212211609, 0.9631696343421936, 0.9456762671470642, 0.9584017395973206], "recall": [0.7505530714988708, 0.79666668176651, 0.8455555438995361, 0.8605555295944214, 0.8516666889190674, 0.8294444680213928, 0.8533333539962769, 0.8816666603088379, 0.8294444680213928, 0.8772222399711609, 0.8550000190734863, 0.9277777671813965, 0.9222221970558167, 0.9166666865348816, 0.9411110877990723, 0.9672222137451172, 0.9338889122009277, 0.8899999856948853, 0.9466666579246521, 0.9438889026641846, 0.9494444727897644, 0.9555555582046509, 0.9627777934074402, 0.9738888740539551, 0.9644444584846497, 0.9677777886390686, 0.9644444584846497, 0.9588888883590698, 0.9477777481079102, 0.972777783870697], "auc": [0.738661527633667, 0.8630961179733276, 0.8991228938102722, 0.8884058594703674, 0.8897022604942322, 0.9007461071014404, 0.9052938222885132, 0.9066820740699768, 0.8940856456756592, 0.935291051864624, 0.9216694235801697, 0.9470131993293762, 0.9556668996810913, 0.9538303017616272, 0.9574649930000305, 0.979228675365448, 0.9610440135002136, 0.9411130547523499, 0.9712676405906677, 0.9660455584526062, 0.9695440530776978, 0.9698103070259094, 0.971054196357727, 0.9850068092346191, 0.9656405448913574, 0.9812284708023071, 0.9788123369216919, 0.9751013517379761, 0.9564144015312195, 0.9765655994415283], "val_loss": [0.5899389982223511, 0.4894019365310669, 0.48848360776901245, 0.5157749056816101, 0.4863331615924835, 0.4958518147468567, 0.5206104516983032, 0.4907014071941376, 0.4735983610153198, 0.4652594029903412, 0.4649333655834198, 0.4633234143257141, 0.4591669738292694, 0.47235536575317383, 0.46333047747612, 0.4608099162578583, 0.47235310077667236, 0.4723568260669708, 0.45673707127571106, 0.47221776843070984, 0.466959148645401, 0.472004234790802, 0.45733678340911865, 0.45673078298568726, 0.4567314684391022, 0.45673099160194397, 0.4567320942878723, 0.4567318260669708, 0.45701658725738525, 0.4569135308265686], "val_accuracy": [0.6394230723381042, 0.932692289352417, 0.9375, 0.8269230723381042, 0.942307710647583, 0.9086538553237915, 0.8028846383094788, 0.9182692170143127, 0.9807692170143127, 0.9807692170143127, 0.9855769276618958, 0.9903846383094788, 0.995192289352417, 0.9855769276618958, 0.9903846383094788, 0.995192289352417, 0.9855769276618958, 0.9855769276618958, 1.0, 0.9855769276618958, 0.9855769276618958, 0.9855769276618958, 1.0, 1.0, 1.0, 1.0, 1.0, 1.0, 1.0, 1.0], "val_precision": [0.08641975373029709, 0.3125, 0.3333333432674408, 0.15000000596046448, 0.3571428656578064, 0.2380952388048172, 0.1489361673593521, 0.2631579041481018, 0.8333333134651184, 0.699999988079071, 0.7777777910232544, 0.875, 0.8888888955116272, 1.0, 0.875, 1.0, 1.0, 1.0, 1.0, 1.0, 1.0, 1.0, 1.0, 1.0, 1.0, 1.0, 1.0, 1.0, 1.0, 1.0], "val_recall": [0.875, 0.625, 0.625, 0.75, 0.625, 0.625, 0.875, 0.625, 0.625, 0.875, 0.875, 0.875, 1.0, 0.625, 0.875, 0.875, 0.625, 0.625, 1.0, 0.625, 0.625, 0.625, 1.0, 1.0, 1.0, 1.0, 1.0, 1.0, 1.0, 1.0], "val_auc": [0.83531254529953, 0.84437495470047, 0.8478125333786011, 0.8493750095367432, 0.7928125262260437, 0.8375000357627869, 0.9168750047683716, 0.8959375023841858, 0.8100000023841858, 0.9309374690055847, 0.9331249594688416, 0.9334374666213989, 0.996874988079071, 0.8125, 0.9987500309944153, 1.0, 0.8125, 0.8125, 1.0, 0.875, 0.9375, 0.9375, 1.0, 1.0, 1.0, 1.0, 1.0, 1.0, 1.0, 1.0], "f1": [0.6831110060839622, 0.8008936182983111, 0.8550561785833384, 0.8548564887361555, 0.8561854429366363, 0.8675188932007302, 0.879221535728445, 0.8765534374193379, 0.856323503011859, 0.9030597711630957, 0.8855005932097415, 0.9185918618061881, 0.9304932478855994, 0.9301014777620449, 0.9343629166815312, 0.9645429448878858, 0.9441168236272331, 0.9154285682950699, 0.9543545229181402, 0.9486320671512998, 0.9544820003432176, 0.9587513850658814, 0.9603768466599109, 0.976057903246785, 0.9517543918744679, 0.9718270633708228, 0.9679397761255172, 0.9610244943817919, 0.9467258414459498, 0.9655362528171944], "val_f1": [0.15730337185316984, 0.4166666666666667, 0.4347826171462161, 0.25000000827842284, 0.45454546144185964, 0.3448275869510687, 0.2545454503780554, 0.37037037969126124, 0.7142857069871863, 0.7777777704191796, 0.8235294191895058, 0.875, 0.9411764743006353, 0.7692307692307693, 0.875, 0.9333333333333333, 0.7692307692307693, 0.7692307692307693, 1.0, 0.7692307692307693, 0.7692307692307693, 0.7692307692307693, 1.0, 1.0, 1.0, 1.0, 1.0, 1.0, 1.0, 1.0]}