{"loss": [0.4090409576892853, 0.21225689351558685, 0.16232621669769287, 0.18214701116085052, 0.14188848435878754, 0.13053135573863983, 0.1251952052116394, 0.11899866908788681, 0.09794075042009354, 0.10779621452093124, 0.09200860559940338, 0.06579933315515518, 0.05015608295798302, 0.06338608264923096, 0.05674108862876892, 0.06769141554832458, 0.05627277493476868, 0.041801486164331436, 0.07386709749698639, 0.05654819309711456, 0.052829809486866, 0.052862297743558884, 0.056674834340810776, 0.08334074914455414, 0.06350758671760559, 0.05425212159752846, 0.057015541940927505, 0.06905131787061691, 0.07683676481246948, 0.04054030776023865], "accuracy": [0.6525735259056091, 0.7975000143051147, 0.8402777910232544, 0.8258333206176758, 0.8611111044883728, 0.8727777600288391, 0.8769444227218628, 0.8844444155693054, 0.9041666388511658, 0.8947222232818604, 0.9088888764381409, 0.9358333349227905, 0.9502778053283691, 0.9380555748939514, 0.9438889026641846, 0.934166669845581, 0.9444444179534912, 0.9597222208976746, 0.9286110997200012, 0.9444444179534912, 0.9480555653572083, 0.9483333230018616, 0.9441666603088379, 0.9172222018241882, 0.9372222423553467, 0.945555567741394, 0.9433333277702332, 0.9316666722297668, 0.9244444370269775, 0.9591666460037231], "precision": [0.6219205856323242, 0.7924631237983704, 0.8427532315254211, 0.8443922400474548, 0.8731343150138855, 0.8650707006454468, 0.8870507478713989, 0.9183796644210815, 0.9012686014175415, 0.8871934413909912, 0.9396654963493347, 0.9322314262390137, 0.9561057686805725, 0.9368420839309692, 0.9519230723381042, 0.9535693526268005, 0.9459308981895447, 0.97043776512146, 0.9351381659507751, 0.9474272727966309, 0.9590210318565369, 0.9611428380012512, 0.9514398574829102, 0.948090672492981, 0.943130612373352, 0.9450610280036926, 0.9761336445808411, 0.914621114730835, 0.968137264251709, 0.9630252122879028], "recall": [0.6841813921928406, 0.8061110973358154, 0.8366666436195374, 0.7988888621330261, 0.8450000286102295, 0.8833333253860474, 0.8638888597488403, 0.8438888788223267, 0.9077777862548828, 0.9044444561004639, 0.8738889098167419, 0.9399999976158142, 0.9438889026641846, 0.9394444227218628, 0.9350000023841858, 0.9127777814865112, 0.9427777528762817, 0.9483333230018616, 0.9211111068725586, 0.9411110877990723, 0.9361110925674438, 0.9344444274902344, 0.9361110925674438, 0.882777750492096, 0.9305555820465088, 0.9461110830307007, 0.9088888764381409, 0.9522222280502319, 0.8777777552604675, 0.9549999833106995], "auc": [0.7138310670852661, 0.8558562994003296, 0.8845553994178772, 0.86759352684021, 0.901943564414978, 0.8970017433166504, 0.899517297744751, 0.9045861959457397, 0.9315855503082275, 0.9239182472229004, 0.9391626715660095, 0.9603870511054993, 0.9680517911911011, 0.9566987752914429, 0.9600450396537781, 0.9478734731674194, 0.9625054597854614, 0.9724955558776855, 0.9398766756057739, 0.9532398581504822, 0.9597535729408264, 0.9613454341888428, 0.9543518424034119, 0.9329344630241394, 0.9467301964759827, 0.962315022945404, 0.9559147953987122, 0.9449626803398132, 0.9367932677268982, 0.9695847630500793], "val_loss": [0.5583010315895081, 0.607120931148529, 0.5046727657318115, 0.5565201640129089, 0.5219244360923767, 0.4880933165550232, 0.4802764356136322, 0.47374528646469116, 0.4749959707260132, 0.46977698802948, 0.4662235677242279, 0.46904563903808594, 0.4618050158023834, 0.4669780731201172, 0.4804198443889618, 0.4837023615837097, 0.47255128622055054, 0.47248998284339905, 0.4609507918357849, 0.4633183181285858, 0.46177276968955994, 0.46570029854774475, 0.4658152163028717, 0.4773706793785095, 0.46627312898635864, 0.47822028398513794, 0.4660129249095917, 0.4847310781478882, 0.4853537678718567, 0.4850522577762604], "val_accuracy": [0.7163461446762085, 0.620192289352417, 0.875, 0.7355769276618958, 0.8269230723381042, 0.9663461446762085, 0.9807692170143127, 0.9663461446762085, 0.9855769276618958, 0.9759615659713745, 0.9903846383094788, 0.9855769276618958, 0.9855769276618958, 0.9903846383094788, 0.9807692170143127, 0.9759615659713745, 0.9855769276618958, 0.9855769276618958, 0.995192289352417, 0.9903846383094788, 0.995192289352417, 0.9903846383094788, 0.9903846383094788, 0.9807692170143127, 0.9903846383094788, 0.9807692170143127, 0.9903846383094788, 0.9759615659713745, 0.9759615659713745, 0.9759615659713745], "val_precision": [0.095238097012043, 0.07228915393352509, 0.20000000298023224, 0.10169491171836853, 0.15000000596046448, 0.6000000238418579, 1.0, 0.5454545617103577, 1.0, 0.6666666865348816, 1.0, 1.0, 0.7777777910232544, 1.0, 1.0, 1.0, 1.0, 1.0, 1.0, 0.875, 1.0, 1.0, 1.0, 1.0, 1.0, 1.0, 1.0, 1.0, 1.0, 1.0], "val_recall": [0.75, 0.75, 0.75, 0.75, 0.75, 0.375, 0.5, 0.75, 0.625, 0.75, 0.75, 0.625, 0.875, 0.75, 0.5, 0.375, 0.625, 0.625, 0.875, 0.875, 0.875, 0.75, 0.75, 0.5, 0.75, 0.5, 0.75, 0.375, 0.375, 0.375], "val_auc": [0.833437442779541, 0.8121874928474426, 0.8209375143051147, 0.7618749737739563, 0.8062499761581421, 0.7396875619888306, 0.809374988079071, 0.862500011920929, 0.87437504529953, 0.8693750500679016, 0.9359374642372131, 0.9375, 0.9987499117851257, 0.875, 0.8125, 0.75, 0.8125, 0.875, 1.0, 0.9959375262260437, 0.9371874928474426, 0.9375, 0.9375, 0.8125, 0.9375, 0.8125, 0.9375, 0.8125, 0.75, 0.6875], "f1": [0.651567028203779, 0.7992288501562792, 0.8396989080042085, 0.8210105440272748, 0.8588368236805565, 0.8741066336133176, 0.8753166080462375, 0.8795599153295277, 0.9045114833882283, 0.8957358969446568, 0.9055843633972893, 0.9360995946086713, 0.9499580587687342, 0.93814144865342, 0.9433856491862369, 0.9327277892467085, 0.9443516934897548, 0.9592582213277393, 0.9280716374989496, 0.9442586181102477, 0.9474275849756368, 0.9476056157821371, 0.9437132327228361, 0.9142692512674506, 0.9368008992719321, 0.9455857640007468, 0.9413118427857915, 0.9330429990910271, 0.9207459125864375, 0.9589958085776881], "val_f1": [0.16901408730045572, 0.13186812738752668, 0.31578947739918145, 0.1791044721281536, 0.25000000827842284, 0.4615384685922655, 0.6666666666666666, 0.631578958265669, 0.7692307692307693, 0.7058823640783763, 0.8571428571428571, 0.7692307692307693, 0.8235294191895058, 0.8571428571428571, 0.6666666666666666, 0.5454545454545454, 0.7692307692307693, 0.7692307692307693, 0.9333333333333333, 0.875, 0.9333333333333333, 0.8571428571428571, 0.8571428571428571, 0.6666666666666666, 0.8571428571428571, 0.6666666666666666, 0.8571428571428571, 0.5454545454545454, 0.5454545454545454, 0.5454545454545454]}