{"loss": [0.43529611825942993, 0.20729000866413116, 0.1855752170085907, 0.156197190284729, 0.14841938018798828, 0.14530648291110992, 0.12883387506008148, 0.08362611383199692, 0.0917515978217125, 0.08686153590679169, 0.08294368535280228, 0.08477434515953064, 0.10753914713859558, 0.07630796730518341, 0.061655424535274506, 0.07016091048717499, 0.05781284719705582, 0.07026831060647964, 0.0746319442987442, 0.08047344535589218, 0.0810563862323761, 0.0695837065577507, 0.05021744221448898, 0.03196126967668533, 0.07328581809997559, 0.09430614858865738, 0.0636463314294815, 0.04957502335309982, 0.04392895847558975, 0.0371134877204895], "accuracy": [0.6326155662536621, 0.8041666746139526, 0.820277750492096, 0.8500000238418579, 0.8533333539962769, 0.8597221970558167, 0.8741666674613953, 0.9175000190734863, 0.9108333587646484, 0.913611114025116, 0.9194444417953491, 0.914722204208374, 0.8961111307144165, 0.9247221946716309, 0.9402777552604675, 0.929444432258606, 0.9438889026641846, 0.9311110973358154, 0.9263888597488403, 0.92166668176651, 0.9200000166893005, 0.9302777647972107, 0.949999988079071, 0.9680555462837219, 0.9277777671813965, 0.9094444513320923, 0.9369444251060486, 0.9511111378669739, 0.9563888907432556, 0.9633333086967468], "precision": [0.5961447954177856, 0.8268656730651855, 0.8277430534362793, 0.8767942786216736, 0.8557047247886658, 0.8838174343109131, 0.8833238482475281, 0.9219539761543274, 0.9441441297531128, 0.9138410091400146, 0.931922197341919, 0.9158774614334106, 0.9284855723381042, 0.9221424460411072, 0.9459763765335083, 0.9372171759605408, 0.9433962106704712, 0.9449541568756104, 0.9304543137550354, 0.9152078628540039, 0.9324942827224731, 0.9413105249404907, 0.9294803738594055, 0.9741137027740479, 0.9126473665237427, 0.942376971244812, 0.9612902998924255, 0.9561797976493835, 0.9691604971885681, 0.968539297580719], "recall": [0.7013274431228638, 0.769444465637207, 0.8088889122009277, 0.8144444227218628, 0.8500000238418579, 0.82833331823349, 0.8622221946716309, 0.9122222065925598, 0.8733333349227905, 0.9133333563804626, 0.9049999713897705, 0.9133333563804626, 0.8583333492279053, 0.9277777671813965, 0.9338889122009277, 0.9205555319786072, 0.9444444179534912, 0.9155555367469788, 0.92166668176651, 0.929444432258606, 0.9055555462837219, 0.9177777767181396, 0.9738888740539551, 0.9616666436195374, 0.9461110830307007, 0.8722222447395325, 0.9105555415153503, 0.945555567741394, 0.9427777528762817, 0.9577777981758118], "auc": [0.7089638710021973, 0.8639907240867615, 0.8644579648971558, 0.8809514045715332, 0.884301483631134, 0.8914639353752136, 0.9073449969291687, 0.9520831108093262, 0.9350189566612244, 0.9333803057670593, 0.9387940764427185, 0.940352737903595, 0.9122337698936462, 0.9456124901771545, 0.953056275844574, 0.9471190571784973, 0.959500789642334, 0.9451908469200134, 0.9393996000289917, 0.9401329159736633, 0.936847984790802, 0.9446881413459778, 0.9601331353187561, 0.9781038761138916, 0.9421794414520264, 0.9189429879188538, 0.9495373964309692, 0.9661666750907898, 0.96700519323349, 0.9709540605545044], "val_loss": [0.5030684471130371, 0.48569196462631226, 0.49803775548934937, 0.5342069268226624, 0.5028889179229736, 0.4889790117740631, 0.47395938634872437, 0.4750865697860718, 0.4723604619503021, 0.4723608195781708, 0.4841800928115845, 0.4735574722290039, 0.47237709164619446, 0.4662865400314331, 0.47287967801094055, 0.47321879863739014, 0.46167513728141785, 0.4636309742927551, 0.46805694699287415, 0.4686174690723419, 0.46842482686042786, 0.4616214334964752, 0.46684592962265015, 0.4617426097393036, 0.4609377682209015, 0.47241461277008057, 0.4734387993812561, 0.4666678309440613, 0.4783201813697815, 0.4925769567489624], "val_accuracy": [0.942307710647583, 0.9230769276618958, 0.8990384340286255, 0.7836538553237915, 0.9567307829856873, 0.9182692170143127, 0.9807692170143127, 0.9855769276618958, 0.9855769276618958, 0.9855769276618958, 0.9759615659713745, 0.9855769276618958, 0.9855769276618958, 0.9903846383094788, 0.9855769276618958, 0.9855769276618958, 0.995192289352417, 0.9855769276618958, 0.9855769276618958, 0.9855769276618958, 0.9855769276618958, 0.995192289352417, 0.9903846383094788, 0.9903846383094788, 0.9855769276618958, 0.9855769276618958, 0.9855769276618958, 0.9903846383094788, 0.9807692170143127, 0.9711538553237915], "val_precision": [0.25, 0.3181818127632141, 0.25925925374031067, 0.15094339847564697, 0.0, 0.3199999928474426, 0.8333333134651184, 1.0, 1.0, 1.0, 1.0, 1.0, 1.0, 1.0, 1.0, 1.0, 1.0, 0.7777777910232544, 0.8571428656578064, 0.8571428656578064, 0.7777777910232544, 1.0, 1.0, 0.875, 0.7272727489471436, 1.0, 1.0, 1.0, 1.0, 1.0], "val_recall": [0.25, 0.875, 0.875, 1.0, 0.0, 1.0, 0.625, 0.625, 0.625, 0.625, 0.375, 0.625, 0.625, 0.75, 0.625, 0.625, 0.875, 0.875, 0.75, 0.75, 0.875, 0.875, 0.75, 0.875, 1.0, 0.625, 0.625, 0.75, 0.5, 0.25], "val_auc": [0.8290625214576721, 0.8956249952316284, 0.9340624213218689, 0.9174998998641968, 0.8071874976158142, 0.9662500023841858, 0.807812511920929, 0.8125, 0.8125, 0.8125, 0.8125, 0.8125, 0.8125, 0.9365625381469727, 0.8125, 0.8125, 0.9375, 0.9346874952316284, 0.9337500333786011, 0.9337500333786011, 0.9315625429153442, 1.0, 0.875, 0.9993749856948853, 0.9950000047683716, 0.8125, 0.8125, 0.9375, 0.75, 0.6875], "f1": [0.6444726795412812, 0.797122314192112, 0.8182073821529724, 0.8444700437975703, 0.8528428346769046, 0.8551763645665097, 0.8726454740409813, 0.9170622739684161, 0.9073593015714205, 0.9135871122384184, 0.918263796134869, 0.914603639709407, 0.8920323390310732, 0.9249515233101648, 0.9398937833927463, 0.9288116380533065, 0.9439200233079389, 0.9300225774314493, 0.9260396507221201, 0.922271210398514, 0.918827505404208, 0.9293952094803748, 0.9511665650220591, 0.9678501559288509, 0.9290779967390314, 0.9059434722659808, 0.9352353598880773, 0.9508380060476301, 0.9557870979200368, 0.9631284879598602], "val_f1": [0.25, 0.46666666083865693, 0.3999999934313248, 0.26229508536312407, 0, 0.48484847663847863, 0.7142857069871863, 0.7692307692307693, 0.7692307692307693, 0.7692307692307693, 0.5454545454545454, 0.7692307692307693, 0.7692307692307693, 0.8571428571428571, 0.7692307692307693, 0.7692307692307693, 0.9333333333333333, 0.8235294191895058, 0.8000000037087335, 0.8000000037087335, 0.8235294191895058, 0.9333333333333333, 0.8571428571428571, 0.875, 0.8421052776875586, 0.7692307692307693, 0.7692307692307693, 0.8571428571428571, 0.6666666666666666, 0.4]}