{"loss": [0.37882426381111145, 0.2018892467021942, 0.23158247768878937, 0.17821967601776123, 0.14787037670612335, 0.13457408547401428, 0.09990224242210388, 0.09069909900426865, 0.09101557731628418, 0.10797038674354553, 0.08315444737672806, 0.05480188876390457, 0.05677478015422821, 0.05917561426758766, 0.0605987124145031, 0.053723715245723724, 0.057902656495571136, 0.0695360004901886, 0.10304490476846695, 0.13366290926933289, 0.07214181125164032, 0.06390602886676788, 0.03649798408150673, 0.0628342255949974, 0.07692372798919678, 0.05061142146587372, 0.03528966009616852, 0.05448956415057182, 0.042161133140325546, 0.04055570811033249], "accuracy": [0.6681543588638306, 0.8063889145851135, 0.7802777886390686, 0.8258333206176758, 0.8550000190734863, 0.8677777647972107, 0.9027777910232544, 0.9100000262260437, 0.9111111164093018, 0.8927778005599976, 0.9191666841506958, 0.9461110830307007, 0.9433333277702332, 0.9422222375869751, 0.9405555725097656, 0.9477777481079102, 0.9441666603088379, 0.9325000047683716, 0.8986111283302307, 0.8708333373069763, 0.9288889169692993, 0.9369444251060486, 0.9633333086967468, 0.9375, 0.9252777695655823, 0.9505555629730225, 0.9652777910232544, 0.9463889002799988, 0.9586111307144165, 0.960277795791626], "precision": [0.6148335337638855, 0.7982693314552307, 0.7887807488441467, 0.8396062254905701, 0.8785545229911804, 0.8884976506233215, 0.9244730472564697, 0.9231651425361633, 0.9166666865348816, 0.9058553576469421, 0.9279636740684509, 0.953160285949707, 0.9468085169792175, 0.9388092756271362, 0.9342826008796692, 0.9342672228813171, 0.9273115992546082, 0.9322598576545715, 0.9298981428146362, 0.9043004512786865, 0.9401368498802185, 0.9391401410102844, 0.9701240062713623, 0.93388432264328, 0.9189928770065308, 0.9644902348518372, 0.9634753465652466, 0.9707088470458984, 0.9568345546722412, 0.9590027928352356], "recall": [0.8065229654312134, 0.8199999928474426, 0.7655555605888367, 0.8055555820465088, 0.823888897895813, 0.8411111235618591, 0.8772222399711609, 0.894444465637207, 0.9044444561004639, 0.8766666650772095, 0.9088888764381409, 0.9383333325386047, 0.9394444227218628, 0.9461110830307007, 0.9477777481079102, 0.9633333086967468, 0.9638888835906982, 0.9327777624130249, 0.8622221946716309, 0.8294444680213928, 0.9161111116409302, 0.9344444274902344, 0.9561111330986023, 0.9416666626930237, 0.9327777624130249, 0.9355555772781372, 0.9672222137451172, 0.9205555319786072, 0.9605555534362793, 0.9616666436195374], "auc": [0.7664986252784729, 0.8502897620201111, 0.8274978399276733, 0.8822816014289856, 0.8980268239974976, 0.9108818769454956, 0.937486469745636, 0.951088011264801, 0.9344351887702942, 0.9224588871002197, 0.949554443359375, 0.9697843790054321, 0.9654978513717651, 0.9576079845428467, 0.9592794179916382, 0.9580588936805725, 0.9556084871292114, 0.9460347294807434, 0.9113144278526306, 0.8817296624183655, 0.9367947578430176, 0.9487174153327942, 0.9769883751869202, 0.9526879191398621, 0.9405790567398071, 0.9627273082733154, 0.9790862798690796, 0.9594868421554565, 0.9669873714447021, 0.9713960886001587], "val_loss": [0.5450651049613953, 0.5625719428062439, 0.4784301221370697, 0.4739972651004791, 0.4766603708267212, 0.4626753330230713, 0.4643874764442444, 0.46680933237075806, 0.4680135250091553, 0.4644007682800293, 0.4652586281299591, 0.46285995841026306, 0.464341402053833, 0.45944371819496155, 0.4615718424320221, 0.4631377160549164, 0.46673911809921265, 0.46314841508865356, 0.46445804834365845, 0.46681585907936096, 0.46435996890068054, 0.46432772278785706, 0.4643535017967224, 0.4685524106025696, 0.461846262216568, 0.4594425857067108, 0.4643595218658447, 0.46061694622039795, 0.4605232775211334, 0.4619031250476837], "val_accuracy": [0.7224880456924438, 0.6985645890235901, 0.9377990365028381, 0.9377990365028381, 0.9234449863433838, 0.9760765433311462, 0.9904305934906006, 0.980861246585846, 0.9617224931716919, 0.9904305934906006, 0.9856459498405457, 0.9856459498405457, 0.9904305934906006, 0.9952152967453003, 0.9856459498405457, 0.980861246585846, 0.980861246585846, 0.980861246585846, 0.9760765433311462, 0.980861246585846, 0.9904305934906006, 0.9904305934906006, 0.9904305934906006, 0.9856459498405457, 0.9856459498405457, 0.9952152967453003, 0.9904305934906006, 0.9904305934906006, 0.9952152967453003, 0.9856459498405457], "val_precision": [0.13432836532592773, 0.125, 0.3888888955116272, 0.4000000059604645, 0.3478260934352875, 0.6666666865348816, 1.0, 0.7777777910232544, 0.529411792755127, 1.0, 0.875, 0.800000011920929, 1.0, 1.0, 0.800000011920929, 0.7272727489471436, 0.7777777910232544, 0.7272727489471436, 0.6666666865348816, 0.7777777910232544, 1.0, 1.0, 1.0, 1.0, 0.800000011920929, 1.0, 1.0, 0.8888888955116272, 1.0, 0.800000011920929], "val_recall": [1.0, 1.0, 0.7777777910232544, 0.8888888955116272, 0.8888888955116272, 0.8888888955116272, 0.7777777910232544, 0.7777777910232544, 1.0, 0.7777777910232544, 0.7777777910232544, 0.8888888955116272, 0.7777777910232544, 0.8888888955116272, 0.8888888955116272, 0.8888888955116272, 0.7777777910232544, 0.8888888955116272, 0.8888888955116272, 0.7777777910232544, 0.7777777910232544, 0.7777777910232544, 0.7777777910232544, 0.6666666865348816, 0.8888888955116272, 0.8888888955116272, 0.7777777910232544, 0.8888888955116272, 0.8888888955116272, 0.8888888955116272], "val_auc": [0.9274999499320984, 0.8849999904632568, 0.9688888788223267, 0.9222221970558167, 0.9822221994400024, 0.9933333396911621, 0.8883333802223206, 0.8838889002799988, 0.9822221398353577, 0.8888888955116272, 0.9413888454437256, 0.9391666650772095, 0.8888888955116272, 0.9441666007041931, 0.9413888454437256, 0.9369444251060486, 0.8858333230018616, 0.9369444251060486, 0.9333332777023315, 0.8838889002799988, 0.8888888955116272, 0.9444444179534912, 0.8888888955116272, 0.8888888955116272, 0.9394444227218628, 0.9444444179534912, 0.8888888955116272, 0.941944420337677, 0.9444444179534912, 0.9394444227218628], "f1": [0.6977522742234081, 0.8089887588590196, 0.7769946371301685, 0.8222285231353267, 0.8503440511537946, 0.8641552567862283, 0.9002280497221787, 0.9085778914213293, 0.9105145570947364, 0.8910220298058681, 0.9183272341232561, 0.9456886968230231, 0.9431120948207947, 0.9424460364525062, 0.9409817916141413, 0.9485776590468408, 0.9452465248966849, 0.9325187381249702, 0.8947823432921153, 0.8652564727285962, 0.9279684961189993, 0.9367863998813782, 0.9630665996319129, 0.9377593467949862, 0.9258340112319283, 0.9498025917958358, 0.9653451444190748, 0.9449671965477218, 0.9586914434609481, 0.9603328709285056], "val_f1": [0.23684211632551572, 0.2222222222222222, 0.5185185273488363, 0.5517241448766411, 0.5000000077416189, 0.7619047773127652, 0.8750000083819031, 0.7777777910232544, 0.6923077162906258, 0.8750000083819031, 0.8235294191895058, 0.8421052727342643, 0.8750000083819031, 0.9411764743006353, 0.8421052727342643, 0.8000000157952307, 0.7777777910232544, 0.8000000157952307, 0.7619047773127652, 0.7777777910232544, 0.8750000083819031, 0.8750000083819031, 0.8750000083819031, 0.8000000143051146, 0.8421052727342643, 0.9411764743006353, 0.8750000083819031, 0.8888888955116272, 0.9411764743006353, 0.8421052727342643]}