{"loss": [0.39914119243621826, 0.19960850477218628, 0.15913566946983337, 0.17739932239055634, 0.13416069746017456, 0.15643954277038574, 0.12544722855091095, 0.08711716532707214, 0.07243569195270538, 0.08050040900707245, 0.04901595786213875, 0.05243942141532898, 0.10745222121477127, 0.07886261492967606, 0.07620176672935486, 0.05978541821241379, 0.05832802131772041, 0.04512309283018112, 0.04509897902607918, 0.036223407834768295, 0.04654446244239807, 0.08586595207452774, 0.050510991364717484, 0.04764735698699951, 0.03978719189763069, 0.03806125745177269, 0.03435464948415756, 0.05081293731927872, 0.07192579656839371, 0.057366952300071716], "accuracy": [0.6534523367881775, 0.8094444274902344, 0.8444444537162781, 0.8266666531562805, 0.8686110973358154, 0.8475000262260437, 0.878333330154419, 0.9155555367469788, 0.9286110997200012, 0.9225000143051147, 0.9522222280502319, 0.9474999904632568, 0.8941666483879089, 0.9222221970558167, 0.9247221946716309, 0.940833330154419, 0.9424999952316284, 0.9558333158493042, 0.9555555582046509, 0.964722216129303, 0.9544444680213928, 0.9155555367469788, 0.9497222304344177, 0.9530555605888367, 0.9608333110809326, 0.9627777934074402, 0.965833306312561, 0.9497222304344177, 0.9291666746139526, 0.9436110854148865], "precision": [0.615821897983551, 0.8201149702072144, 0.8575547933578491, 0.8661270141601562, 0.8965929746627808, 0.8858729004859924, 0.8973162174224854, 0.9374269247055054, 0.959499716758728, 0.9373202919960022, 0.9567901492118835, 0.9600228667259216, 0.9075244069099426, 0.9470587968826294, 0.9346219301223755, 0.9511085748672485, 0.9432387351989746, 0.9643463492393494, 0.9675028324127197, 0.9696799516677856, 0.9479737281799316, 0.9259681105613708, 0.9460055232048035, 0.951800525188446, 0.968908965587616, 0.9674522876739502, 0.9750708341598511, 0.9565708041191101, 0.9504373073577881, 0.955504834651947], "recall": [0.7186290621757507, 0.7927777767181396, 0.8261111378669739, 0.772777795791626, 0.8333333134651184, 0.7977777719497681, 0.8544444441795349, 0.8905555605888367, 0.8949999809265137, 0.9055555462837219, 0.9472222328186035, 0.9338889122009277, 0.8777777552604675, 0.894444465637207, 0.9133333563804626, 0.929444432258606, 0.9416666626930237, 0.9466666579246521, 0.9427777528762817, 0.9594444632530212, 0.9616666436195374, 0.903333306312561, 0.9538888931274414, 0.9544444680213928, 0.9522222280502319, 0.9577777981758118, 0.9561111330986023, 0.9422222375869751, 0.9055555462837219, 0.9305555820465088], "auc": [0.7351081967353821, 0.8615566492080688, 0.8816388845443726, 0.8669391870498657, 0.9056463837623596, 0.8831002116203308, 0.9105260372161865, 0.9448805451393127, 0.9498094916343689, 0.9449770450592041, 0.972802460193634, 0.9661023020744324, 0.9189020395278931, 0.9413886666297913, 0.9538944959640503, 0.9599078893661499, 0.9577786922454834, 0.9684217572212219, 0.969965934753418, 0.9756456017494202, 0.9705284833908081, 0.9328569173812866, 0.9601137638092041, 0.9631502032279968, 0.972130537033081, 0.9714211821556091, 0.9787040948867798, 0.9589240550994873, 0.9383043050765991, 0.9507546424865723], "val_loss": [0.5192987322807312, 0.5019201040267944, 0.4774230122566223, 0.5050976276397705, 0.4968249201774597, 0.4615781903266907, 0.4632003605365753, 0.4644300937652588, 0.465206116437912, 0.4607512652873993, 0.46359366178512573, 0.4644583761692047, 0.47020864486694336, 0.46954137086868286, 0.4702669382095337, 0.46190670132637024, 0.46275052428245544, 0.46958041191101074, 0.45952704548835754, 0.46740207076072693, 0.4629569947719574, 0.4620625972747803, 0.455805242061615, 0.46955567598342896, 0.4643423855304718, 0.4695386290550232, 0.4643499553203583, 0.47511789202690125, 0.4643595218658447, 0.4695705473423004], "val_accuracy": [0.8277512192726135, 0.8660287261009216, 0.9473684430122375, 0.8612440228462219, 0.880382776260376, 0.9856459498405457, 0.980861246585846, 0.9904305934906006, 0.9856459498405457, 0.9856459498405457, 0.9856459498405457, 0.9904305934906006, 0.9856459498405457, 0.9856459498405457, 0.9856459498405457, 0.9904305934906006, 0.9952152967453003, 0.9856459498405457, 0.9952152967453003, 0.9904305934906006, 0.9904305934906006, 0.9712918400764465, 0.9952152967453003, 0.9856459498405457, 0.9904305934906006, 0.9856459498405457, 0.9904305934906006, 0.980861246585846, 0.9904305934906006, 0.9856459498405457], "val_precision": [0.1538461595773697, 0.22857142984867096, 0.4375, 0.2222222238779068, 0.25, 0.800000011920929, 0.7272727489471436, 1.0, 0.875, 0.75, 0.875, 1.0, 1.0, 1.0, 1.0, 0.8888888955116272, 1.0, 1.0, 1.0, 1.0, 1.0, 0.6000000238418579, 0.8999999761581421, 1.0, 1.0, 1.0, 1.0, 1.0, 1.0, 1.0], "val_recall": [0.6666666865348816, 0.8888888955116272, 0.7777777910232544, 0.8888888955116272, 0.8888888955116272, 0.8888888955116272, 0.8888888955116272, 0.7777777910232544, 0.7777777910232544, 1.0, 0.7777777910232544, 0.7777777910232544, 0.6666666865348816, 0.6666666865348816, 0.6666666865348816, 0.8888888955116272, 0.8888888955116272, 0.6666666865348816, 0.8888888955116272, 0.7777777910232544, 0.7777777910232544, 1.0, 1.0, 0.6666666865348816, 0.7777777910232544, 0.6666666865348816, 0.7777777910232544, 0.5555555820465088, 0.7777777910232544, 0.6666666865348816], "val_auc": [0.8894444108009338, 0.8908332586288452, 0.9227777123451233, 0.8902777433395386, 0.911111056804657, 0.9433332681655884, 0.9430555701255798, 0.8888888955116272, 0.9969444274902344, 0.9927778244018555, 0.9969444274902344, 0.8888888955116272, 0.8333333730697632, 0.8333333730697632, 0.8333333730697632, 0.9416666030883789, 0.9444444179534912, 0.8333333730697632, 0.9441666007041931, 0.8888888955116272, 0.9444444179534912, 0.9888888597488403, 0.9972222447395325, 0.8333333730697632, 0.8888888955116272, 0.8333333730697632, 0.8888888955116272, 0.7777777910232544, 0.8888888955116272, 0.8333333730697632], "f1": [0.6632653071977713, 0.8062147020916935, 0.8415393493277636, 0.8167938989671523, 0.8638065095985662, 0.8395205969394567, 0.8753557189115885, 0.9133903274874714, 0.9261281943264141, 0.9211641624794276, 0.9519821509866774, 0.9467755791694834, 0.8924032621716607, 0.9199999986376075, 0.9238550203245347, 0.9401517171109662, 0.9424520433661576, 0.9554247219604703, 0.9549802822348282, 0.9645350538921114, 0.9547710939513223, 0.9145106729133895, 0.9499308526463622, 0.9531206630437222, 0.9604931272211776, 0.9625907352466099, 0.9654979136155184, 0.949342307108573, 0.9274537597320436, 0.942865191046479], "val_f1": [0.2500000089639798, 0.363636365806884, 0.5600000034332275, 0.3555555582046509, 0.3902439030772657, 0.8421052727342643, 0.8000000157952307, 0.8750000083819031, 0.8235294191895058, 0.8571428571428571, 0.8235294191895058, 0.8750000083819031, 0.8000000143051146, 0.8000000143051146, 0.8000000143051146, 0.8888888955116272, 0.9411764743006353, 0.8000000143051146, 0.9411764743006353, 0.8750000083819031, 0.8750000083819031, 0.7500000186264513, 0.9473684078438459, 0.8000000143051146, 0.8750000083819031, 0.8000000143051146, 0.8750000083819031, 0.7142857361812978, 0.8750000083819031, 0.8000000143051146]}