{"loss": [0.4357713460922241, 0.2499016672372818, 0.18124951422214508, 0.15255293250083923, 0.13341809809207916, 0.1268889307975769, 0.1177205964922905, 0.13283860683441162, 0.09594159573316574, 0.07294345647096634, 0.07784722000360489, 0.07514818012714386, 0.0796942487359047, 0.07865362614393234, 0.08759351074695587, 0.08797327429056168, 0.09873189777135849, 0.08972501009702682, 0.059164389967918396, 0.07942631840705872, 0.08964182436466217, 0.06340815871953964, 0.04922026768326759, 0.041760317981243134, 0.05358132719993591, 0.05522648245096207, 0.054020076990127563, 0.04093378037214279, 0.04175538942217827, 0.040082961320877075], "accuracy": [0.6027777791023254, 0.7652778029441833, 0.8219444155693054, 0.8497222065925598, 0.8683333396911621, 0.8769444227218628, 0.8852777481079102, 0.871666669845581, 0.9041666388511658, 0.9280555844306946, 0.9230555295944214, 0.9258333444595337, 0.9222221970558167, 0.9236111044883728, 0.9138888716697693, 0.9133333563804626, 0.903333306312561, 0.9130555391311646, 0.9413889050483704, 0.92166668176651, 0.9122222065925598, 0.9375, 0.9513888955116272, 0.9586111307144165, 0.9469444155693054, 0.945555567741394, 0.9469444155693054, 0.9594444632530212, 0.9580555558204651, 0.960277795791626], "precision": [0.5746569633483887, 0.7758520841598511, 0.821765661239624, 0.8603320121765137, 0.8872663378715515, 0.8965517282485962, 0.9135360717773438, 0.9150124192237854, 0.9312388896942139, 0.9535020589828491, 0.9404280185699463, 0.927019476890564, 0.9540023803710938, 0.9281302690505981, 0.9434523582458496, 0.9110497236251831, 0.9432234168052673, 0.905177116394043, 0.9532230496406555, 0.9347078800201416, 0.9131402969360352, 0.949229896068573, 0.9422972202301025, 0.9629837274551392, 0.9626222252845764, 0.9440752863883972, 0.930444061756134, 0.9553964734077454, 0.9660825133323669, 0.9657110571861267], "recall": [0.7911111116409302, 0.7461110949516296, 0.8222222328186035, 0.8349999785423279, 0.8438888788223267, 0.852222204208374, 0.851111114025116, 0.8194444179534912, 0.8727777600288391, 0.8999999761581421, 0.903333306312561, 0.9244444370269775, 0.8872222304344177, 0.9183333516120911, 0.8805555701255798, 0.9161111116409302, 0.8583333492279053, 0.9227777719497681, 0.9283333420753479, 0.9066666960716248, 0.9111111164093018, 0.9244444370269775, 0.9616666436195374, 0.9538888931274414, 0.9300000071525574, 0.9472222328186035, 0.9661111235618591, 0.9638888835906982, 0.9494444727897644, 0.9544444680213928], "auc": [0.677696168422699, 0.8280353546142578, 0.8676097989082336, 0.8845657110214233, 0.8951351046562195, 0.8979573845863342, 0.9073867201805115, 0.8919448256492615, 0.925885796546936, 0.947093665599823, 0.9461709856987, 0.9404898881912231, 0.9370307922363281, 0.9413676261901855, 0.9288387298583984, 0.924846887588501, 0.9149177670478821, 0.9213530421257019, 0.9547847509384155, 0.9355623722076416, 0.9279991984367371, 0.9467471241950989, 0.9617707133293152, 0.9684229493141174, 0.9551364183425903, 0.955109179019928, 0.9581851959228516, 0.9660040736198425, 0.9666788578033447, 0.9691024422645569], "val_loss": [0.5296139717102051, 0.5096637606620789, 0.4887813329696655, 0.5410974025726318, 0.5396420359611511, 0.5059054493904114, 0.481140673160553, 0.4733349680900574, 0.47552379965782166, 0.4692492187023163, 0.471548467874527, 0.47604209184646606, 0.4781266450881958, 0.47313588857650757, 0.47138988971710205, 0.4707976281642914, 0.477613627910614, 0.46751779317855835, 0.46496808528900146, 0.460781455039978, 0.4715700149536133, 0.4708465039730072, 0.46925610303878784, 0.47056901454925537, 0.47305959463119507, 0.46070587635040283, 0.46682092547416687, 0.4698789715766907, 0.4663224518299103, 0.46184200048446655], "val_accuracy": [0.8421052694320679, 0.8612440228462219, 0.9425837397575378, 0.760765552520752, 0.7655502557754517, 0.8708133697509766, 0.9425837397575378, 0.9712918400764465, 0.9473684430122375, 0.9712918400764465, 0.9665071964263916, 0.9617224931716919, 0.9665071964263916, 0.9712918400764465, 0.9521530866622925, 0.980861246585846, 0.9330143332481384, 0.9617224931716919, 0.9760765433311462, 0.980861246585846, 0.9760765433311462, 0.9521530866622925, 0.9665071964263916, 0.9712918400764465, 0.9712918400764465, 0.9760765433311462, 0.980861246585846, 0.9760765433311462, 0.980861246585846, 0.9856459498405457], "val_precision": [0.1666666716337204, 0.1875, 0.38461539149284363, 0.12727272510528564, 0.12962962687015533, 0.1785714328289032, 0.4000000059604645, 0.6666666865348816, 0.4375, 0.6363636255264282, 0.5833333134651184, 0.5454545617103577, 0.625, 0.6666666865348816, 0.47058823704719543, 0.8571428656578064, 0.3684210479259491, 0.5333333611488342, 0.6666666865348816, 0.692307710647583, 0.75, 0.47058823704719543, 0.5833333134651184, 0.6363636255264282, 0.6666666865348816, 0.6428571343421936, 0.7777777910232544, 0.75, 0.7777777910232544, 0.800000011920929], "val_recall": [0.6666666865348816, 0.6666666865348816, 0.5555555820465088, 0.7777777910232544, 0.7777777910232544, 0.5555555820465088, 0.6666666865348816, 0.6666666865348816, 0.7777777910232544, 0.7777777910232544, 0.7777777910232544, 0.6666666865348816, 0.5555555820465088, 0.6666666865348816, 0.8888888955116272, 0.6666666865348816, 0.7777777910232544, 0.8888888955116272, 0.8888888955116272, 1.0, 0.6666666865348816, 0.8888888955116272, 0.7777777910232544, 0.7777777910232544, 0.6666666865348816, 1.0, 0.7777777910232544, 0.6666666865348816, 0.7777777910232544, 0.8888888955116272], "val_auc": [0.8469444513320923, 0.8038888573646545, 0.7527778148651123, 0.8183333277702332, 0.8302778601646423, 0.8199999332427979, 0.8083333373069763, 0.8266667127609253, 0.8691666126251221, 0.931388795375824, 0.9347222447395325, 0.875, 0.8277778029441833, 0.8266667127609253, 0.9716666340827942, 0.830833375453949, 0.962222158908844, 0.9799999594688416, 0.9341666102409363, 0.9877777695655823, 0.8300000429153442, 0.9811110496520996, 0.9344444870948792, 0.8777778148651123, 0.82750004529953, 0.987500011920929, 0.8838889002799988, 0.8833333253860474, 0.8858333230018616, 0.9394444227218628], "f1": [0.6657316383534597, 0.7606910022237919, 0.8219938836291315, 0.8474767368744879, 0.8650341550692022, 0.8738251135312437, 0.8812194414930278, 0.8645955358696705, 0.9010610764859983, 0.9259788379849566, 0.9215075073970275, 0.9257301662594627, 0.9194012667278996, 0.9232058202197001, 0.9109195374421922, 0.9135734073994332, 0.8987783562316528, 0.9138927092919676, 0.9406135721599255, 0.9204737768984382, 0.9121245781073896, 0.9366732322479208, 0.9518834073231816, 0.9584147345197549, 0.9460299694853166, 0.9456461414877005, 0.9479422110925382, 0.9596238899875363, 0.9576912350362238, 0.9600447090230105], "val_f1": [0.26666667461395266, 0.2926829287439921, 0.4545454682151147, 0.21874999732244757, 0.22222221870811615, 0.27027027828141315, 0.5000000102445483, 0.6666666865348816, 0.5600000034332275, 0.6999999988079069, 0.6666666585571908, 0.6000000178813935, 0.5882353089672469, 0.6666666865348816, 0.6153846184706547, 0.7500000158324837, 0.49999999840344694, 0.6666666902601716, 0.7619047773127652, 0.8181818309894276, 0.7058823640783763, 0.6153846184706547, 0.6666666585571908, 0.6999999988079069, 0.6666666865348816, 0.7826086893424195, 0.7777777910232544, 0.7058823640783763, 0.7777777910232544, 0.8421052727342643]}