{"loss": [0.41955339908599854, 0.265058308839798, 0.19065164029598236, 0.16868557035923004, 0.11134262382984161, 0.1278112679719925, 0.08610980212688446, 0.10307177156209946, 0.08343610912561417, 0.10594747960567474, 0.08837314695119858, 0.09697752445936203, 0.1138903796672821, 0.0667533203959465, 0.07558004558086395, 0.09647935628890991, 0.08650557696819305, 0.06205269694328308, 0.06574136763811111, 0.050480328500270844, 0.05126592516899109, 0.046981170773506165, 0.05908167362213135, 0.07394454628229141, 0.05735423043370247, 0.055570367723703384, 0.04088718071579933, 0.03154236078262329, 0.030300529673695564, 0.02238216996192932], "accuracy": [0.6369125843048096, 0.7472222447395325, 0.8141666650772095, 0.8383333086967468, 0.8922222256660461, 0.8741666674613953, 0.9150000214576721, 0.8994444608688354, 0.9172222018241882, 0.8966666460037231, 0.9138888716697693, 0.9044444561004639, 0.8894444704055786, 0.934166669845581, 0.9255555272102356, 0.9058333039283752, 0.9150000214576721, 0.9391666650772095, 0.9352777600288391, 0.9502778053283691, 0.948888897895813, 0.95333331823349, 0.9424999952316284, 0.9280555844306946, 0.9424999952316284, 0.945555567741394, 0.9594444632530212, 0.9688888788223267, 0.9705555438995361, 0.9777777791023254], "precision": [0.5977961421012878, 0.7483258843421936, 0.8160983920097351, 0.8472064137458801, 0.897075355052948, 0.8964096307754517, 0.9234693646430969, 0.9066742062568665, 0.9158360958099365, 0.929602861404419, 0.9204288721084595, 0.943361759185791, 0.8987485766410828, 0.9499136209487915, 0.9332579374313354, 0.9138810038566589, 0.9278350472450256, 0.9355372190475464, 0.9479702711105347, 0.9407286643981934, 0.9449338912963867, 0.9620611667633057, 0.9457190632820129, 0.9302065968513489, 0.9677040576934814, 0.9572405815124512, 0.9584257006645203, 0.9699332118034363, 0.981249988079071, 0.9804469347000122], "recall": [0.7197346687316895, 0.7450000047683716, 0.8111110925674438, 0.8255555629730225, 0.8861111402511597, 0.8461111187934875, 0.9049999713897705, 0.8905555605888367, 0.9188888669013977, 0.8583333492279053, 0.9061111211776733, 0.8605555295944214, 0.8777777552604675, 0.9166666865348816, 0.9166666865348816, 0.8961111307144165, 0.8999999761581421, 0.9433333277702332, 0.9211111068725586, 0.9611111283302307, 0.95333331823349, 0.9438889026641846, 0.9388889074325562, 0.9255555272102356, 0.9155555367469788, 0.9327777624130249, 0.9605555534362793, 0.9677777886390686, 0.9594444632530212, 0.9750000238418579], "auc": [0.7136825323104858, 0.8003992438316345, 0.8659226894378662, 0.8760906457901001, 0.9272980093955994, 0.9033278226852417, 0.9463493227958679, 0.924078106880188, 0.942328929901123, 0.9214072823524475, 0.9420193433761597, 0.9279117584228516, 0.9095489382743835, 0.950446367263794, 0.9507670998573303, 0.9299628138542175, 0.9371017217636108, 0.9555656909942627, 0.9544644951820374, 0.9636279940605164, 0.9617824554443359, 0.9637097716331482, 0.9557899236679077, 0.942104697227478, 0.9583104848861694, 0.9579592943191528, 0.9695454835891724, 0.9781829118728638, 0.9795692563056946, 0.9843514561653137], "val_loss": [0.5112086534500122, 0.48684704303741455, 0.4748835563659668, 0.4859042465686798, 0.45940762758255005, 0.4656500518321991, 0.45938777923583984, 0.463370680809021, 0.4594785273075104, 0.45969563722610474, 0.45939916372299194, 0.4593883752822876, 0.45942527055740356, 0.4594104290008545, 0.45947498083114624, 0.459407240152359, 0.46392786502838135, 0.4640862047672272, 0.45909538865089417, 0.4594150185585022, 0.4592660367488861, 0.4593753218650818, 0.46957093477249146, 0.4643609821796417, 0.45937925577163696, 0.46223342418670654, 0.4634404182434082, 0.46435877680778503, 0.4593912959098816, 0.4637582302093506], "val_accuracy": [0.9473684430122375, 0.8947368264198303, 0.9330143332481384, 0.89952152967453, 0.9952152967453003, 0.9904305934906006, 0.9952152967453003, 0.980861246585846, 0.9952152967453003, 0.9952152967453003, 0.9952152967453003, 0.9952152967453003, 0.9952152967453003, 0.9952152967453003, 0.9952152967453003, 0.9952152967453003, 0.9904305934906006, 0.9904305934906006, 0.9952152967453003, 0.9952152967453003, 0.9952152967453003, 0.9952152967453003, 0.9856459498405457, 0.9904305934906006, 0.9952152967453003, 0.9904305934906006, 0.9904305934906006, 0.9904305934906006, 0.9952152967453003, 0.9904305934906006], "val_precision": [0.0, 0.27586206793785095, 0.380952388048172, 0.2857142984867096, 1.0, 1.0, 1.0, 0.7272727489471436, 1.0, 1.0, 1.0, 1.0, 1.0, 1.0, 1.0, 1.0, 1.0, 1.0, 1.0, 1.0, 1.0, 1.0, 1.0, 1.0, 1.0, 1.0, 1.0, 1.0, 1.0, 1.0], "val_recall": [0.0, 0.8888888955116272, 0.8888888955116272, 0.8888888955116272, 0.8888888955116272, 0.7777777910232544, 0.8888888955116272, 0.8888888955116272, 0.8888888955116272, 0.8888888955116272, 0.8888888955116272, 0.8888888955116272, 0.8888888955116272, 0.8888888955116272, 0.8888888955116272, 0.8888888955116272, 0.7777777910232544, 0.7777777910232544, 0.8888888955116272, 0.8888888955116272, 0.8888888955116272, 0.8888888955116272, 0.6666666865348816, 0.7777777910232544, 0.8888888955116272, 0.7777777910232544, 0.7777777910232544, 0.7777777910232544, 0.8888888955116272, 0.7777777910232544], "val_auc": [0.7061110734939575, 0.9466665983200073, 0.9241665601730347, 0.8983333110809326, 0.9444444179534912, 0.8888888955116272, 0.9444444179534912, 0.9386110901832581, 0.9444444179534912, 0.9438888430595398, 0.9444444179534912, 0.9444444179534912, 0.9444444179534912, 0.9441666007041931, 0.9444444179534912, 0.9441666007041931, 0.9994444251060486, 0.9444444179534912, 1.0, 0.9444444179534912, 1.0, 0.9444444179534912, 0.8333333730697632, 0.8888888955116272, 0.9444444179534912, 1.0, 1.0, 0.8888888955116272, 0.9444444179534912, 1.0], "f1": [0.653122651503435, 0.7466592409179788, 0.813597099401806, 0.8362408729856825, 0.891559540015041, 0.8705344321211683, 0.9141413882221205, 0.8985426025317367, 0.917359941625864, 0.8925476566067303, 0.913213880162598, 0.9000580939320042, 0.8881393920045407, 0.9329940618342205, 0.9248879117608663, 0.9049088380690511, 0.9137055693838988, 0.9394190989813012, 0.9343477025565897, 0.9508106745366087, 0.9491150219298882, 0.9528884030679887, 0.942291608505002, 0.9278752335766692, 0.940907786233286, 0.9448508588119121, 0.9594894451022126, 0.968854301423027, 0.9702247228906574, 0.9777158930672369], "val_f1": [0, 0.4210526311248954, 0.5333333414793014, 0.43243244784517465, 0.9411764743006353, 0.8750000083819031, 0.9411764743006353, 0.8000000157952307, 0.9411764743006353, 0.9411764743006353, 0.9411764743006353, 0.9411764743006353, 0.9411764743006353, 0.9411764743006353, 0.9411764743006353, 0.9411764743006353, 0.8750000083819031, 0.8750000083819031, 0.9411764743006353, 0.9411764743006353, 0.9411764743006353, 0.9411764743006353, 0.8000000143051146, 0.8750000083819031, 0.9411764743006353, 0.8750000083819031, 0.8750000083819031, 0.8750000083819031, 0.9411764743006353, 0.8750000083819031]}