{"loss": [0.44904202222824097, 0.21797844767570496, 0.1971488744020462, 0.15075889229774475, 0.14177942276000977, 0.14366276562213898, 0.13079193234443665, 0.1214434951543808, 0.10406005382537842, 0.0882645845413208, 0.07066654413938522, 0.09436091780662537, 0.08185973018407822, 0.10623502731323242, 0.10656611621379852, 0.08839737623929977, 0.08893024921417236, 0.09128953516483307, 0.059670671820640564, 0.05127996951341629, 0.042690709233284, 0.04935963451862335, 0.04633690416812897, 0.04184184968471527, 0.04713359475135803, 0.04229726269841194, 0.04488007724285126, 0.0494072325527668, 0.05447259545326233, 0.09239958971738815], "accuracy": [0.6307772994041443, 0.8019444346427917, 0.8094444274902344, 0.8516666889190674, 0.8602777719497681, 0.8586111068725586, 0.871666669845581, 0.8780555725097656, 0.897777795791626, 0.914722204208374, 0.9311110973358154, 0.9058333039283752, 0.9194444417953491, 0.8966666460037231, 0.8966666460037231, 0.9133333563804626, 0.9116666913032532, 0.9125000238418579, 0.9405555725097656, 0.9497222304344177, 0.956944465637207, 0.9522222280502319, 0.9541666507720947, 0.9591666460037231, 0.9530555605888367, 0.9583333134651184, 0.9555555582046509, 0.9513888955116272, 0.945277750492096, 0.9097222089767456], "precision": [0.5941892862319946, 0.7895578145980835, 0.7969083189964294, 0.8564189076423645, 0.8686754107475281, 0.8556473851203918, 0.8912280797958374, 0.8816601037979126, 0.8895538449287415, 0.9322524666786194, 0.9354657530784607, 0.908328652381897, 0.9389534592628479, 0.8918770551681519, 0.9200000166893005, 0.9047878384590149, 0.9507299065589905, 0.9041916131973267, 0.9366739988327026, 0.9535014033317566, 0.9566907286643982, 0.941910982131958, 0.9489291310310364, 0.9666854739189148, 0.9420053958892822, 0.9608938694000244, 0.9565701484680176, 0.9541643261909485, 0.9561753273010254, 0.9280325174331665], "recall": [0.7013274431228638, 0.8233333230018616, 0.8305555582046509, 0.8450000286102295, 0.8488888740539551, 0.8627777695655823, 0.846666693687439, 0.8733333349227905, 0.9083333611488342, 0.894444465637207, 0.926111102104187, 0.9027777910232544, 0.8972222208976746, 0.9027777910232544, 0.8688889145851135, 0.9238888621330261, 0.8683333396911621, 0.9227777719497681, 0.9449999928474426, 0.945555567741394, 0.9572222232818604, 0.9638888835906982, 0.9599999785423279, 0.9511111378669739, 0.9655555486679077, 0.9555555582046509, 0.9544444680213928, 0.9483333230018616, 0.9333333373069763, 0.8883333206176758], "auc": [0.6812790036201477, 0.8490188121795654, 0.8391205668449402, 0.8863257765769958, 0.8913607597351074, 0.882655918598175, 0.8998066186904907, 0.9147590398788452, 0.9288569092750549, 0.9448553323745728, 0.952660858631134, 0.9333255887031555, 0.9385048747062683, 0.9135116934776306, 0.9163212776184082, 0.9311801195144653, 0.9265738725662231, 0.9261208176612854, 0.9532381296157837, 0.9630118608474731, 0.9670222401618958, 0.9642906785011292, 0.9672372937202454, 0.9694938659667969, 0.9633106589317322, 0.9671040177345276, 0.9652782082557678, 0.9559301137924194, 0.9543959498405457, 0.9169585704803467], "val_loss": [0.5391212701797485, 0.6197296380996704, 0.49981558322906494, 0.4991881251335144, 0.4958992004394531, 0.4956667125225067, 0.5086616277694702, 0.5009106397628784, 0.48748335242271423, 0.4699077904224396, 0.4681275486946106, 0.4769306480884552, 0.47854745388031006, 0.4849730134010315, 0.47203704714775085, 0.4723565876483917, 0.47236329317092896, 0.4680212140083313, 0.47204717993736267, 0.4716414213180542, 0.4617626965045929, 0.46174895763397217, 0.4633947014808655, 0.46164175868034363, 0.46605634689331055, 0.4667559266090393, 0.4627789258956909, 0.46694520115852356, 0.47235947847366333, 0.46042606234550476], "val_accuracy": [0.9134615659713745, 0.5384615659713745, 0.9182692170143127, 0.8990384340286255, 0.9230769276618958, 0.9471153616905212, 0.8605769276618958, 0.8894230723381042, 0.9471153616905212, 0.9567307829856873, 0.9711538553237915, 0.9807692170143127, 0.9807692170143127, 0.9759615659713745, 0.9855769276618958, 0.9855769276618958, 0.9855769276618958, 0.9855769276618958, 0.9855769276618958, 0.9855769276618958, 0.995192289352417, 0.995192289352417, 0.995192289352417, 0.9807692170143127, 0.9903846383094788, 0.9903846383094788, 0.9903846383094788, 0.9903846383094788, 0.9855769276618958, 0.9855769276618958], "val_precision": [0.2222222238779068, 0.07692307978868484, 0.23529411852359772, 0.21739129722118378, 0.25, 0.3333333432674408, 0.1818181872367859, 0.2222222238779068, 0.3636363744735718, 0.46666666865348816, 0.5833333134651184, 1.0, 1.0, 1.0, 1.0, 1.0, 1.0, 0.8571428656578064, 1.0, 1.0, 1.0, 1.0, 1.0, 0.6666666865348816, 1.0, 1.0, 0.875, 1.0, 1.0, 0.7272727489471436], "val_recall": [0.5, 1.0, 0.5, 0.625, 0.5, 0.375, 0.75, 0.75, 0.5, 0.875, 0.875, 0.5, 0.5, 0.375, 0.625, 0.625, 0.625, 0.75, 0.625, 0.625, 0.875, 0.875, 0.875, 1.0, 0.75, 0.75, 0.875, 0.75, 0.625, 1.0], "val_auc": [0.8365625143051147, 0.7753124833106995, 0.8315625190734863, 0.8181250095367432, 0.832812488079071, 0.6668750047683716, 0.8731250166893005, 0.8278124928474426, 0.7318750023841858, 0.9862499833106995, 0.9862499237060547, 0.8115625381469727, 0.7487500309944153, 0.75, 0.875, 0.8125, 0.8125, 0.87437504529953, 0.875, 0.875, 1.0, 1.0, 1.0, 0.9925000071525574, 0.9375, 1.0, 0.9371874928474426, 0.875, 0.8125, 0.9971874952316284], "f1": [0.6433282464080616, 0.8060919228094467, 0.813384116224205, 0.8506711498745213, 0.8586681708196513, 0.8591977840358135, 0.8683760871548624, 0.8774769657024831, 0.898845523963452, 0.9129572012147639, 0.9307649234597037, 0.9055447152832167, 0.9176136217703502, 0.8972943175538673, 0.8937143071816892, 0.9142385926118773, 0.9076654993810009, 0.9133901520464922, 0.9408185754929137, 0.9495118624693923, 0.956956402174964, 0.9527732070279346, 0.9544324520585076, 0.9588350666677918, 0.9536351008561303, 0.9582172788118787, 0.9555061260147729, 0.9512398888171136, 0.9446162655894467, 0.9077490784975993], "val_f1": [0.3076923092794136, 0.14285714779885447, 0.3200000008106232, 0.32258063731530945, 0.3333333333333333, 0.3529411820391882, 0.29268293384992244, 0.3428571448277454, 0.4210526388437793, 0.6086956538640258, 0.6999999856948851, 0.6666666666666666, 0.6666666666666666, 0.5454545454545454, 0.7692307692307693, 0.7692307692307693, 0.7692307692307693, 0.8000000037087335, 0.7692307692307693, 0.7692307692307693, 0.9333333333333333, 0.9333333333333333, 0.9333333333333333, 0.8000000143051146, 0.8571428571428571, 0.8571428571428571, 0.875, 0.8571428571428571, 0.7692307692307693, 0.8421052776875586]}