{"loss": [0.4003629982471466, 0.179589182138443, 0.13386505842208862, 0.10092507302761078, 0.0949520543217659, 0.05722690001130104, 0.07432033866643906, 0.047424037009477615, 0.03736467659473419, 0.14028379321098328, 0.12897619605064392, 0.08029764890670776, 0.07973386347293854, 0.06453144550323486, 0.03692975267767906, 0.053791601210832596, 0.0432867668569088, 0.04118512198328972, 0.03731841221451759, 0.06390649825334549, 0.043598901480436325, 0.035861071199178696, 0.04256698861718178, 0.05265504866838455, 0.05960572883486748, 0.031107427552342415, 0.028743833303451538, 0.04631209373474121, 0.05074905976653099, 0.0381457656621933], "accuracy": [0.6631661653518677, 0.8236111402511597, 0.8686110973358154, 0.9002777934074402, 0.9072222113609314, 0.9447222352027893, 0.9283333420753479, 0.9547222256660461, 0.9627777934074402, 0.8663889169692993, 0.875, 0.9200000166893005, 0.9222221970558167, 0.9358333349227905, 0.9630555510520935, 0.9469444155693054, 0.9572222232818604, 0.9591666460037231, 0.9630555510520935, 0.9375, 0.956944465637207, 0.9649999737739563, 0.9577777981758118, 0.948888897895813, 0.941944420337677, 0.9691666960716248, 0.971666693687439, 0.9544444680213928, 0.949999988079071, 0.9624999761581421], "precision": [0.6144473552703857, 0.8248745203018188, 0.8837478160858154, 0.9045479893684387, 0.9241898059844971, 0.9525155425071716, 0.92643803358078, 0.9436314105987549, 0.9507575631141663, 0.8956208825111389, 0.9136029481887817, 0.9209353923797607, 0.9352806210517883, 0.9449801445007324, 0.9664241671562195, 0.9398578405380249, 0.9670828580856323, 0.9589117169380188, 0.9577155113220215, 0.9358052015304565, 0.96390300989151, 0.9609031081199646, 0.9676504135131836, 0.9585698246955872, 0.931165337562561, 0.9652892351150513, 0.9775028228759766, 0.9600675106048584, 0.9633867144584656, 0.9759863018989563], "recall": [0.780541718006134, 0.8216666579246521, 0.8488888740539551, 0.8949999809265137, 0.8872222304344177, 0.9361110925674438, 0.9305555820465088, 0.9672222137451172, 0.976111114025116, 0.8294444680213928, 0.82833331823349, 0.9188888669013977, 0.9072222113609314, 0.9255555272102356, 0.9594444632530212, 0.9549999833106995, 0.9466666579246521, 0.9594444632530212, 0.9688888788223267, 0.9394444227218628, 0.9494444727897644, 0.9694444537162781, 0.9472222328186035, 0.9383333325386047, 0.9544444680213928, 0.9733333587646484, 0.9655555486679077, 0.9483333230018616, 0.9355555772781372, 0.9483333230018616], "auc": [0.7438323497772217, 0.8702142238616943, 0.9027541875839233, 0.9411627650260925, 0.9385412335395813, 0.971078097820282, 0.9564691185951233, 0.9726422429084778, 0.9787092804908752, 0.8901731371879578, 0.8979299664497375, 0.9481112360954285, 0.9490228295326233, 0.954675018787384, 0.9771928787231445, 0.958398163318634, 0.9718450903892517, 0.9751137495040894, 0.9736840128898621, 0.947985827922821, 0.967110812664032, 0.9736319184303284, 0.9679791331291199, 0.9597240686416626, 0.95146644115448, 0.9788153171539307, 0.982103705406189, 0.9606640338897705, 0.9574540257453918, 0.9721899032592773], "val_loss": [0.49281612038612366, 0.5228143334388733, 0.4584968388080597, 0.47218719124794006, 0.4676707983016968, 0.4654940366744995, 0.4690089821815491, 0.4568384289741516, 0.46653512120246887, 0.4579858183860779, 0.4587055444717407, 0.46148988604545593, 0.4722326993942261, 0.4609958827495575, 0.45681825280189514, 0.4638524353504181, 0.466863214969635, 0.46520546078681946, 0.45673078298568726, 0.4567328095436096, 0.46661776304244995, 0.45680269598960876, 0.46684587001800537, 0.45673269033432007, 0.4567309021949768, 0.46685245633125305, 0.45673424005508423, 0.45673081278800964, 0.46151798963546753, 0.4567416310310364], "val_accuracy": [0.9134615659713745, 0.7836538553237915, 0.995192289352417, 0.9855769276618958, 0.9855769276618958, 0.9903846383094788, 0.9903846383094788, 1.0, 0.9903846383094788, 0.995192289352417, 0.9903846383094788, 0.995192289352417, 0.9855769276618958, 0.995192289352417, 1.0, 0.995192289352417, 0.9903846383094788, 0.9903846383094788, 1.0, 1.0, 0.9903846383094788, 1.0, 0.9903846383094788, 1.0, 1.0, 0.9903846383094788, 1.0, 1.0, 0.995192289352417, 1.0], "val_precision": [0.25, 0.15094339847564697, 0.8888888955116272, 1.0, 1.0, 1.0, 1.0, 1.0, 1.0, 0.8888888955116272, 0.800000011920929, 1.0, 1.0, 1.0, 1.0, 1.0, 1.0, 1.0, 1.0, 1.0, 1.0, 1.0, 1.0, 1.0, 1.0, 1.0, 1.0, 1.0, 1.0, 1.0], "val_recall": [0.625, 1.0, 1.0, 0.625, 0.625, 0.75, 0.75, 1.0, 0.75, 1.0, 1.0, 0.875, 0.625, 0.875, 1.0, 0.875, 0.75, 0.75, 1.0, 1.0, 0.75, 1.0, 0.75, 1.0, 1.0, 0.75, 1.0, 1.0, 0.875, 1.0], "val_auc": [0.82750004529953, 0.9325000047683716, 0.9965624809265137, 0.9368749856948853, 1.0, 1.0, 0.9375, 1.0, 1.0, 0.9975000023841858, 0.9975000023841858, 1.0, 0.9375, 1.0, 1.0, 1.0, 0.875, 0.9375, 1.0, 1.0, 1.0, 1.0, 0.875, 1.0, 1.0, 0.875, 1.0, 1.0, 1.0, 1.0], "f1": [0.6876065246598586, 0.8232674642654737, 0.8659676812964306, 0.8997486553239005, 0.9053287982245575, 0.9442420737104901, 0.9284922428530477, 0.9552811898212755, 0.9632675387894017, 0.8612633558653032, 0.8688811137452498, 0.9199109914159601, 0.9210377735620907, 0.9351669781807044, 0.9629216673360671, 0.9473684101587779, 0.9567658562848476, 0.9591780161210832, 0.9632697950262862, 0.9376212808813833, 0.9566191121378879, 0.965154884169671, 0.9573273575468771, 0.948343635411546, 0.9426612044739807, 0.9692946077901684, 0.9714924556965381, 0.9541643417932579, 0.949267197543984, 0.9619611221621668], "val_f1": [0.35714285714285715, 0.26229508536312407, 0.9411764743006353, 0.7692307692307693, 0.7692307692307693, 0.8571428571428571, 0.8571428571428571, 1.0, 0.8571428571428571, 0.9411764743006353, 0.888888896247487, 0.9333333333333333, 0.7692307692307693, 0.9333333333333333, 1.0, 0.9333333333333333, 0.8571428571428571, 0.8571428571428571, 1.0, 1.0, 0.8571428571428571, 1.0, 0.8571428571428571, 1.0, 1.0, 0.8571428571428571, 1.0, 1.0, 0.9333333333333333, 1.0]}