{"loss": [0.39051154255867004, 0.23280170559883118, 0.15941549837589264, 0.13808879256248474, 0.11397150903940201, 0.10604136437177658, 0.09626404941082001, 0.11952736228704453, 0.09567652642726898, 0.07240835577249527, 0.14110322296619415, 0.08730573952198029, 0.07719354331493378, 0.06564436107873917, 0.06594431400299072, 0.0594218410551548, 0.07351464778184891, 0.07464350014925003, 0.06276317685842514, 0.03638136386871338, 0.052180215716362, 0.08762089163064957, 0.08351514488458633, 0.0764855220913887, 0.057480569928884506, 0.04789212718605995, 0.037880271673202515, 0.041445884853601456, 0.07111747562885284, 0.15493036806583405], "accuracy": [0.6672794222831726, 0.7761111259460449, 0.8450000286102295, 0.8661110997200012, 0.8883333206176758, 0.8949999809265137, 0.9075000286102295, 0.8833333253860474, 0.9063888788223267, 0.9283333420753479, 0.8616666793823242, 0.9155555367469788, 0.9238888621330261, 0.9355555772781372, 0.9344444274902344, 0.9422222375869751, 0.9280555844306946, 0.9277777671813965, 0.9377777576446533, 0.964722216129303, 0.9486111402511597, 0.9138888716697693, 0.9188888669013977, 0.925000011920929, 0.9436110854148865, 0.95333331823349, 0.9627777934074402, 0.9591666460037231, 0.929722249507904, 0.852222204208374], "precision": [0.6141831874847412, 0.7718818187713623, 0.8404605388641357, 0.8800461292266846, 0.8949152827262878, 0.8928176760673523, 0.9127743244171143, 0.9136690497398376, 0.9367164373397827, 0.9236263632774353, 0.8979217410087585, 0.9468339085578918, 0.9262569546699524, 0.9355555772781372, 0.9354120492935181, 0.9388092756271362, 0.9695307612419128, 0.9365079402923584, 0.9421997666358948, 0.9583561420440674, 0.9564725756645203, 0.9413506984710693, 0.9414519667625427, 0.9317155480384827, 0.958118200302124, 0.9473684430122375, 0.9622641801834106, 0.9619899392127991, 0.9547325372695923, 0.9122236967086792], "recall": [0.8047566413879395, 0.7838888764381409, 0.8516666889190674, 0.847777783870697, 0.8799999952316284, 0.897777795791626, 0.9011111259460449, 0.846666693687439, 0.871666669845581, 0.9338889122009277, 0.8161110877990723, 0.8805555701255798, 0.9211111068725586, 0.9355555772781372, 0.9333333373069763, 0.9461110830307007, 0.8838889002799988, 0.9177777767181396, 0.9327777624130249, 0.971666693687439, 0.9399999976158142, 0.882777750492096, 0.8933333158493042, 0.9172222018241882, 0.9277777671813965, 0.9599999785423279, 0.9633333086967468, 0.9561111330986023, 0.902222216129303, 0.7794444561004639], "auc": [0.7497643828392029, 0.8430216312408447, 0.890828549861908, 0.900585412979126, 0.9207966923713684, 0.928943932056427, 0.9353911280632019, 0.9132800102233887, 0.9304958581924438, 0.9488495588302612, 0.8852969408035278, 0.9366809129714966, 0.9510864019393921, 0.9598689079284668, 0.953097939491272, 0.9572597146034241, 0.941667377948761, 0.9410009980201721, 0.9555671215057373, 0.9795012474060059, 0.9583249092102051, 0.9248472452163696, 0.9305302500724792, 0.9405789971351624, 0.9552956223487854, 0.9636806845664978, 0.9702724814414978, 0.9686154127120972, 0.9433800578117371, 0.865881621837616], "val_loss": [0.505264163017273, 0.4802555739879608, 0.48943522572517395, 0.4908340275287628, 0.4620143175125122, 0.4594075083732605, 0.45813795924186707, 0.4726387560367584, 0.46677738428115845, 0.45796746015548706, 0.4569711983203888, 0.4571806490421295, 0.46255096793174744, 0.46168774366378784, 0.4614688456058502, 0.45833250880241394, 0.45673078298568726, 0.4618125259876251, 0.46155470609664917, 0.46682724356651306, 0.4669155776500702, 0.4613170027732849, 0.4567882716655731, 0.47235897183418274, 0.46677887439727783, 0.46684539318084717, 0.46403199434280396, 0.46062198281288147, 0.45673972368240356, 0.4570988416671753], "val_accuracy": [0.875, 0.932692289352417, 0.8942307829856873, 0.875, 0.9855769276618958, 0.9903846383094788, 1.0, 0.9855769276618958, 0.9903846383094788, 0.995192289352417, 1.0, 1.0, 0.995192289352417, 0.995192289352417, 0.995192289352417, 1.0, 1.0, 0.995192289352417, 0.995192289352417, 0.9903846383094788, 0.9903846383094788, 0.995192289352417, 1.0, 0.9855769276618958, 0.9903846383094788, 0.9903846383094788, 0.995192289352417, 0.995192289352417, 1.0, 1.0], "val_precision": [0.21875, 0.3499999940395355, 0.25, 0.23529411852359772, 0.7272727489471436, 0.800000011920929, 1.0, 1.0, 1.0, 0.8888888955116272, 1.0, 1.0, 1.0, 1.0, 1.0, 1.0, 1.0, 1.0, 1.0, 1.0, 1.0, 1.0, 1.0, 1.0, 1.0, 1.0, 1.0, 0.8888888955116272, 1.0, 1.0], "val_recall": [0.875, 0.875, 0.875, 1.0, 1.0, 1.0, 1.0, 0.625, 0.75, 1.0, 1.0, 1.0, 0.875, 0.875, 0.875, 1.0, 1.0, 0.875, 0.875, 0.75, 0.75, 0.875, 1.0, 0.625, 0.75, 0.75, 0.875, 1.0, 1.0, 1.0], "val_auc": [0.9378125071525574, 0.9649999737739563, 0.9624999165534973, 0.9725000262260437, 0.9949999451637268, 0.9975000023841858, 1.0, 0.875, 0.9375, 0.9975000023841858, 1.0, 1.0, 0.9375, 0.9375, 1.0, 1.0, 1.0, 0.9375, 1.0, 0.875, 0.875, 1.0, 1.0, 0.8125, 0.9375, 0.875, 0.9375, 1.0, 1.0, 1.0], "f1": [0.6966722465600892, 0.7778390138377456, 0.8460265074030965, 0.8636106393530784, 0.8873949695648709, 0.8952908659278428, 0.906905228271687, 0.8788927411786439, 0.9030215934680168, 0.9287292880637313, 0.8550640063560337, 0.9124928012227441, 0.9236768638860784, 0.9355555772781372, 0.9343715371653467, 0.9424460364525062, 0.9247311832637675, 0.9270482616951947, 0.937465091130459, 0.9649655192417134, 0.9481647470272581, 0.9111238328559552, 0.916761667047613, 0.9244120701296316, 0.9427039241812581, 0.9536423846444694, 0.9627984476397908, 0.9590415271514758, 0.9277349423937088, 0.8406231469716275], "val_f1": [0.35, 0.49999999391789335, 0.3888888888888889, 0.3809523821012233, 0.8421052776875586, 0.888888896247487, 1.0, 0.7692307692307693, 0.8571428571428571, 0.9411764743006353, 1.0, 1.0, 0.9333333333333333, 0.9333333333333333, 0.9333333333333333, 1.0, 1.0, 0.9333333333333333, 0.9333333333333333, 0.8571428571428571, 0.8571428571428571, 0.9333333333333333, 1.0, 0.7692307692307693, 0.8571428571428571, 0.8571428571428571, 0.9333333333333333, 0.9411764743006353, 1.0, 1.0]}