{"loss": [0.6859721541404724, 0.6674091815948486, 0.35720881819725037, 0.2635435461997986, 0.23026348650455475, 0.19507339596748352, 0.12825295329093933, 0.09521449357271194, 0.09863489121198654, 0.0914105549454689, 0.06427664309740067, 0.035899341106414795, 0.03350892290472984, 0.027732184156775475, 0.024431979283690453, 0.01735873520374298, 0.025679413229227066, 0.05674198642373085, 0.021980494260787964, 0.012846972793340683, 0.01654718816280365, 0.031322985887527466, 0.01998003199696541, 0.017221421003341675, 0.017795687541365623, 0.01618831418454647, 0.02427440695464611, 0.020951543003320694, 0.005732155870646238, 0.03555230796337128], "accuracy": [0.5494880676269531, 0.6086111068725586, 0.8450000286102295, 0.8836110830307007, 0.9019444584846497, 0.9213888645172119, 0.9477777481079102, 0.9630555510520935, 0.9630555510520935, 0.9688888788223267, 0.9794444441795349, 0.9880555272102356, 0.9869444370269775, 0.9894444346427917, 0.9911110997200012, 0.9930555820465088, 0.992222249507904, 0.9791666865348816, 0.9947222471237183, 0.9963889122009277, 0.9944444298744202, 0.9894444346427917, 0.9936110973358154, 0.9944444298744202, 0.9938889145851135, 0.9961110949516296, 0.9916666746139526, 0.9905555844306946, 0.9986110925674438, 0.9897222518920898], "precision": [0.515053391456604, 0.7064414024353027, 0.8692033290863037, 0.8868347406387329, 0.8973091840744019, 0.9106659293174744, 0.9428571462631226, 0.9602429866790771, 0.9602429866790771, 0.9683684706687927, 0.974697470664978, 0.986164927482605, 0.9839867353439331, 0.9883592128753662, 0.9894795417785645, 0.9911455512046814, 0.9905869364738464, 0.9752066135406494, 0.9944475293159485, 0.9961132407188416, 0.9922566413879395, 0.9878183603286743, 0.9927898049354553, 0.9938956499099731, 0.9938889145851135, 0.996662974357605, 0.9922135472297668, 0.9900110960006714, 0.9988882541656494, 0.9889073967933655], "recall": [0.8794914484024048, 0.37166666984558105, 0.8122222423553467, 0.879444420337677, 0.9077777862548828, 0.9344444274902344, 0.95333331823349, 0.9661111235618591, 0.9661111235618591, 0.9694444537162781, 0.9844444394111633, 0.9900000095367432, 0.9900000095367432, 0.9905555844306946, 0.9927777647972107, 0.9950000047683716, 0.9938889145851135, 0.9833333492279053, 0.9950000047683716, 0.996666669845581, 0.996666669845581, 0.9911110997200012, 0.9944444298744202, 0.9950000047683716, 0.9938889145851135, 0.995555579662323, 0.9911110997200012, 0.9911110997200012, 0.9983333349227905, 0.9905555844306946], "auc": [0.6339271068572998, 0.6674365997314453, 0.9231536984443665, 0.9576106667518616, 0.9676498770713806, 0.9768344163894653, 0.9896609783172607, 0.9944130182266235, 0.9932714700698853, 0.9938638806343079, 0.9969490766525269, 0.9986504912376404, 0.9992424249649048, 0.9992603659629822, 0.9995898604393005, 0.9995161890983582, 0.999161422252655, 0.9972474575042725, 0.999354898929596, 0.9996190667152405, 0.9992859959602356, 0.998908519744873, 0.9992631077766418, 0.9992629885673523, 0.9998010993003845, 0.998738169670105, 0.9993319511413574, 0.9994833469390869, 0.9999796152114868, 0.997878909111023], "val_loss": [0.6709406971931458, 0.18202054500579834, 0.08400043100118637, 0.15100300312042236, 0.049003735184669495, 0.0401601642370224, 0.028822481632232666, 0.026012949645519257, 0.008904295042157173, 0.02806389518082142, 0.02338229864835739, 0.042474884539842606, 0.004819541238248348, 0.040834344923496246, 0.014405625872313976, 0.07880859822034836, 0.007242229767143726, 0.03464701399207115, 0.04748186096549034, 0.03493508696556091, 0.06521520763635635, 0.035369228571653366, 0.002586513292044401, 0.052922796458005905, 0.05172817036509514, 0.018513640388846397, 0.030111463740468025, 0.03930678218603134, 0.039887793362140656, 0.028277253732085228], "val_accuracy": [0.8277512192726135, 0.9473684430122375, 0.9760765433311462, 0.9234449863433838, 0.9856459498405457, 0.9856459498405457, 0.9904305934906006, 0.9904305934906006, 0.9952152967453003, 0.9856459498405457, 0.9952152967453003, 0.9904305934906006, 0.9952152967453003, 0.9904305934906006, 0.9952152967453003, 0.9904305934906006, 0.9952152967453003, 0.9904305934906006, 0.9904305934906006, 0.9904305934906006, 0.9904305934906006, 0.9904305934906006, 1.0, 0.9904305934906006, 0.9952152967453003, 0.9952152967453003, 0.9952152967453003, 0.9952152967453003, 0.9952152967453003, 0.9904305934906006], "val_precision": [0.1860465109348297, 0.375, 0.6666666865348816, 0.3478260934352875, 0.800000011920929, 0.800000011920929, 1.0, 1.0, 1.0, 1.0, 1.0, 1.0, 1.0, 1.0, 1.0, 1.0, 1.0, 1.0, 1.0, 1.0, 1.0, 1.0, 1.0, 1.0, 1.0, 1.0, 1.0, 1.0, 1.0, 1.0], "val_recall": [0.8888888955116272, 0.3333333432674408, 0.8888888955116272, 0.8888888955116272, 0.8888888955116272, 0.8888888955116272, 0.7777777910232544, 0.7777777910232544, 0.8888888955116272, 0.6666666865348816, 0.8888888955116272, 0.7777777910232544, 0.8888888955116272, 0.7777777910232544, 0.8888888955116272, 0.7777777910232544, 0.8888888955116272, 0.7777777910232544, 0.7777777910232544, 0.7777777910232544, 0.7777777910232544, 0.7777777910232544, 1.0, 0.7777777910232544, 0.8888888955116272, 0.8888888955116272, 0.8888888955116272, 0.8888888955116272, 0.8888888955116272, 0.7777777910232544], "val_auc": [0.9663888812065125, 0.9538888931274414, 0.9791667461395264, 0.9786111116409302, 0.9883332848548889, 0.9927778244018555, 0.9997222423553467, 1.0, 1.0, 1.0, 1.0, 0.9444444179534912, 1.0, 0.9444444179534912, 1.0, 0.9444444179534912, 1.0, 0.9444444179534912, 0.9444444179534912, 0.9444444179534912, 0.9444444179534912, 0.9444444179534912, 1.0, 0.9444444179534912, 0.9444444179534912, 1.0, 0.9444444179534912, 0.9444444179534912, 0.9444444179534912, 1.0], "f1": [0.6496529051049188, 0.4870768158310662, 0.8397472823110439, 0.883124119502377, 0.902513128834611, 0.9224019580359599, 0.9480662925976732, 0.9631681172439137, 0.9631681172439137, 0.9689061634692934, 0.979546708861913, 0.9880787471972253, 0.9869842134460816, 0.9894561797910522, 0.9911259093769319, 0.9930690378748741, 0.9922351784415168, 0.9792531209080588, 0.9947236903301281, 0.9963898784338356, 0.9944567664511279, 0.9894619906309137, 0.9936164285622133, 0.9944475207369505, 0.9938889145851135, 0.9961089692317313, 0.9916620170725727, 0.9905607924757959, 0.9986107174532833, 0.9897308044353968], "val_f1": [0.30769230714122925, 0.3529411820391882, 0.7619047773127652, 0.5000000077416189, 0.8421052727342643, 0.8421052727342643, 0.8750000083819031, 0.8750000083819031, 0.9411764743006353, 0.8000000143051146, 0.9411764743006353, 0.8750000083819031, 0.9411764743006353, 0.8750000083819031, 0.9411764743006353, 0.8750000083819031, 0.9411764743006353, 0.8750000083819031, 0.8750000083819031, 0.8750000083819031, 0.8750000083819031, 0.8750000083819031, 1.0, 0.8750000083819031, 0.9411764743006353, 0.9411764743006353, 0.9411764743006353, 0.9411764743006353, 0.9411764743006353, 0.8750000083819031]}