{"loss": [0.6652464270591736, 0.405104398727417, 0.21874135732650757, 0.20363633334636688, 0.14383214712142944, 0.12194015830755234, 0.06687764823436737, 0.136136993765831, 0.06984162330627441, 0.051571574062108994, 0.04105567932128906, 0.06365766376256943, 0.0472177118062973, 0.035883594304323196, 0.0212172232568264, 0.02490209974348545, 0.016159538179636, 0.023420024663209915, 0.019567130133509636, 0.01854434795677662, 0.017276013270020485, 0.03137965872883797, 0.015095405280590057, 0.012254132889211178, 0.023825861513614655, 0.041502103209495544, 0.02032257243990898, 0.020540550351142883, 0.008617017418146133, 0.009666329249739647], "accuracy": [0.5845588445663452, 0.8494444489479065, 0.9049999713897705, 0.9238888621330261, 0.940833330154419, 0.9505555629730225, 0.9750000238418579, 0.9472222328186035, 0.9741666913032532, 0.9850000143051147, 0.9852777719497681, 0.9747222065925598, 0.9822221994400024, 0.988611102104187, 0.992222249507904, 0.9897222518920898, 0.995555579662323, 0.991944432258606, 0.9936110973358154, 0.9947222471237183, 0.9950000047683716, 0.9894444346427917, 0.9958333373069763, 0.9958333373069763, 0.991944432258606, 0.9861111044883728, 0.9947222471237183, 0.9938889145851135, 0.996666669845581, 0.9963889122009277], "precision": [0.643401026725769, 0.8467475175857544, 0.9199308753013611, 0.9315611124038696, 0.9460371136665344, 0.9607954621315002, 0.9750000238418579, 0.9437706470489502, 0.9776161313056946, 0.9860801696777344, 0.9855475425720215, 0.974458634853363, 0.9849162101745605, 0.9883397817611694, 0.9916759133338928, 0.989994466304779, 0.9944567680358887, 0.9905816912651062, 0.9938855171203613, 0.9917172789573669, 0.9939024448394775, 0.9856670498847961, 0.9944598078727722, 0.9955580234527588, 0.9911258816719055, 0.9850332736968994, 0.9938990473747253, 0.9944382905960083, 0.9950166344642639, 0.9955629706382751], "recall": [0.28042036294937134, 0.8533333539962769, 0.8872222304344177, 0.9150000214576721, 0.9350000023841858, 0.9394444227218628, 0.9750000238418579, 0.9511111378669739, 0.9705555438995361, 0.9838888645172119, 0.9850000143051147, 0.9750000238418579, 0.9794444441795349, 0.9888888597488403, 0.9927777647972107, 0.9894444346427917, 0.996666669845581, 0.9933333396911621, 0.9933333396911621, 0.9977777600288391, 0.9961110949516296, 0.9933333396911621, 0.9972222447395325, 0.9961110949516296, 0.9927777647972107, 0.9872221946716309, 0.995555579662323, 0.9933333396911621, 0.9983333349227905, 0.9972222447395325], "auc": [0.6819789409637451, 0.903622567653656, 0.9707393050193787, 0.9740896821022034, 0.9871798753738403, 0.9911738634109497, 0.9970764517784119, 0.9881597757339478, 0.9963853359222412, 0.9983199834823608, 0.9985432028770447, 0.9970805048942566, 0.9982247352600098, 0.9986422657966614, 0.9997597932815552, 0.9993721842765808, 0.9995701313018799, 0.9992026090621948, 0.9991695880889893, 0.9993230700492859, 0.9995934367179871, 0.9990428686141968, 0.9993008375167847, 0.9999136924743652, 0.9989492297172546, 0.998772144317627, 0.9991744160652161, 0.9989965558052063, 0.9999539852142334, 0.9999138712882996], "val_loss": [0.5411695837974548, 0.11588012427091599, 0.07566384971141815, 0.078562892973423, 0.05476091057062149, 0.07622461020946503, 0.16257452964782715, 0.08542777597904205, 0.06351278722286224, 0.09118656814098358, 0.06146363541483879, 0.04112624749541283, 0.04532763734459877, 0.023886142298579216, 0.15823744237422943, 0.07026343047618866, 0.06486954540014267, 0.09312640875577927, 0.06538194417953491, 0.11400379240512848, 0.08425812423229218, 0.052890896797180176, 0.07901064306497574, 0.08288054168224335, 0.16253866255283356, 0.13240700960159302, 0.12447571754455566, 0.11502588540315628, 0.07232500612735748, 0.11986049264669418], "val_accuracy": [0.7692307829856873, 0.9615384340286255, 0.9807692170143127, 0.9711538553237915, 0.9807692170143127, 0.9711538553237915, 0.9711538553237915, 0.9711538553237915, 0.9759615659713745, 0.9759615659713745, 0.9759615659713745, 0.9807692170143127, 0.9759615659713745, 0.995192289352417, 0.9759615659713745, 0.9759615659713745, 0.9759615659713745, 0.9759615659713745, 0.9807692170143127, 0.9759615659713745, 0.9759615659713745, 0.9759615659713745, 0.9807692170143127, 0.9807692170143127, 0.9759615659713745, 0.9759615659713745, 0.9759615659713745, 0.9759615659713745, 0.9855769276618958, 0.9807692170143127], "val_precision": [0.11538461595773697, 0.5, 0.8333333134651184, 1.0, 1.0, 1.0, 1.0, 1.0, 1.0, 1.0, 1.0, 1.0, 1.0, 1.0, 1.0, 1.0, 1.0, 1.0, 1.0, 1.0, 1.0, 1.0, 1.0, 1.0, 1.0, 1.0, 1.0, 1.0, 1.0, 1.0], "val_recall": [0.75, 0.5, 0.625, 0.25, 0.5, 0.25, 0.25, 0.25, 0.375, 0.375, 0.375, 0.5, 0.375, 0.875, 0.375, 0.375, 0.375, 0.375, 0.5, 0.375, 0.375, 0.375, 0.5, 0.5, 0.375, 0.375, 0.375, 0.375, 0.625, 0.5], "val_auc": [0.817187488079071, 0.9356249570846558, 0.9565625190734863, 0.9812500476837158, 0.9956250190734863, 0.9934375286102295, 0.75, 0.9971874952316284, 1.0, 0.9375, 0.9996874928474426, 1.0, 0.9993749856948853, 0.9993749856948853, 0.75, 1.0, 1.0, 0.9375, 1.0, 0.9375, 1.0, 1.0, 0.9375, 0.9375, 0.75, 0.875, 0.8125, 0.9375, 0.9375, 0.875], "f1": [0.39060093531690915, 0.850027679562194, 0.9032805471100939, 0.9232063019285733, 0.9404861775304673, 0.949999992601529, 0.9750000238418579, 0.9474266744719435, 0.9740730430693731, 0.9849832983427051, 0.9852737023715882, 0.9747292541723726, 0.9821727063200941, 0.988614244515305, 0.9922265331686038, 0.9897193740544453, 0.995560492581305, 0.9919556072388843, 0.9936093516905292, 0.9947382886505782, 0.9950055442417527, 0.9894853458774623, 0.9958391105743133, 0.9958344824103014, 0.9919511355202468, 0.9861265194899442, 0.9947266238573521, 0.9938855080367517, 0.9966722253933289, 0.9963919168993189], "val_f1": [0.20000000086095598, 0.5, 0.7142857069871863, 0.4, 0.6666666666666666, 0.4, 0.4, 0.4, 0.5454545454545454, 0.5454545454545454, 0.5454545454545454, 0.6666666666666666, 0.5454545454545454, 0.9333333333333333, 0.5454545454545454, 0.5454545454545454, 0.5454545454545454, 0.5454545454545454, 0.6666666666666666, 0.5454545454545454, 0.5454545454545454, 0.5454545454545454, 0.6666666666666666, 0.6666666666666666, 0.5454545454545454, 0.5454545454545454, 0.5454545454545454, 0.5454545454545454, 0.7692307692307693, 0.6666666666666666]}