{"loss": [0.6887118816375732, 0.4933759868144989, 0.3110400140285492, 0.20388831198215485, 0.21988517045974731, 0.13316361606121063, 0.09162041544914246, 0.0748080387711525, 0.04534400999546051, 0.03000422567129135, 0.1496165692806244, 0.05734396353363991, 0.02973932772874832, 0.027159787714481354, 0.023623252287507057, 0.01934993267059326, 0.023486101999878883, 0.02327100746333599, 0.011597269214689732, 0.017823215574026108, 0.04823305457830429, 0.01755381189286709, 0.01446552760899067, 0.012048822827637196, 0.011222483590245247, 0.010987837798893452, 0.004967611748725176, 0.019338645040988922, 0.01861230470240116, 0.013016943819820881], "accuracy": [0.5409663915634155, 0.8083333373069763, 0.8744444251060486, 0.913611114025116, 0.9052777886390686, 0.9427777528762817, 0.9633333086967468, 0.9708333611488342, 0.9844444394111633, 0.9891666769981384, 0.9461110830307007, 0.9791666865348816, 0.988611102104187, 0.9913889169692993, 0.9911110997200012, 0.9944444298744202, 0.9913889169692993, 0.9913889169692993, 0.9952777624130249, 0.9941666722297668, 0.9836111068725586, 0.9941666722297668, 0.9938889145851135, 0.9961110949516296, 0.995555579662323, 0.9963889122009277, 0.9980555772781372, 0.9938889145851135, 0.9950000047683716, 0.9963889122009277], "precision": [0.5549450516700745, 0.8508217334747314, 0.8851428627967834, 0.9276278018951416, 0.9091418981552124, 0.957520067691803, 0.9669652581214905, 0.9747899174690247, 0.982300877571106, 0.989983320236206, 0.9496080875396729, 0.9805014133453369, 0.9867182970046997, 0.9911160469055176, 0.9911110997200012, 0.9922566413879395, 0.9900277256965637, 0.9916620254516602, 0.9944536685943604, 0.993892252445221, 0.9822714924812317, 0.9944413304328918, 0.9927937984466553, 0.996662974357605, 0.9950055480003357, 0.9961132407188416, 0.9983323812484741, 0.9938889145851135, 0.9933554530143738, 0.9955629706382751], "recall": [0.1675885021686554, 0.7477777600288391, 0.8605555295944214, 0.8972222208976746, 0.9005555510520935, 0.9266666769981384, 0.9594444632530212, 0.9666666388511658, 0.9866666793823242, 0.9883333444595337, 0.9422222375869751, 0.9777777791023254, 0.9905555844306946, 0.9916666746139526, 0.9911110997200012, 0.996666669845581, 0.9927777647972107, 0.9911110997200012, 0.9961110949516296, 0.9944444298744202, 0.9850000143051147, 0.9938889145851135, 0.9950000047683716, 0.995555579662323, 0.9961110949516296, 0.996666669845581, 0.9977777600288391, 0.9938889145851135, 0.996666669845581, 0.9972222447395325], "auc": [0.6013088822364807, 0.8708797693252563, 0.9406404495239258, 0.9749371409416199, 0.9705991148948669, 0.9892587065696716, 0.9948254823684692, 0.9962254762649536, 0.9979309439659119, 0.9992377161979675, 0.9854899048805237, 0.9979007840156555, 0.9992555379867554, 0.9991084337234497, 0.9994083046913147, 0.9991816878318787, 0.9994344115257263, 0.9993507862091064, 0.9999028444290161, 0.999557614326477, 0.9981274008750916, 0.9998161792755127, 0.9996112585067749, 0.9996543526649475, 0.9996519684791565, 0.9996594786643982, 0.99998939037323, 0.9995208978652954, 0.9992430806159973, 0.9998906850814819], "val_loss": [0.5235096216201782, 0.14956021308898926, 0.32459115982055664, 0.10136213153600693, 0.11815248429775238, 0.12462276220321655, 0.11693067103624344, 0.13497942686080933, 0.07231020927429199, 0.051357872784137726, 0.041367486119270325, 0.06760038435459137, 0.08966241776943207, 0.05725379288196564, 0.11036735028028488, 0.12420938163995743, 0.14515240490436554, 0.06605598330497742, 0.04850286617875099, 0.04758676886558533, 0.05833498761057854, 0.059923551976680756, 0.09557987749576569, 0.044799938797950745, 0.09830698370933533, 0.11842914670705795, 0.06368311494588852, 0.04659620299935341, 0.14885245263576508, 0.08684176206588745], "val_accuracy": [0.9425837397575378, 0.9425837397575378, 0.8851674795150757, 0.9665071964263916, 0.9521530866622925, 0.9712918400764465, 0.980861246585846, 0.9760765433311462, 0.9904305934906006, 0.9904305934906006, 0.9904305934906006, 0.9856459498405457, 0.9904305934906006, 0.9904305934906006, 0.9856459498405457, 0.9856459498405457, 0.9760765433311462, 0.9904305934906006, 0.9904305934906006, 0.9904305934906006, 0.9904305934906006, 0.9904305934906006, 0.9856459498405457, 0.9904305934906006, 0.9904305934906006, 0.980861246585846, 0.9904305934906006, 0.9904305934906006, 0.9760765433311462, 0.9904305934906006], "val_precision": [0.3636363744735718, 0.38461539149284363, 0.20000000298023224, 0.6666666865348816, 0.4545454680919647, 0.800000011920929, 1.0, 1.0, 1.0, 1.0, 1.0, 1.0, 1.0, 1.0, 1.0, 1.0, 1.0, 1.0, 1.0, 1.0, 1.0, 1.0, 1.0, 1.0, 1.0, 0.8571428656578064, 1.0, 1.0, 1.0, 1.0], "val_recall": [0.4444444477558136, 0.5555555820465088, 0.5555555820465088, 0.4444444477558136, 0.5555555820465088, 0.4444444477558136, 0.5555555820465088, 0.4444444477558136, 0.7777777910232544, 0.7777777910232544, 0.7777777910232544, 0.6666666865348816, 0.7777777910232544, 0.7777777910232544, 0.6666666865348816, 0.6666666865348816, 0.4444444477558136, 0.7777777910232544, 0.7777777910232544, 0.7777777910232544, 0.7777777910232544, 0.7777777910232544, 0.6666666865348816, 0.7777777910232544, 0.7777777910232544, 0.6666666865348816, 0.7777777910232544, 0.7777777910232544, 0.4444444477558136, 0.7777777910232544], "val_auc": [0.9605555534362793, 0.9350000023841858, 0.9294444918632507, 0.9752777814865112, 0.9649999141693115, 0.8222222328186035, 0.8872222304344177, 0.8888888955116272, 0.8888888955116272, 0.9444444179534912, 0.993055522441864, 0.9444444179534912, 0.8888888955116272, 0.9444444179534912, 0.8888888955116272, 0.8888888955116272, 0.8888888955116272, 0.8888888955116272, 0.9444444179534912, 0.9436110854148865, 0.9436110854148865, 0.9444444179534912, 0.8888888955116272, 0.9444444179534912, 0.8888888955116272, 0.8855555653572083, 0.8888888955116272, 1.0, 0.8883333802223206, 0.8883333802223206], "f1": [0.2574341620570692, 0.7959786958861158, 0.8726760457371272, 0.9121717030849725, 0.9048283550781813, 0.9418407615780234, 0.9631901799174212, 0.9707112837917977, 0.9844789383193983, 0.9891576442830843, 0.9459007451024134, 0.9791377021671721, 0.988633217213602, 0.9913912843038355, 0.9911110997200012, 0.9944567664511279, 0.9914008381725192, 0.9913864860467759, 0.9952816917522079, 0.9941682644877167, 0.9836338612213714, 0.9941650457704253, 0.9938956772988538, 0.9961089692317313, 0.9955580145542194, 0.9963898784338356, 0.9980549935876235, 0.9938889145851135, 0.9950083066473101, 0.9963919168993189], "val_f1": [0.40000000789761536, 0.4545454682151147, 0.29411765399379297, 0.5333333420753479, 0.5000000189244747, 0.5714285772065727, 0.7142857361812978, 0.6153846185588272, 0.8750000083819031, 0.8750000083819031, 0.8750000083819031, 0.8000000143051146, 0.8750000083819031, 0.8750000083819031, 0.8000000143051146, 0.8000000143051146, 0.6153846185588272, 0.8750000083819031, 0.8750000083819031, 0.8750000083819031, 0.8750000083819031, 0.8750000083819031, 0.8000000143051146, 0.8750000083819031, 0.8750000083819031, 0.7500000158324837, 0.8750000083819031, 0.8750000083819031, 0.6153846185588272, 0.8750000083819031]}