{"loss": [0.625697135925293, 0.3511991798877716, 0.22725075483322144, 0.23375439643859863, 0.15061774849891663, 0.17868587374687195, 0.1308067888021469, 0.07671044021844864, 0.09086768329143524, 0.037215299904346466, 0.050734758377075195, 0.027124088257551193, 0.0341680683195591, 0.0435015894472599, 0.03041054494678974, 0.025036755949258804, 0.011325784958899021, 0.020850975066423416, 0.018177354708313942, 0.02029694803059101, 0.013554819859564304, 0.01829875446856022, 0.050007909536361694, 0.021121427416801453, 0.018923263996839523, 0.028716539964079857, 0.010789811611175537, 0.009959191083908081, 0.016010785475373268, 0.032861560583114624], "accuracy": [0.6492517590522766, 0.8605555295944214, 0.9063888788223267, 0.9016666412353516, 0.9344444274902344, 0.9252777695655823, 0.9469444155693054, 0.972777783870697, 0.9666666388511658, 0.9847221970558167, 0.98416668176651, 0.9927777647972107, 0.9902777671813965, 0.9844444394111633, 0.9916666746139526, 0.9908333420753479, 0.9963889122009277, 0.991944432258606, 0.9933333396911621, 0.9941666722297668, 0.9952777624130249, 0.9958333373069763, 0.9825000166893005, 0.9925000071525574, 0.9958333373069763, 0.992222249507904, 0.9986110925674438, 0.9977777600288391, 0.9958333373069763, 0.988611102104187], "precision": [0.709477424621582, 0.8597561120986938, 0.9107243418693542, 0.9003322124481201, 0.929198682308197, 0.9131138920783997, 0.9422760009765625, 0.9717295169830322, 0.9635761380195618, 0.9839156866073608, 0.9833610653877258, 0.9895143508911133, 0.9878385663032532, 0.982300877571106, 0.9894911646842957, 0.9894737005233765, 0.99721759557724, 0.9922178983688354, 0.9922394752502441, 0.9933444261550903, 0.9944536685943604, 0.9950082898139954, 0.9833055138587952, 0.9922265410423279, 0.9944598078727722, 0.9916759133338928, 0.9983342289924622, 0.9977777600288391, 0.9961089491844177, 0.9905186891555786], "recall": [0.4427860677242279, 0.8616666793823242, 0.9011111259460449, 0.903333306312561, 0.9405555725097656, 0.9399999976158142, 0.9522222280502319, 0.9738888740539551, 0.9700000286102295, 0.9855555295944214, 0.9850000143051147, 0.9961110949516296, 0.9927777647972107, 0.9866666793823242, 0.9938889145851135, 0.992222249507904, 0.995555579662323, 0.9916666746139526, 0.9944444298744202, 0.9950000047683716, 0.9961110949516296, 0.996666669845581, 0.9816666841506958, 0.9927777647972107, 0.9972222447395325, 0.9927777647972107, 0.9988889098167419, 0.9977777600288391, 0.995555579662323, 0.9866666793823242], "auc": [0.7550106048583984, 0.9243659377098083, 0.9684619903564453, 0.9667714834213257, 0.9858364462852478, 0.9801832437515259, 0.989547073841095, 0.9952707290649414, 0.9943543672561646, 0.9984170794487, 0.9977924823760986, 0.9992282390594482, 0.9984003901481628, 0.9986702799797058, 0.9987356066703796, 0.9996271133422852, 0.9996435046195984, 0.9992451071739197, 0.9994673728942871, 0.9992758631706238, 0.9998812675476074, 0.9993377923965454, 0.9978904128074646, 0.9994481205940247, 0.9990006685256958, 0.9989650845527649, 0.9996767640113831, 0.9996441602706909, 0.9993330836296082, 0.9983989000320435], "val_loss": [0.1530103236436844, 0.22401753067970276, 0.05867261439561844, 0.10694435238838196, 0.07572613656520844, 0.05576426163315773, 0.04490937665104866, 0.03386975824832916, 0.05008954927325249, 0.033818624913692474, 0.0311406422406435, 0.047295935451984406, 0.10975226014852524, 0.05088220164179802, 0.04944876953959465, 0.04655548557639122, 0.04280455783009529, 0.05108571797609329, 0.04819977656006813, 0.0377935990691185, 0.04235734045505524, 0.06068358197808266, 0.07010404765605927, 0.0527317188680172, 0.05703912675380707, 0.029896799474954605, 0.056864310055971146, 0.04033135250210762, 0.030666368082165718, 0.023646270856261253], "val_accuracy": [0.9377990365028381, 0.9282296895980835, 0.980861246585846, 0.9521530866622925, 0.9760765433311462, 0.980861246585846, 0.9904305934906006, 0.9904305934906006, 0.9904305934906006, 0.9952152967453003, 0.9952152967453003, 0.9952152967453003, 0.980861246585846, 0.9952152967453003, 0.9904305934906006, 0.9904305934906006, 0.9952152967453003, 0.9952152967453003, 0.9952152967453003, 0.9952152967453003, 0.9952152967453003, 0.9856459498405457, 0.9904305934906006, 0.9952152967453003, 0.9952152967453003, 0.9952152967453003, 0.9904305934906006, 0.9952152967453003, 0.9952152967453003, 0.9952152967453003], "val_precision": [0.4000000059604645, 0.3636363744735718, 0.7272727489471436, 0.47058823704719543, 0.6666666865348816, 0.7272727489471436, 0.8888888955116272, 0.8888888955116272, 1.0, 1.0, 1.0, 1.0, 1.0, 1.0, 1.0, 1.0, 1.0, 1.0, 1.0, 1.0, 1.0, 1.0, 1.0, 1.0, 1.0, 1.0, 1.0, 1.0, 1.0, 1.0], "val_recall": [0.8888888955116272, 0.8888888955116272, 0.8888888955116272, 0.8888888955116272, 0.8888888955116272, 0.8888888955116272, 0.8888888955116272, 0.8888888955116272, 0.7777777910232544, 0.8888888955116272, 0.8888888955116272, 0.8888888955116272, 0.5555555820465088, 0.8888888955116272, 0.7777777910232544, 0.7777777910232544, 0.8888888955116272, 0.8888888955116272, 0.8888888955116272, 0.8888888955116272, 0.8888888955116272, 0.6666666865348816, 0.7777777910232544, 0.8888888955116272, 0.8888888955116272, 0.8888888955116272, 0.7777777910232544, 0.8888888955116272, 0.8888888955116272, 0.8888888955116272], "val_auc": [0.9494444131851196, 0.9702777862548828, 0.9852777123451233, 0.98416668176651, 0.9883333444595337, 0.9880555868148804, 0.93833327293396, 0.991944432258606, 0.9424999952316284, 0.9436110258102417, 0.9438888430595398, 0.9444444179534912, 0.9444444179534912, 0.9444444179534912, 0.9444444179534912, 0.9444444179534912, 0.9444444179534912, 0.9444444179534912, 0.9444444179534912, 0.9444444179534912, 0.9444444179534912, 0.9444444179534912, 0.9444444179534912, 0.9444444179534912, 0.9444444179534912, 0.9444444179534912, 0.9444444179534912, 0.9444444179534912, 0.9441666007041931, 0.9988888502120972], "f1": [0.5452688921832524, 0.8607103354933219, 0.9058922310620964, 0.9018302626412585, 0.93484263652476, 0.9263619048457911, 0.947223005374976, 0.9728079972303346, 0.9667774123180575, 0.9847349254087553, 0.9841798575138997, 0.9928017649050217, 0.9903020069415757, 0.9844789383193983, 0.9916851640678901, 0.9908460689408157, 0.9963858945411773, 0.9919422099124358, 0.9933407289593015, 0.9941715262097829, 0.9952816917522079, 0.995836789399777, 0.9824854155948696, 0.9925020763840089, 0.9958391105743133, 0.9922265331686038, 0.9986114923799545, 0.9977777600288391, 0.9958321875485193, 0.9885889319704747], "val_f1": [0.5517241448766411, 0.5161290442906359, 0.8000000157952307, 0.6153846184706547, 0.7619047773127652, 0.8000000157952307, 0.8888888955116272, 0.8888888955116272, 0.8750000083819031, 0.9411764743006353, 0.9411764743006353, 0.9411764743006353, 0.7142857361812978, 0.9411764743006353, 0.8750000083819031, 0.8750000083819031, 0.9411764743006353, 0.9411764743006353, 0.9411764743006353, 0.9411764743006353, 0.9411764743006353, 0.8000000143051146, 0.8750000083819031, 0.9411764743006353, 0.9411764743006353, 0.9411764743006353, 0.8750000083819031, 0.9411764743006353, 0.9411764743006353, 0.9411764743006353]}