{"loss": [0.6739751100540161, 0.4706340432167053, 0.2735424339771271, 0.22409267723560333, 0.2021774798631668, 0.10462862998247147, 0.058579396456480026, 0.07618656754493713, 0.06160849332809448, 0.060854919254779816, 0.040545836091041565, 0.0308391060680151, 0.018074186518788338, 0.02649543061852455, 0.015815233811736107, 0.10396663844585419, 0.04469246417284012, 0.024039344862103462, 0.017230894416570663, 0.020481159910559654, 0.036998990923166275, 0.03479870408773422, 0.021143652498722076, 0.009331650100648403, 0.008765852078795433, 0.015134353190660477, 0.005016574170440435, 0.005074349697679281, 0.008526481688022614, 0.13277260959148407], "accuracy": [0.5777310729026794, 0.8050000071525574, 0.8780555725097656, 0.9088888764381409, 0.9155555367469788, 0.9574999809265137, 0.9777777791023254, 0.9725000262260437, 0.9758333563804626, 0.9794444441795349, 0.9877777695655823, 0.9894444346427917, 0.9941666722297668, 0.9913889169692993, 0.9950000047683716, 0.9677777886390686, 0.9891666769981384, 0.9938889145851135, 0.9933333396911621, 0.9933333396911621, 0.9855555295944214, 0.988611102104187, 0.9925000071525574, 0.9975000023841858, 0.9961110949516296, 0.9961110949516296, 0.9986110925674438, 0.9983333349227905, 0.9963889122009277, 0.9541666507720947], "precision": [0.6228501200675964, 0.8119317889213562, 0.9033787846565247, 0.9314185380935669, 0.9343786239624023, 0.968696653842926, 0.9793757200241089, 0.9732888340950012, 0.9776909947395325, 0.9783813953399658, 0.9888641238212585, 0.9889011979103088, 0.993892252445221, 0.9911160469055176, 0.9944506287574768, 0.9719731211662292, 0.9905292391777039, 0.9933407306671143, 0.9933333396911621, 0.9916943311691284, 0.986095666885376, 0.9905186891555786, 0.9916805028915405, 0.9972237348556519, 0.996662974357605, 0.9955604672431946, 0.9983342289924622, 0.9977802634239197, 0.99721759557724, 0.9663434028625488], "recall": [0.28042036294937134, 0.7938888669013977, 0.846666693687439, 0.882777750492096, 0.8938888907432556, 0.945555567741394, 0.976111114025116, 0.971666693687439, 0.9738888740539551, 0.980555534362793, 0.9866666793823242, 0.9900000095367432, 0.9944444298744202, 0.9916666746139526, 0.995555579662323, 0.9633333086967468, 0.9877777695655823, 0.9944444298744202, 0.9933333396911621, 0.9950000047683716, 0.9850000143051147, 0.9866666793823242, 0.9933333396911621, 0.9977777600288391, 0.995555579662323, 0.996666669845581, 0.9988889098167419, 0.9988889098167419, 0.995555579662323, 0.9411110877990723], "auc": [0.650187611579895, 0.8631440997123718, 0.9543912410736084, 0.9688597321510315, 0.9739936590194702, 0.9930636882781982, 0.9977458119392395, 0.9958428740501404, 0.9971064925193787, 0.9969627857208252, 0.9985635876655579, 0.9991642236709595, 0.9992787837982178, 0.9990450739860535, 0.9995679259300232, 0.9921745657920837, 0.9975135326385498, 0.9987695217132568, 0.9995806813240051, 0.999505341053009, 0.9989426136016846, 0.9987819194793701, 0.9989231824874878, 0.999940037727356, 0.9999580383300781, 0.9998329877853394, 0.9999819993972778, 0.9999845623970032, 0.9999620318412781, 0.9890007972717285], "val_loss": [0.3480037450790405, 0.3431224524974823, 0.19110330939292908, 0.17756326496601105, 0.041015446186065674, 0.032814137637615204, 0.009786910377442837, 0.025526883080601692, 0.0035812684800475836, 0.04211749508976936, 0.008672063238918781, 0.05022672936320305, 0.023416724056005478, 0.015876321122050285, 0.04069715738296509, 0.01587122306227684, 0.07099195569753647, 0.060985859483480453, 0.015034518204629421, 0.12047149240970612, 0.04497697576880455, 0.021030787378549576, 0.02430684119462967, 0.04577880725264549, 0.045511599630117416, 0.08913455903530121, 0.029414692893624306, 0.08294197916984558, 0.04208682104945183, 0.024580758064985275], "val_accuracy": [0.9663461446762085, 0.879807710647583, 0.9615384340286255, 0.9759615659713745, 0.9855769276618958, 0.9855769276618958, 0.995192289352417, 0.9855769276618958, 1.0, 0.9807692170143127, 0.995192289352417, 0.9855769276618958, 0.9903846383094788, 0.9903846383094788, 0.9855769276618958, 0.995192289352417, 0.9855769276618958, 0.9855769276618958, 0.995192289352417, 0.9759615659713745, 0.9855769276618958, 0.9855769276618958, 0.9903846383094788, 0.9855769276618958, 0.9855769276618958, 0.9855769276618958, 0.9855769276618958, 0.9855769276618958, 0.9903846383094788, 0.9855769276618958], "val_precision": [0.5555555820465088, 0.2068965584039688, 0.5, 0.6666666865348816, 1.0, 1.0, 1.0, 1.0, 1.0, 1.0, 1.0, 1.0, 1.0, 1.0, 1.0, 1.0, 1.0, 1.0, 1.0, 1.0, 1.0, 1.0, 1.0, 1.0, 1.0, 1.0, 1.0, 1.0, 1.0, 1.0], "val_recall": [0.625, 0.75, 0.625, 0.75, 0.625, 0.625, 0.875, 0.625, 1.0, 0.5, 0.875, 0.625, 0.75, 0.75, 0.625, 0.875, 0.625, 0.625, 0.875, 0.375, 0.625, 0.625, 0.75, 0.625, 0.625, 0.625, 0.625, 0.625, 0.75, 0.625], "val_auc": [0.9606249928474426, 0.9384375214576721, 0.9490625262260437, 0.995312511920929, 1.0, 1.0, 1.0, 1.0, 1.0, 1.0, 1.0, 1.0, 1.0, 1.0, 1.0, 1.0, 0.9375, 0.9375, 1.0, 0.8125, 1.0, 1.0, 1.0, 1.0, 1.0, 0.9375, 1.0, 0.9375, 1.0, 1.0], "f1": [0.38672769677813984, 0.8028089632185522, 0.8741038312630487, 0.9064460852423921, 0.9136854043402171, 0.9569862363649764, 0.9777406919609242, 0.9724770874388632, 0.9757862306995652, 0.9794672583601395, 0.9877641794588478, 0.9894502986585269, 0.9941682644877167, 0.9913912843038355, 0.9950027974479168, 0.9676339295205691, 0.9891515909717024, 0.9938922738614117, 0.9933333396911621, 0.9933444178028722, 0.9855475360807086, 0.9885889319704747, 0.9925062331678159, 0.9975006705140093, 0.9961089692317313, 0.9961132614297585, 0.9986114923799545, 0.9983342788335324, 0.9963858945411773, 0.9535603554452118], "val_f1": [0.5882353089672469, 0.32432433253139187, 0.5555555555555556, 0.7058823640783763, 0.7692307692307693, 0.7692307692307693, 0.9333333333333333, 0.7692307692307693, 1.0, 0.6666666666666666, 0.9333333333333333, 0.7692307692307693, 0.8571428571428571, 0.8571428571428571, 0.7692307692307693, 0.9333333333333333, 0.7692307692307693, 0.7692307692307693, 0.9333333333333333, 0.5454545454545454, 0.7692307692307693, 0.7692307692307693, 0.8571428571428571, 0.7692307692307693, 0.7692307692307693, 0.7692307692307693, 0.7692307692307693, 0.7692307692307693, 0.8571428571428571, 0.7692307692307693]}