{"loss": [0.7055155634880066, 0.6438379287719727, 0.36879855394363403, 0.1968703418970108, 0.15482386946678162, 0.15046238899230957, 0.09647683054208755, 0.04635901004076004, 0.09757915139198303, 0.039117585867643356, 0.05679723992943764, 0.0633133053779602, 0.032060425728559494, 0.05381141975522041, 0.027639860287308693, 0.02213338576257229, 0.019833767786622047, 0.08067142963409424, 0.020161809399724007, 0.03107471391558647, 0.012864453718066216, 0.05166110023856163, 0.050717543810606, 0.00995548628270626, 0.020550621673464775, 0.014616886153817177, 0.011133215390145779, 0.009878328070044518, 0.008941927924752235, 0.014821222051978111], "accuracy": [0.5357142686843872, 0.647777795791626, 0.847777783870697, 0.918055534362793, 0.9430555701255798, 0.9405555725097656, 0.9627777934074402, 0.9816666841506958, 0.9644444584846497, 0.9858333468437195, 0.9794444441795349, 0.9750000238418579, 0.9894444346427917, 0.980555534362793, 0.9900000095367432, 0.9938889145851135, 0.992222249507904, 0.9725000262260437, 0.9938889145851135, 0.9888888597488403, 0.9975000023841858, 0.9827777743339539, 0.9827777743339539, 0.9975000023841858, 0.9947222471237183, 0.9958333373069763, 0.9958333373069763, 0.9963889122009277, 0.9975000023841858, 0.9952777624130249], "precision": [0.5065702795982361, 0.6017597317695618, 0.8691037893295288, 0.9342181086540222, 0.9508196711540222, 0.9500567317008972, 0.9690315127372742, 0.9811320900917053, 0.964961051940918, 0.9866443872451782, 0.9794444441795349, 0.9765886068344116, 0.9894444346427917, 0.9816258549690247, 0.9883720874786377, 0.9927937984466553, 0.9889624714851379, 0.9764705896377563, 0.9938889145851135, 0.9872646927833557, 0.9977765679359436, 0.9795805811882019, 0.9838529825210571, 0.9966722130775452, 0.9949972033500671, 0.9944598078727722, 0.9950082898139954, 0.9961132407188416, 0.9977765679359436, 0.9950027465820312], "recall": [0.8528761267662048, 0.8738889098167419, 0.8188889026641846, 0.8994444608688354, 0.9344444274902344, 0.9300000071525574, 0.9561111330986023, 0.9822221994400024, 0.9638888835906982, 0.9850000143051147, 0.9794444441795349, 0.9733333587646484, 0.9894444346427917, 0.9794444441795349, 0.9916666746139526, 0.9950000047683716, 0.995555579662323, 0.9683333039283752, 0.9938889145851135, 0.9905555844306946, 0.9972222447395325, 0.9861111044883728, 0.9816666841506958, 0.9983333349227905, 0.9944444298744202, 0.9972222447395325, 0.996666669845581, 0.996666669845581, 0.9972222447395325, 0.995555579662323], "auc": [0.5578870177268982, 0.7709197998046875, 0.9166462421417236, 0.9766615629196167, 0.9846355319023132, 0.9859389662742615, 0.993949830532074, 0.9982810616493225, 0.993933916091919, 0.9984077215194702, 0.9977049827575684, 0.9971723556518555, 0.999082624912262, 0.9974862337112427, 0.9994786381721497, 0.9995012879371643, 0.9995293617248535, 0.9950217604637146, 0.9994751214981079, 0.9988304376602173, 0.9999033808708191, 0.9981243014335632, 0.9983452558517456, 0.9999362230300903, 0.999277651309967, 0.999821126461029, 0.9996652603149414, 0.9999371767044067, 0.9999430179595947, 0.999591052532196], "val_loss": [0.7107749581336975, 0.10155904293060303, 0.11264625936746597, 0.04661375656723976, 0.026151569560170174, 0.03895153850317001, 0.00788498017936945, 0.009089036844670773, 0.010860628448426723, 0.028232622891664505, 0.02534504421055317, 0.011198977939784527, 0.015840351581573486, 0.013650105334818363, 0.0193647313863039, 0.029039213433861732, 0.034600500017404556, 0.013132218271493912, 0.025138409808278084, 0.01719094254076481, 0.0325532928109169, 0.014403357170522213, 0.006893705110996962, 0.04463047534227371, 0.009425854310393333, 0.03157954663038254, 0.05632675439119339, 0.017909379675984383, 0.038546524941921234, 0.030345436185598373], "val_accuracy": [0.03846153989434242, 0.9567307829856873, 0.9615384340286255, 0.9903846383094788, 0.9903846383094788, 0.9711538553237915, 1.0, 0.995192289352417, 0.995192289352417, 0.9855769276618958, 0.9855769276618958, 0.9903846383094788, 0.9855769276618958, 0.9903846383094788, 0.995192289352417, 0.9855769276618958, 0.9855769276618958, 0.995192289352417, 0.9855769276618958, 0.995192289352417, 0.9903846383094788, 0.9855769276618958, 0.995192289352417, 0.9855769276618958, 0.995192289352417, 0.9903846383094788, 0.9903846383094788, 0.995192289352417, 0.9855769276618958, 0.9903846383094788], "val_precision": [0.03846153989434242, 0.4545454680919647, 0.5, 0.875, 1.0, 1.0, 1.0, 1.0, 1.0, 1.0, 1.0, 1.0, 1.0, 1.0, 1.0, 1.0, 1.0, 1.0, 1.0, 1.0, 1.0, 1.0, 1.0, 1.0, 1.0, 1.0, 1.0, 1.0, 1.0, 1.0], "val_recall": [1.0, 0.625, 0.875, 0.875, 0.75, 0.25, 1.0, 0.875, 0.875, 0.625, 0.625, 0.75, 0.625, 0.75, 0.875, 0.625, 0.625, 0.875, 0.625, 0.875, 0.75, 0.625, 0.875, 0.625, 0.875, 0.75, 0.75, 0.875, 0.625, 0.75], "val_auc": [0.5, 0.9656250476837158, 0.9762499928474426, 0.9993749856948853, 1.0, 0.9999999403953552, 0.9999999403953552, 1.0, 0.9999999403953552, 1.0, 1.0, 1.0, 1.0, 1.0, 1.0, 1.0, 1.0, 1.0, 1.0, 1.0, 1.0, 1.0, 1.0, 1.0, 1.0, 1.0, 0.9375, 1.0, 1.0, 1.0], "f1": [0.6356141676140414, 0.7127322062281879, 0.8432494426320574, 0.9165015603616439, 0.9425609323350597, 0.9399213853684022, 0.9625279660762079, 0.9816768421362171, 0.964424669778663, 0.985821515062661, 0.9794444441795349, 0.9749582656036159, 0.9894444346427917, 0.9805339363202127, 0.9900166401139963, 0.9938956772988538, 0.9922480735253449, 0.9723849231080991, 0.9938889145851135, 0.9889074007526408, 0.997499329326613, 0.982834994815964, 0.9827586173977596, 0.997502082441744, 0.9947207398171997, 0.9958391105743133, 0.995836789399777, 0.9963898784338356, 0.997499329326613, 0.9952790863536618], "val_f1": [0.07407407673134561, 0.5263157985547242, 0.6363636363636364, 0.875, 0.8571428571428571, 0.4, 1.0, 0.9333333333333333, 0.9333333333333333, 0.7692307692307693, 0.7692307692307693, 0.8571428571428571, 0.7692307692307693, 0.8571428571428571, 0.9333333333333333, 0.7692307692307693, 0.7692307692307693, 0.9333333333333333, 0.7692307692307693, 0.9333333333333333, 0.8571428571428571, 0.7692307692307693, 0.9333333333333333, 0.7692307692307693, 0.9333333333333333, 0.8571428571428571, 0.8571428571428571, 0.9333333333333333, 0.7692307692307693, 0.8571428571428571]}