{"loss": [0.6269370913505554, 0.2907849848270416, 0.17995843291282654, 0.16104400157928467, 0.12927626073360443, 0.06980142742395401, 0.07687653601169586, 0.04554697126150131, 0.19197213649749756, 0.10209296643733978, 0.04927448183298111, 0.07677961885929108, 0.03038787469267845, 0.04250098019838333, 0.04752061516046524, 0.038004472851753235, 0.019144298508763313, 0.023784013465046883, 0.0165756493806839, 0.016035983338952065, 0.010125900618731976, 0.012911437079310417, 0.021444689482450485, 0.07210931926965714, 0.032888028770685196, 0.024795444682240486, 0.016497403383255005, 0.09576284140348434, 0.035055723041296005, 0.01839236542582512], "accuracy": [0.6596638560295105, 0.8747222423553467, 0.9255555272102356, 0.9380555748939514, 0.9483333230018616, 0.9763888716697693, 0.9686111211776733, 0.9844444394111633, 0.9308333396911621, 0.9627777934074402, 0.9825000166893005, 0.9738888740539551, 0.9891666769981384, 0.9861111044883728, 0.9833333492279053, 0.987500011920929, 0.9938889145851135, 0.9933333396911621, 0.9963889122009277, 0.9947222471237183, 0.9969444274902344, 0.9975000023841858, 0.9927777647972107, 0.9738888740539551, 0.988611102104187, 0.9925000071525574, 0.9936110973358154, 0.971666693687439, 0.9861111044883728, 0.9925000071525574], "precision": [0.6536614894866943, 0.8847689628601074, 0.9342403411865234, 0.9412422776222229, 0.9493318200111389, 0.9755962491035461, 0.9673129916191101, 0.9817679524421692, 0.9369013905525208, 0.9706214666366577, 0.9849246144294739, 0.971270740032196, 0.9883527159690857, 0.985571563243866, 0.9838709831237793, 0.9877709746360779, 0.9933407306671143, 0.9927858114242554, 0.9961132407188416, 0.9949972033500671, 0.9961175918579102, 0.9972237348556519, 0.99387526512146, 0.9749442934989929, 0.989426851272583, 0.9911357164382935, 0.9938855171203613, 0.9737723469734192, 0.98828125, 0.9938718676567078], "recall": [0.6023229956626892, 0.8616666793823242, 0.9155555367469788, 0.9344444274902344, 0.9472222328186035, 0.977222204208374, 0.9700000286102295, 0.9872221946716309, 0.9238888621330261, 0.9544444680213928, 0.9800000190734863, 0.9766666889190674, 0.9900000095367432, 0.9866666793823242, 0.9827777743339539, 0.9872221946716309, 0.9944444298744202, 0.9938889145851135, 0.996666669845581, 0.9944444298744202, 0.9977777600288391, 0.9977777600288391, 0.9916666746139526, 0.972777783870697, 0.9877777695655823, 0.9938889145851135, 0.9933333396911621, 0.9694444537162781, 0.9838888645172119, 0.9911110997200012], "auc": [0.7302708625793457, 0.948940634727478, 0.980079710483551, 0.9835634231567383, 0.9898313283920288, 0.9961438775062561, 0.9960512518882751, 0.9981076717376709, 0.977669894695282, 0.993059515953064, 0.9978614449501038, 0.995344340801239, 0.9992387890815735, 0.9978600144386292, 0.998259425163269, 0.9987939596176147, 0.9994378089904785, 0.999462366104126, 0.9990271329879761, 0.9996328353881836, 0.9999398589134216, 0.9996265769004822, 0.9992324113845825, 0.9964597225189209, 0.9990895986557007, 0.9993093013763428, 0.9998428225517273, 0.9928105473518372, 0.9990693926811218, 0.9998095035552979], "val_loss": [0.15741458535194397, 0.1254677176475525, 0.17051579058170319, 0.05796277895569801, 0.04517532140016556, 0.06178896129131317, 0.06357509642839432, 0.1378294825553894, 0.05426591634750366, 0.05899377167224884, 0.011877844110131264, 0.047127626836299896, 0.0362575501203537, 0.08471926301717758, 0.01858038455247879, 0.0638037770986557, 0.04191356524825096, 0.034883372485637665, 0.09097225219011307, 0.012973472476005554, 0.03941160440444946, 0.020777853205800056, 0.0019329215865582228, 0.06880532950162888, 0.00028701178962364793, 0.03169119730591774, 0.006282856222242117, 0.036918435245752335, 0.041518084704875946, 0.03882167860865593], "val_accuracy": [0.9182692170143127, 0.9567307829856873, 0.9278846383094788, 0.9903846383094788, 0.9903846383094788, 0.9855769276618958, 0.9855769276618958, 0.9807692170143127, 0.9855769276618958, 0.9903846383094788, 0.995192289352417, 0.9903846383094788, 0.995192289352417, 0.9807692170143127, 0.995192289352417, 0.9855769276618958, 0.9903846383094788, 0.9903846383094788, 0.9759615659713745, 0.995192289352417, 0.9903846383094788, 0.995192289352417, 1.0, 0.9759615659713745, 1.0, 0.995192289352417, 0.995192289352417, 0.9855769276618958, 0.9903846383094788, 0.9903846383094788], "val_precision": [0.20000000298023224, 0.4444444477558136, 0.3333333432674408, 1.0, 1.0, 1.0, 1.0, 1.0, 1.0, 1.0, 1.0, 1.0, 1.0, 1.0, 1.0, 1.0, 1.0, 1.0, 1.0, 1.0, 1.0, 1.0, 1.0, 1.0, 1.0, 1.0, 1.0, 1.0, 1.0, 1.0], "val_recall": [0.375, 0.5, 0.875, 0.75, 0.75, 0.625, 0.625, 0.5, 0.625, 0.75, 0.875, 0.75, 0.875, 0.5, 0.875, 0.625, 0.75, 0.75, 0.375, 0.875, 0.75, 0.875, 1.0, 0.375, 1.0, 0.875, 0.875, 0.625, 0.75, 0.75], "val_auc": [0.890625, 0.8681250810623169, 0.895312488079071, 0.9256250262260437, 0.9300000071525574, 0.9359375238418579, 0.9359375238418579, 0.9375, 0.921875, 0.9368749856948853, 1.0, 0.9371874928474426, 0.9375, 0.9375, 1.0, 0.9375, 0.9375, 0.9375, 0.9375, 1.0, 0.9375, 1.0, 1.0, 0.9375, 1.0, 0.9375, 1.0, 1.0, 1.0, 0.9375], "f1": [0.6269430094912894, 0.8730650197556864, 0.9248035712797245, 0.9378310341966937, 0.9482758531400794, 0.9764085497548384, 0.9686546466657289, 0.9844875192381694, 0.9303496279595935, 0.9624649968560438, 0.9824561456141737, 0.9739612408617576, 0.9891756769358548, 0.986118817272911, 0.9833240748857289, 0.9874965084106921, 0.9938922738614117, 0.9933370567551089, 0.9963898784338356, 0.9947207398171997, 0.9969469847941743, 0.9975006705140093, 0.9927697415199358, 0.9738598337480565, 0.9886016227132054, 0.9925104061902983, 0.9936093516905292, 0.9716035808465717, 0.9860801659335404, 0.9924895638130393], "val_f1": [0.2608695677525605, 0.47058823715031767, 0.48275863110806505, 0.8571428571428571, 0.8571428571428571, 0.7692307692307693, 0.7692307692307693, 0.6666666666666666, 0.7692307692307693, 0.8571428571428571, 0.9333333333333333, 0.8571428571428571, 0.9333333333333333, 0.6666666666666666, 0.9333333333333333, 0.7692307692307693, 0.8571428571428571, 0.8571428571428571, 0.5454545454545454, 0.9333333333333333, 0.8571428571428571, 0.9333333333333333, 1.0, 0.5454545454545454, 1.0, 0.9333333333333333, 0.9333333333333333, 0.7692307692307693, 0.8571428571428571, 0.8571428571428571]}