{"loss": [0.6383234858512878, 0.3180205225944519, 0.23868240416049957, 0.14262069761753082, 0.10977137088775635, 0.11670764535665512, 0.05352233722805977, 0.04684165120124817, 0.023857036605477333, 0.016727322712540627, 0.01995750144124031, 0.020532945170998573, 0.016139671206474304, 0.01132584922015667, 0.020106513053178787, 0.2620016932487488, 0.0665171667933464, 0.02848813310265541, 0.019197404384613037, 0.02745295688509941, 0.04205918684601784, 0.055798470973968506, 0.014173214323818684, 0.010310518555343151, 0.009181465953588486, 0.005626045633107424, 0.003503639018163085, 0.018243663012981415, 0.014763591811060905, 0.012309790588915348], "accuracy": [0.6237857937812805, 0.8763889074325562, 0.8997222185134888, 0.9433333277702332, 0.9599999785423279, 0.9544444680213928, 0.9813888669013977, 0.9844444394111633, 0.9916666746139526, 0.9944444298744202, 0.9936110973358154, 0.9941666722297668, 0.995555579662323, 0.996666669845581, 0.9930555820465088, 0.9108333587646484, 0.9763888716697693, 0.9911110997200012, 0.9947222471237183, 0.9888888597488403, 0.9838888645172119, 0.9816666841506958, 0.9952777624130249, 0.9961110949516296, 0.9969444274902344, 0.9983333349227905, 0.9983333349227905, 0.9947222471237183, 0.9961110949516296, 0.9983333349227905], "precision": [0.7107623219490051, 0.8787031769752502, 0.9127940535545349, 0.9534090757369995, 0.9620535969734192, 0.9585201740264893, 0.9843487739562988, 0.9844444394111633, 0.9905765056610107, 0.9938956499099731, 0.992243766784668, 0.993892252445221, 0.9944567680358887, 0.9961154460906982, 0.9938786625862122, 0.9223300814628601, 0.9787828326225281, 0.9894795417785645, 0.9944475293159485, 0.9872646927833557, 0.9849665760993958, 0.9800664186477661, 0.9961045980453491, 0.9950110912322998, 0.9966685175895691, 0.9972283840179443, 0.9977802634239197, 0.9944475293159485, 0.9944629073143005, 0.9988876581192017], "recall": [0.3504698872566223, 0.8733333349227905, 0.8838889002799988, 0.9322222471237183, 0.9577777981758118, 0.949999988079071, 0.9783333539962769, 0.9844444394111633, 0.9927777647972107, 0.9950000047683716, 0.9950000047683716, 0.9944444298744202, 0.996666669845581, 0.9972222447395325, 0.992222249507904, 0.8972222208976746, 0.9738888740539551, 0.9927777647972107, 0.9950000047683716, 0.9905555844306946, 0.9827777743339539, 0.9833333492279053, 0.9944444298744202, 0.9972222447395325, 0.9972222447395325, 0.9994444251060486, 0.9988889098167419, 0.9950000047683716, 0.9977777600288391, 0.9977777600288391], "auc": [0.7430970668792725, 0.9392699003219604, 0.964920699596405, 0.987168550491333, 0.9917298555374146, 0.9917615652084351, 0.9981271624565125, 0.9978870153427124, 0.999112069606781, 0.999584436416626, 0.999210000038147, 0.9988943338394165, 0.9996004104614258, 0.9999047517776489, 0.9995110034942627, 0.9593513607978821, 0.9970664381980896, 0.9991853833198547, 0.9994117617607117, 0.9996063709259033, 0.9984126687049866, 0.9977748394012451, 0.9993500113487244, 0.9999312162399292, 0.9999537467956543, 0.9997102618217468, 0.9999933838844299, 0.9993268847465515, 0.9992585182189941, 0.9994151592254639], "val_loss": [0.19937190413475037, 0.07025004923343658, 0.03472790867090225, 0.016889434307813644, 0.020094899460673332, 0.03683971241116524, 0.023420419543981552, 0.021328112110495567, 0.028265895321965218, 0.014449888840317726, 0.037482429295778275, 0.03782545030117035, 0.054788634181022644, 0.038529329001903534, 0.022283809259533882, 0.002316795289516449, 0.026748813688755035, 0.009796922095119953, 0.01643110252916813, 0.03652224689722061, 0.002752827713266015, 0.021104801446199417, 0.04230209067463875, 0.05510948225855827, 0.05055355653166771, 0.08106318861246109, 0.09118492156267166, 0.054719939827919006, 0.05261152610182762, 0.033025503158569336], "val_accuracy": [0.9230769276618958, 0.9711538553237915, 0.9855769276618958, 0.9903846383094788, 0.995192289352417, 0.9903846383094788, 0.995192289352417, 0.995192289352417, 0.995192289352417, 0.995192289352417, 0.9903846383094788, 0.9903846383094788, 0.9903846383094788, 0.9903846383094788, 0.995192289352417, 1.0, 0.9903846383094788, 0.995192289352417, 0.995192289352417, 0.9903846383094788, 1.0, 0.9903846383094788, 0.9903846383094788, 0.9903846383094788, 0.9903846383094788, 0.9903846383094788, 0.9903846383094788, 0.9903846383094788, 0.9903846383094788, 0.9903846383094788], "val_precision": [0.3333333432674408, 0.6000000238418579, 0.7777777910232544, 0.875, 0.8888888955116272, 1.0, 1.0, 1.0, 1.0, 1.0, 1.0, 1.0, 1.0, 1.0, 1.0, 1.0, 1.0, 1.0, 1.0, 1.0, 1.0, 1.0, 1.0, 1.0, 1.0, 1.0, 1.0, 1.0, 1.0, 1.0], "val_recall": [1.0, 0.75, 0.875, 0.875, 1.0, 0.75, 0.875, 0.875, 0.875, 0.875, 0.75, 0.75, 0.75, 0.75, 0.875, 1.0, 0.75, 0.875, 0.875, 0.75, 1.0, 0.75, 0.75, 0.75, 0.75, 0.75, 0.75, 0.75, 0.75, 0.75], "val_auc": [0.9356250166893005, 0.9906250238418579, 0.9950000047683716, 0.9993749856948853, 0.9993749260902405, 0.9996874928474426, 0.9990624785423279, 1.0, 1.0, 1.0, 0.9375, 0.9375, 0.9375, 0.9375, 1.0, 1.0, 1.0, 1.0, 1.0, 0.9375, 1.0, 1.0, 0.9371874928474426, 0.9375, 0.9375, 0.875, 0.875, 0.9375, 0.9375, 1.0], "f1": [0.4694557678873775, 0.8760100268957237, 0.8981089629158284, 0.9426966345290643, 0.9599109361004038, 0.9542410627657272, 0.9813318456528568, 0.9844444394111633, 0.9916759136768503, 0.9944475207369505, 0.9936199743734168, 0.9941682644877167, 0.995560492581305, 0.9966685381407246, 0.9930497653207538, 0.9096029204736416, 0.9763297205022945, 0.9911259093769319, 0.9947236903301281, 0.9889074007526408, 0.9838709578702326, 0.981697165990225, 0.9952738216487893, 0.996115440920857, 0.9969453042762472, 0.998335174806655, 0.9983342788335324, 0.9947236903301281, 0.9961175759102463, 0.9983324005912471], "val_f1": [0.5000000111758708, 0.6666666813838626, 0.8235294191895058, 0.875, 0.9411764743006353, 0.8571428571428571, 0.9333333333333333, 0.9333333333333333, 0.9333333333333333, 0.9333333333333333, 0.8571428571428571, 0.8571428571428571, 0.8571428571428571, 0.8571428571428571, 0.9333333333333333, 1.0, 0.8571428571428571, 0.9333333333333333, 0.9333333333333333, 0.8571428571428571, 1.0, 0.8571428571428571, 0.8571428571428571, 0.8571428571428571, 0.8571428571428571, 0.8571428571428571, 0.8571428571428571, 0.8571428571428571, 0.8571428571428571, 0.8571428571428571]}