{"loss": [0.6903585195541382, 0.4485338032245636, 0.24100112915039062, 0.157425194978714, 0.10707412660121918, 0.05501096695661545, 0.06068451702594757, 0.06837708503007889, 0.0407833456993103, 0.021699706092476845, 0.06466381996870041, 0.06986428052186966, 0.03259265050292015, 0.02047666907310486, 0.030479783192276955, 0.01620035618543625, 0.01841176487505436, 0.01207662932574749, 0.040007807314395905, 0.03559642657637596, 0.014255786314606667, 0.020942285656929016, 0.009978845715522766, 0.03588935732841492, 0.015696708112955093, 0.008093724958598614, 0.012340251356363297, 0.007645045407116413, 0.05152994021773338, 0.010175032541155815], "accuracy": [0.5417541861534119, 0.793055534362793, 0.8955555558204651, 0.9358333349227905, 0.9608333110809326, 0.9813888669013977, 0.9786111116409302, 0.9741666913032532, 0.9844444394111633, 0.9916666746139526, 0.9747222065925598, 0.976111114025116, 0.988611102104187, 0.9930555820465088, 0.9880555272102356, 0.9941666722297668, 0.9936110973358154, 0.9952777624130249, 0.9872221946716309, 0.9866666793823242, 0.9938889145851135, 0.9938889145851135, 0.9972222447395325, 0.9872221946716309, 0.9947222471237183, 0.9986110925674438, 0.9963889122009277, 0.9975000023841858, 0.9833333492279053, 0.9963889122009277], "precision": [0.5261845588684082, 0.8311362266540527, 0.9082568883895874, 0.9414743781089783, 0.9575289487838745, 0.9784649610519409, 0.9746556282043457, 0.9707666635513306, 0.9839067459106445, 0.9911209940910339, 0.9765755534172058, 0.9755826592445374, 0.9888827204704285, 0.9906025528907776, 0.986164927482605, 0.9911651015281677, 0.9933370351791382, 0.9950027465820312, 0.9839955568313599, 0.9872080087661743, 0.9911602139472961, 0.9927937984466553, 0.9961197376251221, 0.9845303893089294, 0.9928057789802551, 0.999443531036377, 0.9961132407188416, 0.9972237348556519, 0.9817276000976562, 0.9950138330459595], "recall": [0.35011062026023865, 0.7355555295944214, 0.8799999952316284, 0.929444432258606, 0.9644444584846497, 0.9844444394111633, 0.9827777743339539, 0.9777777791023254, 0.9850000143051147, 0.992222249507904, 0.972777783870697, 0.9766666889190674, 0.9883333444595337, 0.995555579662323, 0.9900000095367432, 0.9972222447395325, 0.9938889145851135, 0.995555579662323, 0.9905555844306946, 0.9861111044883728, 0.996666669845581, 0.9950000047683716, 0.9983333349227905, 0.9900000095367432, 0.996666669845581, 0.9977777600288391, 0.996666669845581, 0.9977777600288391, 0.9850000143051147, 0.9977777600288391], "auc": [0.5905381441116333, 0.8788541555404663, 0.964573860168457, 0.9849579930305481, 0.9924240112304688, 0.9977030754089355, 0.9969951510429382, 0.9970654249191284, 0.9989950060844421, 0.9994364380836487, 0.9974764585494995, 0.9964593052864075, 0.999052882194519, 0.9994633197784424, 0.9992186427116394, 0.9998311996459961, 0.9995087385177612, 0.9999126195907593, 0.9982207417488098, 0.9992783665657043, 0.9998371601104736, 0.9991706609725952, 0.9996362328529358, 0.998773455619812, 0.9995558261871338, 0.9996918439865112, 0.9993703961372375, 0.9996780753135681, 0.997858464717865, 0.9996610283851624], "val_loss": [0.6177553534507751, 0.1857573240995407, 0.029644029214978218, 0.012495203875005245, 0.017662227153778076, 0.01168475579470396, 0.0030204285867512226, 0.0018981467001140118, 0.00029265254852361977, 0.02660919353365898, 0.006115429103374481, 0.015248931013047695, 0.0021310807205736637, 0.016342010349035263, 0.0012772527989000082, 0.004009390715509653, 0.0039909351617097855, 0.001051916042342782, 0.043089576065540314, 0.000571214419323951, 0.0002922916319221258, 0.0007070041610859334, 0.002189087215811014, 0.0030212239362299442, 0.0010101109510287642, 2.486213452357333e-05, 6.390608905348927e-05, 0.00040895226993598044, 0.0002636396966408938, 0.0001511514710728079], "val_accuracy": [0.9615384340286255, 0.942307710647583, 0.9807692170143127, 0.995192289352417, 0.995192289352417, 0.995192289352417, 1.0, 1.0, 1.0, 0.9903846383094788, 0.995192289352417, 0.995192289352417, 1.0, 0.9903846383094788, 1.0, 1.0, 0.995192289352417, 1.0, 0.9903846383094788, 1.0, 1.0, 1.0, 1.0, 1.0, 1.0, 1.0, 1.0, 1.0, 1.0, 1.0], "val_precision": [0.5, 0.4000000059604645, 0.75, 0.8888888955116272, 0.8888888955116272, 1.0, 1.0, 1.0, 1.0, 1.0, 0.8888888955116272, 0.8888888955116272, 1.0, 1.0, 1.0, 1.0, 1.0, 1.0, 1.0, 1.0, 1.0, 1.0, 1.0, 1.0, 1.0, 1.0, 1.0, 1.0, 1.0, 1.0], "val_recall": [1.0, 1.0, 0.75, 1.0, 1.0, 0.875, 1.0, 1.0, 1.0, 0.75, 1.0, 1.0, 1.0, 0.75, 1.0, 1.0, 0.875, 1.0, 0.75, 1.0, 1.0, 1.0, 1.0, 1.0, 1.0, 1.0, 1.0, 1.0, 1.0, 1.0], "val_auc": [0.9928125143051147, 0.9856249690055847, 0.9968749284744263, 1.0, 0.9987500309944153, 1.0, 1.0, 1.0, 1.0, 1.0, 1.0, 1.0, 1.0, 1.0, 1.0, 1.0, 1.0, 1.0, 0.9375, 1.0, 1.0, 1.0, 1.0, 1.0, 1.0, 1.0, 1.0, 1.0, 1.0, 1.0], "f1": [0.4204583265195235, 0.7804302855662342, 0.8939051931212687, 0.9354207291075346, 0.960974262183657, 0.9814455927909744, 0.9786998503107301, 0.9742596078754246, 0.9844530765801031, 0.991671316062301, 0.9746729691982807, 0.9761243731160635, 0.9886079561420119, 0.9930728904152738, 0.9880787471972253, 0.9941844473197873, 0.9936128982499546, 0.9952790863536618, 0.9872646734804787, 0.9866592517604665, 0.9939058152120409, 0.9938956772988538, 0.9972253078637561, 0.9872576237619465, 0.9947324780734594, 0.998609950869212, 0.9963898784338356, 0.9975006705140093, 0.9833610847362442, 0.9963938798060178], "val_f1": [0.6666666666666666, 0.571428577510678, 0.75, 0.9411764743006353, 0.9411764743006353, 0.9333333333333333, 1.0, 1.0, 1.0, 0.8571428571428571, 0.9411764743006353, 0.9411764743006353, 1.0, 0.8571428571428571, 1.0, 1.0, 0.9333333333333333, 1.0, 0.8571428571428571, 1.0, 1.0, 1.0, 1.0, 1.0, 1.0, 1.0, 1.0, 1.0, 1.0, 1.0]}