{"loss": [0.6716976761817932, 0.5272085666656494, 0.3111586570739746, 0.24615396559238434, 0.20364002883434296, 0.17771492898464203, 0.17057469487190247, 0.09114684164524078, 0.0990043580532074, 0.046554312109947205, 0.07655484229326248, 0.04403536766767502, 0.058202870190143585, 0.06799592822790146, 0.025294508785009384, 0.028511863201856613, 0.02202882431447506, 0.03730008378624916, 0.02372494712471962, 0.013566199690103531, 0.02093769796192646, 0.03473610430955887, 0.025438480079174042, 0.022973274812102318, 0.015653904527425766, 0.022922951728105545, 0.014855794608592987, 0.012516814284026623, 0.013374429196119308, 0.02605115808546543], "accuracy": [0.5647151470184326, 0.7736111283302307, 0.866944432258606, 0.8969444632530212, 0.9163888692855835, 0.9219444394111633, 0.9319444298744202, 0.9649999737739563, 0.9616666436195374, 0.9822221994400024, 0.9694444537162781, 0.9819444417953491, 0.9775000214576721, 0.9730555415153503, 0.9902777671813965, 0.9891666769981384, 0.9938889145851135, 0.9883333444595337, 0.9908333420753479, 0.9952777624130249, 0.9902777671813965, 0.987500011920929, 0.991944432258606, 0.9925000071525574, 0.995555579662323, 0.9925000071525574, 0.995555579662323, 0.9963889122009277, 0.995555579662323, 0.9913889169692993], "precision": [0.5853107571601868, 0.7618288397789001, 0.8820127248764038, 0.9113413691520691, 0.9170840382575989, 0.9303116202354431, 0.937043309211731, 0.9675977826118469, 0.9536026120185852, 0.983834981918335, 0.9704899787902832, 0.981142520904541, 0.9777654409408569, 0.9733185172080994, 0.9894620180130005, 0.9883527159690857, 0.9949888586997986, 0.984564483165741, 0.9883913993835449, 0.9944536685943604, 0.9900055527687073, 0.9856114983558655, 0.9916712641716003, 0.9916805028915405, 0.9950055480003357, 0.9911357164382935, 0.995555579662323, 0.9961132407188416, 0.9944567680358887, 0.9900277256965637], "recall": [0.28634604811668396, 0.7961111068725586, 0.8472222089767456, 0.879444420337677, 0.9155555367469788, 0.9122222065925598, 0.926111102104187, 0.9622222185134888, 0.9705555438995361, 0.980555534362793, 0.9683333039283752, 0.9827777743339539, 0.977222204208374, 0.972777783870697, 0.9911110997200012, 0.9900000095367432, 0.9927777647972107, 0.992222249507904, 0.9933333396911621, 0.9961110949516296, 0.9905555844306946, 0.9894444346427917, 0.992222249507904, 0.9933333396911621, 0.9961110949516296, 0.9938889145851135, 0.995555579662323, 0.996666669845581, 0.996666669845581, 0.9927777647972107], "auc": [0.6486690640449524, 0.8310649394989014, 0.940879225730896, 0.9634324908256531, 0.9747692346572876, 0.9810050129890442, 0.9822425246238708, 0.994442343711853, 0.9941498041152954, 0.9986518025398254, 0.9958441853523254, 0.9988475441932678, 0.9975656867027283, 0.9969745874404907, 0.9995864033699036, 0.9992637634277344, 0.9991484880447388, 0.9988387823104858, 0.9995708465576172, 0.9993301033973694, 0.999755322933197, 0.9985231161117554, 0.9991322159767151, 0.9996441602706909, 0.9995726943016052, 0.9989111423492432, 0.999869704246521, 0.9996249079704285, 0.9996135830879211, 0.9994907379150391], "val_loss": [0.5518292188644409, 0.17776252329349518, 0.32295045256614685, 0.10515428334474564, 0.05247926339507103, 0.04591277614235878, 0.03771624341607094, 0.018656011670827866, 0.019941482692956924, 0.013589168898761272, 0.013802810572087765, 0.09005056321620941, 0.015762291848659515, 0.01401170901954174, 0.04738299921154976, 0.052603092044591904, 0.004564686678349972, 0.036828164011240005, 0.062081098556518555, 0.05925137922167778, 0.0045889089815318584, 0.01455407589673996, 0.08255298435688019, 0.024365520104765892, 0.09911581128835678, 0.03032619133591652, 0.08476316928863525, 0.0333280935883522, 0.09414850175380707, 0.04228024557232857], "val_accuracy": [0.7368420958518982, 0.9330143332481384, 0.8660287261009216, 0.9617224931716919, 0.9760765433311462, 0.9760765433311462, 0.9904305934906006, 0.9904305934906006, 0.9952152967453003, 0.9952152967453003, 0.9904305934906006, 0.9760765433311462, 0.9904305934906006, 0.9952152967453003, 0.980861246585846, 0.9856459498405457, 0.9952152967453003, 0.9856459498405457, 0.9856459498405457, 0.9856459498405457, 1.0, 0.9952152967453003, 0.980861246585846, 0.9856459498405457, 0.980861246585846, 0.9904305934906006, 0.9856459498405457, 0.9904305934906006, 0.9856459498405457, 0.9904305934906006], "val_precision": [0.140625, 0.3333333432674408, 0.22857142984867096, 0.5333333611488342, 0.8333333134651184, 0.75, 0.8888888955116272, 1.0, 1.0, 1.0, 1.0, 1.0, 1.0, 1.0, 1.0, 1.0, 1.0, 1.0, 1.0, 1.0, 1.0, 1.0, 1.0, 1.0, 1.0, 1.0, 1.0, 1.0, 1.0, 1.0], "val_recall": [1.0, 0.5555555820465088, 0.8888888955116272, 0.8888888955116272, 0.5555555820465088, 0.6666666865348816, 0.8888888955116272, 0.7777777910232544, 0.8888888955116272, 0.8888888955116272, 0.7777777910232544, 0.4444444477558136, 0.7777777910232544, 0.8888888955116272, 0.5555555820465088, 0.6666666865348816, 0.8888888955116272, 0.6666666865348816, 0.6666666865348816, 0.6666666865348816, 1.0, 0.8888888955116272, 0.5555555820465088, 0.6666666865348816, 0.5555555820465088, 0.7777777910232544, 0.6666666865348816, 0.7777777910232544, 0.6666666865348816, 0.7777777910232544], "val_auc": [0.8438888788223267, 0.9483333230018616, 0.9725000262260437, 0.9850000143051147, 0.9905555248260498, 0.9941666126251221, 0.9944443702697754, 1.0, 1.0, 1.0, 0.9999999403953552, 0.9444444179534912, 1.0, 1.0, 1.0, 1.0, 1.0, 1.0, 1.0, 0.9444444179534912, 1.0, 1.0, 0.9444444179534912, 1.0, 0.8333333730697632, 1.0, 0.9444444179534912, 1.0, 0.8333333730697632, 0.9444444179534912], "f1": [0.3845582830728135, 0.7785927848982784, 0.8642674913469502, 0.8951088252180656, 0.9163191500837533, 0.9211781153465851, 0.9315451328593986, 0.9649025136754559, 0.9620043954547987, 0.9821925207072022, 0.9694104418569038, 0.9819594668243636, 0.9774937470994205, 0.9730480754165634, 0.9902858723302523, 0.9891756769358548, 0.9938820819924085, 0.9883785338350706, 0.9908562075377775, 0.9952816917522079, 0.990280492223662, 0.9875242472627404, 0.9919466803273692, 0.9925062331678159, 0.9955580145542194, 0.9925104061902983, 0.995555579662323, 0.9963898784338356, 0.995560492581305, 0.9914008381725192], "val_f1": [0.2465753424657534, 0.41666668187826866, 0.363636365806884, 0.6666666902601716, 0.6666666793823234, 0.7058823640783763, 0.8888888955116272, 0.8750000083819031, 0.9411764743006353, 0.9411764743006353, 0.8750000083819031, 0.6153846185588272, 0.8750000083819031, 0.9411764743006353, 0.7142857361812978, 0.8000000143051146, 0.9411764743006353, 0.8000000143051146, 0.8000000143051146, 0.8000000143051146, 1.0, 0.9411764743006353, 0.7142857361812978, 0.8000000143051146, 0.7142857361812978, 0.8750000083819031, 0.8000000143051146, 0.8750000083819031, 0.8000000143051146, 0.8750000083819031]}