{"loss": [0.6436416506767273, 0.4334682822227478, 0.30354759097099304, 0.18927133083343506, 0.14962045848369598, 0.1089281290769577, 0.1125008836388588, 0.07140935957431793, 0.09751573204994202, 0.07420417666435242, 0.12278348207473755, 0.07222244143486023, 0.03798637539148331, 0.057091597467660904, 0.04572313278913498, 0.05850747600197792, 0.023714285343885422, 0.058741241693496704, 0.06220639497041702, 0.04238133877515793, 0.024733010679483414, 0.03885475918650627, 0.02504502423107624, 0.027408335357904434, 0.061514075845479965, 0.030172526836395264, 0.023166598752141, 0.03009781241416931, 0.04131510853767395, 0.0676584467291832], "accuracy": [0.6316618323326111, 0.8052777647972107, 0.8708333373069763, 0.92166668176651, 0.9402777552604675, 0.961388885974884, 0.9586111307144165, 0.9738888740539551, 0.9644444584846497, 0.9722222089767456, 0.9538888931274414, 0.9730555415153503, 0.9852777719497681, 0.9830555319786072, 0.9825000166893005, 0.9780555367469788, 0.9916666746139526, 0.9797222018241882, 0.9755555391311646, 0.9855555295944214, 0.9900000095367432, 0.9847221970558167, 0.9905555844306946, 0.9913889169692993, 0.9786111116409302, 0.9905555844306946, 0.992222249507904, 0.9927777647972107, 0.9883333444595337, 0.9741666913032532], "precision": [0.5982574820518494, 0.8127490282058716, 0.8834003210067749, 0.9307605028152466, 0.9449747204780579, 0.9611327052116394, 0.9533223509788513, 0.9738888740539551, 0.9629014134407043, 0.9711751937866211, 0.9605411291122437, 0.9764969348907471, 0.9844703078269958, 0.9838619828224182, 0.981697142124176, 0.9783213138580322, 0.9911209940910339, 0.9762824177742004, 0.9787471890449524, 0.9866369962692261, 0.9905450344085693, 0.9855314493179321, 0.9905555844306946, 0.9900277256965637, 0.9778147339820862, 0.9883849620819092, 0.9905869364738464, 0.991685152053833, 0.9867109656333923, 0.975487470626831], "recall": [0.6832504272460938, 0.7933333516120911, 0.8544444441795349, 0.9111111164093018, 0.9350000023841858, 0.9616666436195374, 0.9644444584846497, 0.9738888740539551, 0.9661111235618591, 0.9733333587646484, 0.9466666579246521, 0.9694444537162781, 0.9861111044883728, 0.9822221994400024, 0.9833333492279053, 0.9777777791023254, 0.992222249507904, 0.9833333492279053, 0.9722222089767456, 0.9844444394111633, 0.9894444346427917, 0.9838888645172119, 0.9905555844306946, 0.9927777647972107, 0.9794444441795349, 0.9927777647972107, 0.9938889145851135, 0.9938889145851135, 0.9900000095367432, 0.972777783870697], "auc": [0.7082436680793762, 0.8809836506843567, 0.9443327188491821, 0.9787408709526062, 0.9857398271560669, 0.9920998811721802, 0.9919400215148926, 0.9966142773628235, 0.9937352538108826, 0.9967620968818665, 0.9903604984283447, 0.9966177344322205, 0.9988877773284912, 0.9971116185188293, 0.9984646439552307, 0.9973614811897278, 0.999649167060852, 0.997658908367157, 0.997653603553772, 0.9986225962638855, 0.9996495246887207, 0.998907744884491, 0.9995691776275635, 0.9990524053573608, 0.9965900778770447, 0.9991792440414429, 0.9988627433776855, 0.9990213513374329, 0.99852454662323, 0.9969124794006348], "val_loss": [0.48494279384613037, 0.2417472004890442, 0.04311491549015045, 0.0046355510130524635, 0.0053106346167624, 0.008743689395487309, 0.013061224482953548, 0.0031259367242455482, 0.02331688068807125, 0.020286109298467636, 0.007707744371145964, 0.024165531620383263, 0.007301524747163057, 0.0114701297134161, 0.017160553485155106, 0.012859785929322243, 0.014651233330368996, 0.014665255323052406, 0.011016473174095154, 0.0041729724034667015, 0.007780204992741346, 0.01726214773952961, 0.027055727317929268, 0.015182062052190304, 0.004423977807164192, 0.004319129046052694, 0.05346359312534332, 0.01311168447136879, 0.02478089928627014, 0.001278071547858417], "val_accuracy": [0.7980769276618958, 0.9134615659713745, 1.0, 1.0, 1.0, 1.0, 0.9903846383094788, 1.0, 0.9903846383094788, 0.9903846383094788, 0.995192289352417, 0.9903846383094788, 0.995192289352417, 0.9903846383094788, 0.9903846383094788, 0.9903846383094788, 0.995192289352417, 0.9903846383094788, 0.995192289352417, 1.0, 0.995192289352417, 0.9903846383094788, 0.9903846383094788, 0.995192289352417, 1.0, 0.995192289352417, 0.9903846383094788, 0.9903846383094788, 0.9903846383094788, 1.0], "val_precision": [0.1304347813129425, 0.3076923191547394, 1.0, 1.0, 1.0, 1.0, 1.0, 1.0, 1.0, 1.0, 1.0, 1.0, 1.0, 1.0, 1.0, 1.0, 1.0, 1.0, 1.0, 1.0, 1.0, 1.0, 1.0, 1.0, 1.0, 1.0, 1.0, 1.0, 1.0, 1.0], "val_recall": [0.75, 1.0, 1.0, 1.0, 1.0, 1.0, 0.75, 1.0, 0.75, 0.75, 0.875, 0.75, 0.875, 0.75, 0.75, 0.75, 0.875, 0.75, 0.875, 1.0, 0.875, 0.75, 0.75, 0.875, 1.0, 0.875, 0.75, 0.75, 0.75, 1.0], "val_auc": [0.9118750095367432, 0.9859375357627869, 0.9999999403953552, 0.9999999403953552, 0.9999999403953552, 1.0, 1.0, 1.0, 1.0, 1.0, 1.0, 1.0, 1.0, 1.0, 1.0, 1.0, 1.0, 1.0, 1.0, 1.0, 1.0, 1.0, 1.0, 1.0, 1.0, 1.0, 0.9375, 1.0, 1.0, 1.0], "f1": [0.6379354778060353, 0.8029238333828369, 0.8686811519551743, 0.9208309981851095, 0.9399608996388854, 0.9613996002814299, 0.9588511533457217, 0.9738888740539551, 0.9645035981611818, 0.9722530786269882, 0.9535534268225683, 0.9729579145016626, 0.9852900230563247, 0.983041407312693, 0.9825145644719326, 0.9780494709650805, 0.991671316062301, 0.9797951984545243, 0.9754737876749424, 0.9855394983813005, 0.989994428635204, 0.9847094719229041, 0.9905555844306946, 0.9914008381725192, 0.9786289105924025, 0.9905764933914226, 0.9922351784415168, 0.9927858103559546, 0.9883527512695582, 0.9741307429051668], "val_f1": [0.2222222203416916, 0.4705882487000065, 1.0, 1.0, 1.0, 1.0, 0.8571428571428571, 1.0, 0.8571428571428571, 0.8571428571428571, 0.9333333333333333, 0.8571428571428571, 0.9333333333333333, 0.8571428571428571, 0.8571428571428571, 0.8571428571428571, 0.9333333333333333, 0.8571428571428571, 0.9333333333333333, 1.0, 0.9333333333333333, 0.8571428571428571, 0.8571428571428571, 0.9333333333333333, 1.0, 0.9333333333333333, 0.8571428571428571, 0.8571428571428571, 0.8571428571428571, 1.0]}