{"loss": [0.5850807428359985, 0.373599112033844, 0.2910047471523285, 0.23062671720981598, 0.16171348094940186, 0.1196301281452179, 0.1023537665605545, 0.10716957598924637, 0.11998005956411362, 0.07953184098005295, 0.05542302504181862, 0.049168795347213745, 0.04559057205915451, 0.1357104778289795, 0.08321649581193924, 0.059265125542879105, 0.041926272213459015, 0.046759385615587234, 0.05034162849187851, 0.04762054979801178, 0.04229968041181564, 0.030605105683207512, 0.03890930488705635, 0.03642946481704712, 0.01928289793431759, 0.023775817826390266, 0.020876450464129448, 0.04579002410173416, 0.0547465942800045, 0.02648787386715412], "accuracy": [0.6840861439704895, 0.8427777886390686, 0.8797222375869751, 0.9027777910232544, 0.9344444274902344, 0.9541666507720947, 0.960277795791626, 0.9605555534362793, 0.948888897895813, 0.971666693687439, 0.9786111116409302, 0.9827777743339539, 0.9825000166893005, 0.95333331823349, 0.9705555438995361, 0.9797222018241882, 0.9844444394111633, 0.98416668176651, 0.9816666841506958, 0.9844444394111633, 0.9863888621330261, 0.9897222518920898, 0.9847221970558167, 0.9883333444595337, 0.992222249507904, 0.991944432258606, 0.9927777647972107, 0.9833333492279053, 0.980555534362793, 0.9911110997200012], "precision": [0.6490882039070129, 0.8655213117599487, 0.9004100561141968, 0.9264705777168274, 0.9551804661750793, 0.9574705958366394, 0.9646663069725037, 0.9626116156578064, 0.9585698246955872, 0.972191333770752, 0.9783453345298767, 0.9817073345184326, 0.982768177986145, 0.9553571343421936, 0.97265625, 0.9805231094360352, 0.9860646724700928, 0.9844357967376709, 0.9816666841506958, 0.9828349947929382, 0.9839690327644348, 0.9921831488609314, 0.9828444719314575, 0.9856353402137756, 0.9911308288574219, 0.9905816912651062, 0.991685152053833, 0.9854910969734192, 0.9789590239524841, 0.9922049045562744], "recall": [0.7284291982650757, 0.8116666674613953, 0.8538888692855835, 0.875, 0.9116666913032532, 0.9505555629730225, 0.9555555582046509, 0.9583333134651184, 0.9383333325386047, 0.9711111187934875, 0.9788888692855835, 0.9838888645172119, 0.9822221994400024, 0.9511111378669739, 0.9683333039283752, 0.9788888692855835, 0.9827777743339539, 0.9838888645172119, 0.9816666841506958, 0.9861111044883728, 0.9888888597488403, 0.9872221946716309, 0.9866666793823242, 0.9911110997200012, 0.9933333396911621, 0.9933333396911621, 0.9938889145851135, 0.9811111092567444, 0.9822221994400024, 0.9900000095367432], "auc": [0.7774657011032104, 0.9145843982696533, 0.9481539726257324, 0.9676777720451355, 0.9848195910453796, 0.9908524751663208, 0.9930143356323242, 0.9926676750183105, 0.9916046261787415, 0.9955081343650818, 0.9981650710105896, 0.9975199699401855, 0.998500645160675, 0.9880784153938293, 0.9958760738372803, 0.9973897933959961, 0.9984659552574158, 0.997923731803894, 0.9982672333717346, 0.9979270100593567, 0.9985187649726868, 0.9991930723190308, 0.9988594055175781, 0.9987053275108337, 0.9995075464248657, 0.9989091157913208, 0.9994536638259888, 0.9983087182044983, 0.9980822205543518, 0.9994538426399231], "val_loss": [0.2425963431596756, 0.41174399852752686, 0.35113462805747986, 0.12443247437477112, 0.04678596556186676, 0.026966381818056107, 0.0216961782425642, 0.0239927489310503, 0.029172437265515327, 0.035662535578012466, 0.027702344581484795, 0.013065185397863388, 0.01709846965968609, 0.037516333162784576, 0.018569745123386383, 0.018013855442404747, 0.039733029901981354, 0.04826847463846207, 0.03067777492105961, 0.011687560938298702, 0.015479878522455692, 0.005478966049849987, 0.03774312511086464, 0.020791226997971535, 0.028686819598078728, 0.02256646379828453, 0.04209207743406296, 0.0030039639677852392, 0.013674593530595303, 0.026472240686416626], "val_accuracy": [0.9186602830886841, 0.8277512192726135, 0.8947368264198303, 0.9665071964263916, 0.9760765433311462, 0.980861246585846, 0.9856459498405457, 0.9856459498405457, 0.9856459498405457, 0.9856459498405457, 0.9904305934906006, 0.9904305934906006, 0.9904305934906006, 0.9952152967453003, 0.9904305934906006, 0.9904305934906006, 0.9904305934906006, 0.9856459498405457, 0.9904305934906006, 0.9904305934906006, 0.9952152967453003, 0.9952152967453003, 0.9904305934906006, 0.9904305934906006, 0.9904305934906006, 0.9904305934906006, 0.9904305934906006, 1.0, 0.9952152967453003, 0.9904305934906006], "val_precision": [0.2777777910232544, 0.13513512909412384, 0.25925925374031067, 0.5714285969734192, 0.6428571343421936, 0.8571428656578064, 1.0, 1.0, 1.0, 1.0, 1.0, 1.0, 1.0, 0.8999999761581421, 1.0, 1.0, 1.0, 1.0, 1.0, 1.0, 1.0, 1.0, 1.0, 1.0, 1.0, 1.0, 1.0, 1.0, 1.0, 1.0], "val_recall": [0.5555555820465088, 0.5555555820465088, 0.7777777910232544, 0.8888888955116272, 1.0, 0.6666666865348816, 0.6666666865348816, 0.6666666865348816, 0.6666666865348816, 0.6666666865348816, 0.7777777910232544, 0.7777777910232544, 0.7777777910232544, 1.0, 0.7777777910232544, 0.7777777910232544, 0.7777777910232544, 0.6666666865348816, 0.7777777910232544, 0.7777777910232544, 0.8888888955116272, 0.8888888955116272, 0.7777777910232544, 0.7777777910232544, 0.7777777910232544, 0.7777777910232544, 0.7777777910232544, 1.0, 0.8888888955116272, 0.7777777910232544], "val_auc": [0.8975000381469727, 0.875, 0.9416666626930237, 0.9894444346427917, 0.9977777600288391, 0.997499942779541, 0.9999999403953552, 0.9999999403953552, 0.9994444251060486, 1.0, 1.0, 1.0, 1.0, 0.9988888502120972, 1.0, 1.0, 1.0, 1.0, 1.0, 1.0, 1.0, 1.0, 1.0, 1.0, 1.0, 1.0, 0.9444444179534912, 1.0, 1.0, 1.0], "f1": [0.6864737958733043, 0.8377293510762752, 0.8765326291623989, 0.899999995037001, 0.9329164540407111, 0.9540005487381825, 0.9600893190071947, 0.9604677002734876, 0.948343635411546, 0.9716509260549483, 0.9786170264364272, 0.9827968889250418, 0.9824951128621748, 0.9532294078627529, 0.970489962960243, 0.9797053078449008, 0.9844184797341958, 0.9841622546402682, 0.9816666841506958, 0.9844703240975996, 0.986422811831637, 0.9896964549834103, 0.9847518668000541, 0.9883656358019282, 0.9922308620164025, 0.9919556072388843, 0.9927858103559546, 0.9832962255927395, 0.980587896925641, 0.991101230744926], "val_f1": [0.37037038803100586, 0.21739129855918946, 0.3888888843357562, 0.6956521948704419, 0.7826086893424195, 0.7500000158324837, 0.8000000143051146, 0.8000000143051146, 0.8000000143051146, 0.8000000143051146, 0.8750000083819031, 0.8750000083819031, 0.8750000083819031, 0.9473684078438459, 0.8750000083819031, 0.8750000083819031, 0.8750000083819031, 0.8000000143051146, 0.8750000083819031, 0.8750000083819031, 0.9411764743006353, 0.9411764743006353, 0.8750000083819031, 0.8750000083819031, 0.8750000083819031, 0.8750000083819031, 0.8750000083819031, 1.0, 0.9411764743006353, 0.8750000083819031]}