{"loss": [0.6304157376289368, 0.40893101692199707, 0.2678026258945465, 0.1436215490102768, 0.11650235205888748, 0.09500093013048172, 0.07033681124448776, 0.05616363510489464, 0.04006104916334152, 0.08470449596643448, 0.1092112585902214, 0.06531868129968643, 0.03983592987060547, 0.032321747392416, 0.03105713613331318, 0.04436377063393593, 0.0461304634809494, 0.04419770836830139, 0.03109905682504177, 0.03488577529788017, 0.019095594063401222, 0.020247535780072212, 0.03174612298607826, 0.06332669407129288, 0.024719078093767166, 0.016868388280272484, 0.02870238572359085, 0.018697703257203102, 0.03933330625295639, 0.05017644912004471], "accuracy": [0.6377002000808716, 0.8166666626930237, 0.8883333206176758, 0.9411110877990723, 0.95333331823349, 0.9627777934074402, 0.9750000238418579, 0.9813888669013977, 0.9850000143051147, 0.9702777862548828, 0.9561111330986023, 0.976111114025116, 0.9880555272102356, 0.9902777671813965, 0.9902777671813965, 0.98416668176651, 0.9816666841506958, 0.98416668176651, 0.9877777695655823, 0.9883333444595337, 0.9927777647972107, 0.992222249507904, 0.9883333444595337, 0.9752777814865112, 0.9925000071525574, 0.9950000047683716, 0.9900000095367432, 0.9938889145851135, 0.9847221970558167, 0.980555534362793], "precision": [0.6363636255264282, 0.8234960436820984, 0.9031141996383667, 0.9425864219665527, 0.9579124450683594, 0.9643255472183228, 0.9723756909370422, 0.9774104952812195, 0.9807268977165222, 0.967421293258667, 0.9622747898101807, 0.9771714806556702, 0.9872434735298157, 0.9883785247802734, 0.9894620180130005, 0.9801653027534485, 0.9832776188850403, 0.9822911024093628, 0.9866962432861328, 0.987250566482544, 0.9922308325767517, 0.9905869364738464, 0.9856353402137756, 0.9718698263168335, 0.9927737712860107, 0.9939024448394775, 0.9905450344085693, 0.9911602139472961, 0.9860724210739136, 0.9810901284217834], "recall": [0.5533443689346313, 0.8061110973358154, 0.8700000047683716, 0.9394444227218628, 0.9483333230018616, 0.9611111283302307, 0.9777777791023254, 0.9855555295944214, 0.9894444346427917, 0.9733333587646484, 0.9494444727897644, 0.9750000238418579, 0.9888888597488403, 0.992222249507904, 0.9911110997200012, 0.9883333444595337, 0.9800000190734863, 0.9861111044883728, 0.9888888597488403, 0.9894444346427917, 0.9933333396911621, 0.9938889145851135, 0.9911110997200012, 0.9788888692855835, 0.992222249507904, 0.9961110949516296, 0.9894444346427917, 0.996666669845581, 0.9833333492279053, 0.9800000190734863], "auc": [0.7160239219665527, 0.8957791328430176, 0.9565333724021912, 0.9874194860458374, 0.9919657707214355, 0.9943320155143738, 0.9963193535804749, 0.9978834986686707, 0.9987215399742126, 0.9948998689651489, 0.9927412867546082, 0.996839702129364, 0.9988377094268799, 0.9987754225730896, 0.998887836933136, 0.9978915452957153, 0.9984548687934875, 0.9987679123878479, 0.9990825057029724, 0.9986807107925415, 0.9997588992118835, 0.9997415542602539, 0.9990625381469727, 0.9974393844604492, 0.9993022680282593, 0.9995368123054504, 0.9989519119262695, 0.9995274543762207, 0.9986026287078857, 0.9983620047569275], "val_loss": [0.31153836846351624, 0.17749625444412231, 0.07463650405406952, 0.02568928897380829, 0.007727122399955988, 0.007436590734869242, 0.0037907049991190434, 0.007992732338607311, 0.0078010703437030315, 0.01573655754327774, 0.004905885085463524, 0.004598586820065975, 0.01050324086099863, 0.01606084778904915, 0.005818892270326614, 0.00991626176983118, 0.008796109817922115, 0.014835351146757603, 0.027720728889107704, 0.014126922935247421, 0.0022198741789907217, 0.025856846943497658, 0.03958733752369881, 0.003785580862313509, 0.012316900305449963, 0.04906388372182846, 0.02498701587319374, 0.025652388110756874, 0.013613143935799599, 0.006025770679116249], "val_accuracy": [0.8755980730056763, 0.9330143332481384, 0.980861246585846, 0.9904305934906006, 0.9952152967453003, 0.9952152967453003, 1.0, 0.9952152967453003, 0.9952152967453003, 0.9904305934906006, 1.0, 0.9952152967453003, 0.9952152967453003, 0.9904305934906006, 0.9952152967453003, 0.9904305934906006, 0.9952152967453003, 0.9904305934906006, 0.9904305934906006, 0.9952152967453003, 1.0, 0.9904305934906006, 0.9904305934906006, 1.0, 0.9952152967453003, 0.9904305934906006, 0.9904305934906006, 0.9904305934906006, 0.9952152967453003, 0.9952152967453003], "val_precision": [0.24242424964904785, 0.380952388048172, 0.7272727489471436, 1.0, 0.8999999761581421, 1.0, 1.0, 1.0, 1.0, 1.0, 1.0, 1.0, 1.0, 1.0, 1.0, 1.0, 1.0, 1.0, 1.0, 1.0, 1.0, 1.0, 1.0, 1.0, 1.0, 1.0, 1.0, 1.0, 1.0, 1.0], "val_recall": [0.8888888955116272, 0.8888888955116272, 0.8888888955116272, 0.7777777910232544, 1.0, 0.8888888955116272, 1.0, 0.8888888955116272, 0.8888888955116272, 0.7777777910232544, 1.0, 0.8888888955116272, 0.8888888955116272, 0.7777777910232544, 0.8888888955116272, 0.7777777910232544, 0.8888888955116272, 0.7777777910232544, 0.7777777910232544, 0.8888888955116272, 1.0, 0.7777777910232544, 0.7777777910232544, 1.0, 0.8888888955116272, 0.7777777910232544, 0.7777777910232544, 0.7777777910232544, 0.8888888955116272, 0.8888888955116272], "val_auc": [0.9336111545562744, 0.9783333539962769, 0.987500011920929, 0.9994443655014038, 0.9999999403953552, 1.0, 1.0, 1.0, 1.0, 1.0, 1.0, 1.0, 1.0, 1.0, 1.0, 1.0, 1.0, 1.0, 1.0, 1.0, 1.0, 1.0, 1.0, 1.0, 1.0, 0.9444444179534912, 1.0, 1.0, 1.0, 1.0], "f1": [0.5919574053789398, 0.814710837618969, 0.886247886389982, 0.9410127996031189, 0.9530988158952353, 0.9627156546196138, 0.9750692529017393, 0.9814661141361884, 0.9850663796717243, 0.9703683211334495, 0.9558165765905116, 0.9760845445616619, 0.9880654816407163, 0.9902966574121878, 0.9902858723302523, 0.9842323774670039, 0.9816360830797866, 0.984197396783677, 0.9877913347723954, 0.9883462831119478, 0.9927817800441426, 0.9922351784415168, 0.9883656358019282, 0.9753667201593818, 0.9924979337780956, 0.9950055442417527, 0.989994428635204, 0.9939058152120409, 0.9847009803848397, 0.9805447707686024], "val_f1": [0.3809523904810146, 0.5333333414793014, 0.8000000157952307, 0.8750000083819031, 0.9473684078438459, 0.9411764743006353, 1.0, 0.9411764743006353, 0.9411764743006353, 0.8750000083819031, 1.0, 0.9411764743006353, 0.9411764743006353, 0.8750000083819031, 0.9411764743006353, 0.8750000083819031, 0.9411764743006353, 0.8750000083819031, 0.8750000083819031, 0.9411764743006353, 1.0, 0.8750000083819031, 0.8750000083819031, 1.0, 0.9411764743006353, 0.8750000083819031, 0.8750000083819031, 0.8750000083819031, 0.9411764743006353, 0.9411764743006353]}