{"loss": [0.6548840403556824, 0.4720204770565033, 0.3262980282306671, 0.24072280526161194, 0.15848131477832794, 0.11332080513238907, 0.12605440616607666, 0.06266665458679199, 0.0700073391199112, 0.05517443269491196, 0.10149235278367996, 0.0523187629878521, 0.05197227746248245, 0.11356136202812195, 0.10980992019176483, 0.04968685656785965, 0.035184286534786224, 0.05080254003405571, 0.045086055994033813, 0.03455226868391037, 0.02933928743004799, 0.020966144278645515, 0.03740214556455612, 0.022385884076356888, 0.019769905135035515, 0.020761584863066673, 0.03059113398194313, 0.02967095747590065, 0.018443774431943893, 0.0284988172352314], "accuracy": [0.6239495873451233, 0.7827777862548828, 0.8572221994400024, 0.9058333039283752, 0.9355555772781372, 0.9563888907432556, 0.9544444680213928, 0.976111114025116, 0.9750000238418579, 0.9797222018241882, 0.9608333110809326, 0.9819444417953491, 0.9816666841506958, 0.9577777981758118, 0.9605555534362793, 0.9825000166893005, 0.987500011920929, 0.9827777743339539, 0.9836111068725586, 0.9866666793823242, 0.9916666746139526, 0.9925000071525574, 0.9897222518920898, 0.9930555820465088, 0.9936110973358154, 0.9941666722297668, 0.9877777695655823, 0.9916666746139526, 0.9944444298744202, 0.9894444346427917], "precision": [0.5901246666908264, 0.7990599274635315, 0.856430172920227, 0.9340463280677795, 0.9449489116668701, 0.9649122953414917, 0.9559643268585205, 0.9755826592445374, 0.9750000238418579, 0.9741899967193604, 0.9590481519699097, 0.9790171384811401, 0.9805986881256104, 0.9598214030265808, 0.9631285071372986, 0.9843837022781372, 0.9861496090888977, 0.9795805811882019, 0.9817376732826233, 0.9861265420913696, 0.9900332093238831, 0.9911357164382935, 0.989994466304779, 0.9916897416114807, 0.9916989207267761, 0.9917080998420715, 0.9872363805770874, 0.9894911646842957, 0.9933481216430664, 0.9894444346427917], "recall": [0.6808628439903259, 0.7555555701255798, 0.8583333492279053, 0.8733333349227905, 0.925000011920929, 0.9472222328186035, 0.9527778029441833, 0.9766666889190674, 0.9750000238418579, 0.9855555295944214, 0.9627777934074402, 0.9850000143051147, 0.9827777743339539, 0.9555555582046509, 0.9577777981758118, 0.980555534362793, 0.9888888597488403, 0.9861111044883728, 0.9855555295944214, 0.9872221946716309, 0.9933333396911621, 0.9938889145851135, 0.9894444346427917, 0.9944444298744202, 0.995555579662323, 0.996666669845581, 0.9883333444595337, 0.9938889145851135, 0.995555579662323, 0.9894444346427917], "auc": [0.6950720548629761, 0.8572619557380676, 0.934586763381958, 0.9646998643875122, 0.9845653772354126, 0.9916437268257141, 0.9894284605979919, 0.9970248937606812, 0.9966814517974854, 0.9980433583259583, 0.993529200553894, 0.9976275563240051, 0.997827410697937, 0.9917041659355164, 0.9923595190048218, 0.9984846115112305, 0.999016284942627, 0.9978595972061157, 0.9986759424209595, 0.9992790222167969, 0.9988363981246948, 0.9997330904006958, 0.9980987906455994, 0.9994228482246399, 0.9994333386421204, 0.99958735704422, 0.9991832971572876, 0.998656153678894, 0.9997045993804932, 0.9990599751472473], "val_loss": [0.5456358790397644, 0.3466107249259949, 0.06337329745292664, 0.03558890521526337, 0.011583805084228516, 0.008638708852231503, 0.003856353461742401, 0.0031443818006664515, 0.004317814484238625, 0.003072264138609171, 0.0016899449983611703, 0.0011085112346336246, 0.003275504568591714, 0.04416906461119652, 0.02691960334777832, 0.000607286230660975, 0.0018764843698590994, 0.002123506972566247, 0.005041019059717655, 0.00017431586456950754, 0.0009385240846313536, 0.01783781871199608, 0.004765194840729237, 0.0037402822636067867, 0.0006093400879763067, 0.0025377932470291853, 0.00016557991330046207, 0.003664609044790268, 0.0006821769056841731, 0.000319809652864933], "val_accuracy": [0.7692307829856873, 0.8413461446762085, 0.9903846383094788, 0.995192289352417, 0.995192289352417, 0.995192289352417, 1.0, 1.0, 1.0, 1.0, 1.0, 1.0, 1.0, 0.995192289352417, 0.9903846383094788, 1.0, 1.0, 1.0, 1.0, 1.0, 1.0, 0.9903846383094788, 1.0, 1.0, 1.0, 1.0, 1.0, 1.0, 1.0, 1.0], "val_precision": [0.1428571492433548, 0.1794871836900711, 0.875, 0.8888888955116272, 1.0, 1.0, 1.0, 1.0, 1.0, 1.0, 1.0, 1.0, 1.0, 0.8888888955116272, 1.0, 1.0, 1.0, 1.0, 1.0, 1.0, 1.0, 1.0, 1.0, 1.0, 1.0, 1.0, 1.0, 1.0, 1.0, 1.0], "val_recall": [1.0, 0.875, 0.875, 1.0, 0.875, 0.875, 1.0, 1.0, 1.0, 1.0, 1.0, 1.0, 1.0, 1.0, 0.75, 1.0, 1.0, 1.0, 1.0, 1.0, 1.0, 0.75, 1.0, 1.0, 1.0, 1.0, 1.0, 1.0, 1.0, 1.0], "val_auc": [0.9384375214576721, 0.96875, 0.996874988079071, 1.0, 1.0, 1.0, 1.0, 1.0, 1.0, 1.0, 1.0, 1.0, 1.0, 1.0, 1.0, 1.0, 1.0, 1.0, 1.0, 1.0, 1.0, 1.0, 1.0, 1.0, 1.0, 1.0, 1.0, 1.0, 1.0, 1.0], "f1": [0.6322547711843813, 0.7766990358651132, 0.8573807049284194, 0.9026701045358358, 0.9348680528444213, 0.955985434504917, 0.9543684050515749, 0.9761243731160635, 0.9750000238418579, 0.9798398059857174, 0.960909353675911, 0.9819994637427938, 0.9816870219821431, 0.9576837302629665, 0.9604457004225989, 0.9824658892307012, 0.9875173348370896, 0.982834994815964, 0.9836428968491921, 0.9866740642146405, 0.9916805289584343, 0.9925104061902983, 0.9897193740544453, 0.9930651754220026, 0.9936235078912506, 0.9941812020515141, 0.987784557965719, 0.9916851640678901, 0.9944506256384058, 0.9894444346427917], "val_f1": [0.250000009778887, 0.2978723462133075, 0.875, 0.9411764743006353, 0.9333333333333333, 0.9333333333333333, 1.0, 1.0, 1.0, 1.0, 1.0, 1.0, 1.0, 0.9411764743006353, 0.8571428571428571, 1.0, 1.0, 1.0, 1.0, 1.0, 1.0, 0.8571428571428571, 1.0, 1.0, 1.0, 1.0, 1.0, 1.0, 1.0, 1.0]}