{"loss": [0.6516907215118408, 0.5565814971923828, 0.35895776748657227, 0.24724236130714417, 0.2129744589328766, 0.12198618799448013, 0.14390814304351807, 0.085671566426754, 0.07606670260429382, 0.07283206284046173, 0.08014241605997086, 0.09790806472301483, 0.05115878954529762, 0.04683072119951248, 0.06721281260251999, 0.054786838591098785, 0.04871559515595436, 0.061193469911813736, 0.06462512165307999, 0.06869515031576157, 0.04505443572998047, 0.036495599895715714, 0.04307064041495323, 0.0206624586135149, 0.02523665875196457, 0.029683636501431465, 0.021231062710285187, 0.042531080543994904, 0.04818248003721237, 0.027188066393136978], "accuracy": [0.6664915680885315, 0.7497222423553467, 0.8441666960716248, 0.9002777934074402, 0.9105555415153503, 0.949999988079071, 0.9436110854148865, 0.9672222137451172, 0.9688888788223267, 0.9722222089767456, 0.971666693687439, 0.9663888812065125, 0.9819444417953491, 0.9836111068725586, 0.976111114025116, 0.9791666865348816, 0.9822221994400024, 0.9791666865348816, 0.977222204208374, 0.9741666913032532, 0.9822221994400024, 0.9866666793823242, 0.9855555295944214, 0.991944432258606, 0.9894444346427917, 0.9902777671813965, 0.9936110973358154, 0.9827777743339539, 0.9825000166893005, 0.9897222518920898], "precision": [0.626886785030365, 0.7170448899269104, 0.852188766002655, 0.9068322777748108, 0.9341950416564941, 0.9623287916183472, 0.9503666162490845, 0.9708846807479858, 0.9704570770263672, 0.9738015532493591, 0.9690607786178589, 0.969781756401062, 0.9832869172096252, 0.9833425879478455, 0.9766407012939453, 0.9799666404724121, 0.9832962155342102, 0.9783693552017212, 0.9761641025543213, 0.9765493869781494, 0.9822221994400024, 0.985049843788147, 0.9834070801734924, 0.9905816912651062, 0.9889011979103088, 0.9905502796173096, 0.9906129240989685, 0.9822419285774231, 0.981697142124176, 0.989994466304779], "recall": [0.7350663542747498, 0.824999988079071, 0.8327777981758118, 0.8922222256660461, 0.8833333253860474, 0.9366666674613953, 0.9361110925674438, 0.9633333086967468, 0.9672222137451172, 0.9705555438995361, 0.9744444489479065, 0.9627777934074402, 0.980555534362793, 0.9838888645172119, 0.9755555391311646, 0.9783333539962769, 0.9811111092567444, 0.9800000190734863, 0.9783333539962769, 0.971666693687439, 0.9822221994400024, 0.9883333444595337, 0.9877777695655823, 0.9933333396911621, 0.9900000095367432, 0.9900000095367432, 0.996666669845581, 0.9833333492279053, 0.9833333492279053, 0.9894444346427917], "auc": [0.7397652268409729, 0.8240590691566467, 0.9225298166275024, 0.962939977645874, 0.9714920520782471, 0.990997850894928, 0.9867028594017029, 0.9956210255622864, 0.9962809681892395, 0.9967882633209229, 0.9953089356422424, 0.9930282831192017, 0.9983391165733337, 0.9981804490089417, 0.9967347383499146, 0.9979511499404907, 0.9979968070983887, 0.997167706489563, 0.99686199426651, 0.9968966245651245, 0.9985749125480652, 0.9988085031509399, 0.9981045126914978, 0.9994673132896423, 0.999346137046814, 0.999164342880249, 0.9994223117828369, 0.9987359642982483, 0.9983890056610107, 0.9995076656341553], "val_loss": [0.24847084283828735, 0.2842365503311157, 0.07584278285503387, 0.06457633525133133, 0.048183735460042953, 0.017937736585736275, 0.04645087942481041, 0.022307269275188446, 0.011901091784238815, 0.0174209326505661, 0.08126170188188553, 0.032022178173065186, 0.01816401258111, 0.02415802888572216, 0.00626191683113575, 0.019141940400004387, 0.008390843868255615, 0.008954336866736412, 0.07086355239152908, 0.021970532834529877, 0.06220252811908722, 0.04151119664311409, 0.020964941009879112, 0.029541900381445885, 0.0594744011759758, 0.021932242438197136, 0.04444705694913864, 0.01567382924258709, 0.06670065224170685, 0.03496452793478966], "val_accuracy": [0.9615384340286255, 0.8942307829856873, 0.9855769276618958, 0.9711538553237915, 0.9903846383094788, 0.9903846383094788, 0.9711538553237915, 0.9807692170143127, 1.0, 0.9855769276618958, 0.9711538553237915, 0.9807692170143127, 0.995192289352417, 0.9855769276618958, 1.0, 0.995192289352417, 0.995192289352417, 0.995192289352417, 0.9711538553237915, 0.9903846383094788, 0.9759615659713745, 0.9807692170143127, 0.9855769276618958, 0.9855769276618958, 0.9807692170143127, 0.9903846383094788, 0.9855769276618958, 0.995192289352417, 0.9759615659713745, 0.9855769276618958], "val_precision": [0.5, 0.2083333283662796, 0.8571428656578064, 1.0, 0.875, 1.0, 1.0, 1.0, 1.0, 0.8571428656578064, 1.0, 1.0, 1.0, 1.0, 1.0, 1.0, 1.0, 1.0, 1.0, 1.0, 1.0, 1.0, 1.0, 1.0, 1.0, 1.0, 1.0, 1.0, 1.0, 1.0], "val_recall": [0.125, 0.625, 0.75, 0.25, 0.875, 0.75, 0.25, 0.5, 1.0, 0.75, 0.25, 0.5, 0.875, 0.625, 1.0, 0.875, 0.875, 0.875, 0.25, 0.75, 0.375, 0.5, 0.625, 0.625, 0.5, 0.75, 0.625, 0.875, 0.375, 0.625], "val_auc": [0.9412499666213989, 0.9043749570846558, 0.9887499809265137, 1.0, 0.9993749856948853, 1.0, 1.0, 1.0, 1.0, 0.9981250166893005, 1.0, 1.0, 1.0, 1.0, 0.9999999403953552, 1.0, 1.0, 1.0, 1.0, 1.0, 0.9375, 1.0, 1.0, 1.0, 0.9375, 1.0, 1.0, 1.0, 0.9375, 1.0], "f1": [0.6766802326993375, 0.7672435920370992, 0.8423714740332205, 0.8994679278860997, 0.9080525263529744, 0.9493243366512526, 0.9431849921350742, 0.9670942540829536, 0.968836945160659, 0.9721758390472948, 0.9717451571766921, 0.9662670830579323, 0.981919326333366, 0.9836156503853044, 0.9760978186094438, 0.9791493161270778, 0.9822024470952228, 0.9791840082399714, 0.9772475244743418, 0.9741019217369137, 0.9822221994400024, 0.9866888624251203, 0.9855875793255578, 0.9919556072388843, 0.9894502986585269, 0.990275068134342, 0.9936305763679681, 0.9827873358872952, 0.9825145644719326, 0.9897193740544453], "val_f1": [0.2, 0.3124999944120645, 0.8000000037087335, 0.4, 0.875, 0.8571428571428571, 0.4, 0.6666666666666666, 1.0, 0.8000000037087335, 0.4, 0.6666666666666666, 0.9333333333333333, 0.7692307692307693, 1.0, 0.9333333333333333, 0.9333333333333333, 0.9333333333333333, 0.4, 0.8571428571428571, 0.5454545454545454, 0.6666666666666666, 0.7692307692307693, 0.7692307692307693, 0.6666666666666666, 0.8571428571428571, 0.7692307692307693, 0.9333333333333333, 0.5454545454545454, 0.7692307692307693]}