{"loss": [0.6016298532485962, 0.3305801451206207, 0.2694779336452484, 0.1550295203924179, 0.13411745429039001, 0.1283544898033142, 0.07646507024765015, 0.10835196077823639, 0.08080850541591644, 0.08130666613578796, 0.05596937984228134, 0.04985480755567551, 0.04546281322836876, 0.0397152304649353, 0.0395914688706398, 0.07912613451480865, 0.0918484777212143, 0.05766848847270012, 0.044060491025447845, 0.03410664200782776, 0.038303595036268234, 0.04131622612476349, 0.08874545991420746, 0.07027862221002579, 0.026493042707443237, 0.022176237776875496, 0.024993987753987312, 0.027677258476614952, 0.026888461783528328, 0.018810566514730453], "accuracy": [0.6620272994041443, 0.8627777695655823, 0.8941666483879089, 0.9391666650772095, 0.948888897895813, 0.949999988079071, 0.9733333587646484, 0.960277795791626, 0.9686111211776733, 0.9700000286102295, 0.9825000166893005, 0.9833333492279053, 0.9836111068725586, 0.9847221970558167, 0.9852777719497681, 0.9674999713897705, 0.9622222185134888, 0.9808333516120911, 0.9852777719497681, 0.9869444370269775, 0.9861111044883728, 0.9844444394111633, 0.9669444561004639, 0.9758333563804626, 0.9911110997200012, 0.9925000071525574, 0.9930555820465088, 0.9894444346427917, 0.9888888597488403, 0.9938889145851135], "precision": [0.6014013290405273, 0.8676801919937134, 0.8970341086387634, 0.9423614740371704, 0.9534231424331665, 0.9475138187408447, 0.9733333587646484, 0.9600222110748291, 0.966795802116394, 0.9715719223022461, 0.9785124063491821, 0.9838709831237793, 0.9817376732826233, 0.9855314493179321, 0.9839335083961487, 0.9719573855400085, 0.9653244018554688, 0.9837898015975952, 0.9877163767814636, 0.9872151017189026, 0.9839601516723633, 0.9839067459106445, 0.9677239656448364, 0.9814502596855164, 0.9922049045562744, 0.9911357164382935, 0.9916897416114807, 0.9899888634681702, 0.98834627866745, 0.9938889145851135], "recall": [0.8545354008674622, 0.8561111092567444, 0.8905555605888367, 0.9355555772781372, 0.9438889026641846, 0.9527778029441833, 0.9733333587646484, 0.9605555534362793, 0.9705555438995361, 0.9683333039283752, 0.9866666793823242, 0.9827777743339539, 0.9855555295944214, 0.9838888645172119, 0.9866666793823242, 0.9627777934074402, 0.9588888883590698, 0.9777777791023254, 0.9827777743339539, 0.9866666793823242, 0.9883333444595337, 0.9850000143051147, 0.9661111235618591, 0.9700000286102295, 0.9900000095367432, 0.9938889145851135, 0.9944444298744202, 0.9888888597488403, 0.9894444346427917, 0.9938889145851135], "auc": [0.7639802098274231, 0.9331966042518616, 0.9551818370819092, 0.984923779964447, 0.9889664053916931, 0.9896538853645325, 0.9960310459136963, 0.9925069212913513, 0.9959926009178162, 0.9954470992088318, 0.9972249865531921, 0.9981904625892639, 0.9982105493545532, 0.9990376830101013, 0.9989652633666992, 0.9962485432624817, 0.9949992299079895, 0.9975284934043884, 0.9987449049949646, 0.9990857243537903, 0.99891597032547, 0.9986495971679688, 0.9943170547485352, 0.9968371987342834, 0.9993005394935608, 0.9991772174835205, 0.9988085627555847, 0.9995296597480774, 0.9995570182800293, 0.9997708797454834], "val_loss": [0.5481011271476746, 0.2833208441734314, 0.07766873389482498, 0.03712458908557892, 0.026211010292172432, 0.031835801899433136, 0.04529900103807449, 0.03100009635090828, 0.02828577533364296, 0.03967999666929245, 0.031234417110681534, 0.028104834258556366, 0.026034586131572723, 0.028499312698841095, 0.05063055083155632, 0.013696085661649704, 0.04033726826310158, 0.07013899087905884, 0.02575969323515892, 0.017824022099375725, 0.03649059683084488, 0.03688078746199608, 0.08161911368370056, 0.025601135566830635, 0.04628634452819824, 0.031094294041395187, 0.01487633679062128, 0.03509706258773804, 0.028051091358065605, 0.05420803651213646], "val_accuracy": [0.75, 0.8653846383094788, 0.9663461446762085, 0.9855769276618958, 1.0, 0.9855769276618958, 0.9855769276618958, 0.9903846383094788, 0.9903846383094788, 0.9855769276618958, 0.9903846383094788, 0.9903846383094788, 0.995192289352417, 0.9903846383094788, 0.9855769276618958, 1.0, 0.9855769276618958, 0.9759615659713745, 0.9903846383094788, 0.995192289352417, 0.9903846383094788, 0.9855769276618958, 0.9711538553237915, 0.995192289352417, 0.9855769276618958, 0.995192289352417, 0.995192289352417, 0.9903846383094788, 0.9855769276618958, 0.9855769276618958], "val_precision": [0.12068965286016464, 0.1875, 0.5454545617103577, 1.0, 1.0, 1.0, 1.0, 1.0, 1.0, 1.0, 1.0, 1.0, 1.0, 1.0, 1.0, 1.0, 1.0, 1.0, 1.0, 1.0, 1.0, 1.0, 1.0, 1.0, 1.0, 1.0, 1.0, 1.0, 1.0, 1.0], "val_recall": [0.875, 0.75, 0.75, 0.625, 1.0, 0.625, 0.625, 0.75, 0.75, 0.625, 0.75, 0.75, 0.875, 0.75, 0.625, 1.0, 0.625, 0.375, 0.75, 0.875, 0.75, 0.625, 0.25, 0.875, 0.625, 0.875, 0.875, 0.75, 0.625, 0.625], "val_auc": [0.8868749737739563, 0.9284374713897705, 0.9793750047683716, 0.9999999403953552, 1.0, 1.0, 1.0, 1.0, 1.0, 0.9993749856948853, 1.0, 1.0, 1.0, 1.0, 0.9375, 1.0, 1.0, 0.9375, 1.0, 1.0, 0.9371874928474426, 0.9375, 1.0, 0.9987499713897705, 0.9996874928474426, 0.9375, 1.0, 1.0, 1.0, 1.0], "f1": [0.7059629930846645, 0.8618568281542959, 0.8937830948992678, 0.9389461927831367, 0.9486320671512998, 0.9501385199800546, 0.9733333587646484, 0.9602888082012566, 0.9686720248162458, 0.969949909723199, 0.9825726252806889, 0.9833240748857289, 0.9836428968491921, 0.9847094719229041, 0.9852981984708543, 0.9673458126143802, 0.9620958833496791, 0.9807745772046068, 0.9852408868070035, 0.9869408143639182, 0.9861418996964763, 0.9844530765801031, 0.9669168720383501, 0.975691551749321, 0.991101230744926, 0.9925104061902983, 0.9930651754220026, 0.9894385558775931, 0.988895051782988, 0.9938889145851135], "val_f1": [0.21212120854985944, 0.3, 0.631578958265669, 0.7692307692307693, 1.0, 0.7692307692307693, 0.7692307692307693, 0.8571428571428571, 0.8571428571428571, 0.7692307692307693, 0.8571428571428571, 0.8571428571428571, 0.9333333333333333, 0.8571428571428571, 0.7692307692307693, 1.0, 0.7692307692307693, 0.5454545454545454, 0.8571428571428571, 0.9333333333333333, 0.8571428571428571, 0.7692307692307693, 0.4, 0.9333333333333333, 0.7692307692307693, 0.9333333333333333, 0.9333333333333333, 0.8571428571428571, 0.7692307692307693, 0.7692307692307693]}