{"loss": [0.6019999980926514, 0.39214396476745605, 0.2782748341560364, 0.18604865670204163, 0.15609781444072723, 0.10279929637908936, 0.08104731887578964, 0.14022082090377808, 0.07582066208124161, 0.06646689027547836, 0.05909499153494835, 0.05302352085709572, 0.03215986117720604, 0.05851643532514572, 0.033297859132289886, 0.036909982562065125, 0.0456058643758297, 0.027950607240200043, 0.02299182116985321, 0.05936849117279053, 0.02488004043698311, 0.01913994736969471, 0.014569825492799282, 0.019909920170903206, 0.020917480811476707, 0.021307699382305145, 0.04313449189066887, 0.023842642083764076, 0.051780566573143005, 0.03097664751112461], "accuracy": [0.6752428412437439, 0.8330555558204651, 0.8888888955116272, 0.9283333420753479, 0.9427777528762817, 0.9608333110809326, 0.972777783870697, 0.9436110854148865, 0.9694444537162781, 0.9750000238418579, 0.9780555367469788, 0.980555534362793, 0.9883333444595337, 0.9783333539962769, 0.9888888597488403, 0.9844444394111633, 0.9847221970558167, 0.9913889169692993, 0.9936110973358154, 0.9816666841506958, 0.9933333396911621, 0.9944444298744202, 0.9961110949516296, 0.9950000047683716, 0.9930555820465088, 0.9936110973358154, 0.9858333468437195, 0.9927777647972107, 0.9802777767181396, 0.9869444370269775], "precision": [0.637499988079071, 0.8388920426368713, 0.8932584524154663, 0.9380682110786438, 0.9482564926147461, 0.9626324772834778, 0.9706858396530151, 0.952407956123352, 0.9668508172035217, 0.9728982448577881, 0.977790117263794, 0.9810901284217834, 0.9861725568771362, 0.9772727489471436, 0.9878048896789551, 0.9839067459106445, 0.9839156866073608, 0.9900277256965637, 0.9938855171203613, 0.9811320900917053, 0.9916943311691284, 0.9944444298744202, 0.9955604672431946, 0.9944506287574768, 0.9900607466697693, 0.992243766784668, 0.9871866106987, 0.9922308325767517, 0.979478657245636, 0.9855955839157104], "recall": [0.7330016493797302, 0.8244444727897644, 0.8833333253860474, 0.9172222018241882, 0.9366666674613953, 0.9588888883590698, 0.9750000238418579, 0.9338889122009277, 0.9722222089767456, 0.977222204208374, 0.9783333539962769, 0.9800000190734863, 0.9905555844306946, 0.9794444441795349, 0.9900000095367432, 0.9850000143051147, 0.9855555295944214, 0.9927777647972107, 0.9933333396911621, 0.9822221994400024, 0.9950000047683716, 0.9944444298744202, 0.996666669845581, 0.995555579662323, 0.9961110949516296, 0.9950000047683716, 0.9844444394111633, 0.9933333396911621, 0.9811111092567444, 0.9883333444595337], "auc": [0.7627946734428406, 0.9053590893745422, 0.953019917011261, 0.978757381439209, 0.9850444793701172, 0.9931395053863525, 0.9954721331596375, 0.9878960847854614, 0.9965107440948486, 0.997246503829956, 0.9978790879249573, 0.9976578950881958, 0.9992773532867432, 0.9975311756134033, 0.9991170763969421, 0.9992414712905884, 0.9984267950057983, 0.9992237091064453, 0.9991415143013, 0.9961608648300171, 0.9993446469306946, 0.9997471570968628, 0.9998248219490051, 0.9992378950119019, 0.9991510510444641, 0.9991054534912109, 0.9981050491333008, 0.9993529915809631, 0.9978673458099365, 0.9991016983985901], "val_loss": [0.33555614948272705, 0.3551984131336212, 0.05805542692542076, 0.03436446934938431, 0.03136390447616577, 0.033305827528238297, 0.034519560635089874, 0.029056966304779053, 0.033571917563676834, 0.039510276168584824, 0.044267941266298294, 0.03914066404104233, 0.04123935475945473, 0.027969857677817345, 0.04147340729832649, 0.038699183613061905, 0.04271703585982323, 0.05238695442676544, 0.05248207598924637, 0.03600578382611275, 0.048945993185043335, 0.05067658796906471, 0.05549335107207298, 0.0505790114402771, 0.04670364037156105, 0.0498797632753849, 0.044830501079559326, 0.04077158495783806, 0.04439081996679306, 0.05638626217842102], "val_accuracy": [0.8660287261009216, 0.8229665160179138, 0.9952152967453003, 0.9952152967453003, 0.9952152967453003, 0.9952152967453003, 0.9952152967453003, 0.9952152967453003, 0.9952152967453003, 0.9904305934906006, 0.9904305934906006, 0.9952152967453003, 0.9952152967453003, 0.9952152967453003, 0.9952152967453003, 0.9952152967453003, 0.9952152967453003, 0.9952152967453003, 0.9952152967453003, 0.9952152967453003, 0.9952152967453003, 0.9952152967453003, 0.9952152967453003, 0.9952152967453003, 0.9952152967453003, 0.9952152967453003, 0.9952152967453003, 0.9952152967453003, 0.9952152967453003, 0.9952152967453003], "val_precision": [0.2432432472705841, 0.19565217196941376, 1.0, 1.0, 1.0, 1.0, 1.0, 1.0, 1.0, 1.0, 1.0, 1.0, 1.0, 1.0, 1.0, 1.0, 1.0, 1.0, 1.0, 1.0, 1.0, 1.0, 1.0, 1.0, 1.0, 1.0, 1.0, 1.0, 1.0, 1.0], "val_recall": [1.0, 1.0, 0.8888888955116272, 0.8888888955116272, 0.8888888955116272, 0.8888888955116272, 0.8888888955116272, 0.8888888955116272, 0.8888888955116272, 0.7777777910232544, 0.7777777910232544, 0.8888888955116272, 0.8888888955116272, 0.8888888955116272, 0.8888888955116272, 0.8888888955116272, 0.8888888955116272, 0.8888888955116272, 0.8888888955116272, 0.8888888955116272, 0.8888888955116272, 0.8888888955116272, 0.8888888955116272, 0.8888888955116272, 0.8888888955116272, 0.8888888955116272, 0.8888888955116272, 0.8888888955116272, 0.8888888955116272, 0.8888888955116272], "val_auc": [0.9633333086967468, 0.9750000238418579, 0.988611102104187, 0.9875000715255737, 0.9847221374511719, 0.9433332681655884, 0.9438888430595398, 0.9894444942474365, 0.9441666007041931, 0.9444444179534912, 0.9444444179534912, 0.9444444179534912, 0.9444444179534912, 0.9444444179534912, 0.9444444179534912, 0.9444444179534912, 0.9444444179534912, 0.9444444179534912, 0.9444444179534912, 0.9444444179534912, 0.9444444179534912, 0.9444444179534912, 0.9444444179534912, 0.9444444179534912, 0.9444444179534912, 0.9444444179534912, 0.9444444179534912, 0.9444444179534912, 0.9444444179534912, 0.9444444179534912], "f1": [0.6819233629052335, 0.8316055126606628, 0.8882681649892256, 0.9275280937614526, 0.9424259488648934, 0.9607570361123988, 0.9728381488105903, 0.9430575272127727, 0.9695290734916265, 0.9750554308229094, 0.9780616601986651, 0.9805447707686024, 0.9883592113791032, 0.9783573914172408, 0.9889012314515001, 0.9844530765801031, 0.9847349254087553, 0.9914008381725192, 0.9936093516905292, 0.9816768421362171, 0.9933444178028722, 0.9944444298744202, 0.9961132614297585, 0.9950027974479168, 0.9930767054161488, 0.9936199743734168, 0.9858136181303654, 0.9927817800441426, 0.9802942036343693, 0.9869625656053865], "val_f1": [0.39130435303726807, 0.3272727245535732, 0.9411764743006353, 0.9411764743006353, 0.9411764743006353, 0.9411764743006353, 0.9411764743006353, 0.9411764743006353, 0.9411764743006353, 0.8750000083819031, 0.8750000083819031, 0.9411764743006353, 0.9411764743006353, 0.9411764743006353, 0.9411764743006353, 0.9411764743006353, 0.9411764743006353, 0.9411764743006353, 0.9411764743006353, 0.9411764743006353, 0.9411764743006353, 0.9411764743006353, 0.9411764743006353, 0.9411764743006353, 0.9411764743006353, 0.9411764743006353, 0.9411764743006353, 0.9411764743006353, 0.9411764743006353, 0.9411764743006353]}