{"loss": [0.6155429482460022, 0.3985815644264221, 0.30035629868507385, 0.18745505809783936, 0.10690145194530487, 0.0956539735198021, 0.11438234895467758, 0.0865200012922287, 0.07681786268949509, 0.050271496176719666, 0.056450892239809036, 0.06890904903411865, 0.05018861964344978, 0.06331052631139755, 0.05935466289520264, 0.06150881573557854, 0.043394092470407486, 0.03340001404285431, 0.018864698708057404, 0.029266200959682465, 0.04238181561231613, 0.03223157674074173, 0.03870363533496857, 0.030412884429097176, 0.06657538563013077, 0.022781221196055412, 0.04657895490527153, 0.0313626304268837, 0.029548628255724907, 0.029918359592556953], "accuracy": [0.6536239385604858, 0.8269444704055786, 0.8697222471237183, 0.9230555295944214, 0.956944465637207, 0.9638888835906982, 0.9530555605888367, 0.9697222113609314, 0.972777783870697, 0.9825000166893005, 0.9825000166893005, 0.9752777814865112, 0.9819444417953491, 0.9777777791023254, 0.9788888692855835, 0.9763888716697693, 0.9844444394111633, 0.9863888621330261, 0.9941666722297668, 0.9883333444595337, 0.9863888621330261, 0.988611102104187, 0.9866666793823242, 0.9911110997200012, 0.9775000214576721, 0.9927777647972107, 0.9822221994400024, 0.9911110997200012, 0.9888888597488403, 0.9902777671813965], "precision": [0.6203840374946594, 0.829322874546051, 0.8757764101028442, 0.9329164028167725, 0.9592406749725342, 0.9670022130012512, 0.9548243284225464, 0.9758018851280212, 0.972777783870697, 0.9833055138587952, 0.982768177986145, 0.9792717099189758, 0.9827490448951721, 0.9783092141151428, 0.9778270721435547, 0.9820123910903931, 0.9812362194061279, 0.9893795251846313, 0.9927977919578552, 0.987250566482544, 0.9855796098709106, 0.9872575998306274, 0.9877505302429199, 0.9894795417785645, 0.9782971739768982, 0.9922308325767517, 0.9832962155342102, 0.9911110997200012, 0.9888888597488403, 0.9910962581634521], "recall": [0.6969026327133179, 0.8233333230018616, 0.8616666793823242, 0.9116666913032532, 0.9544444680213928, 0.9605555534362793, 0.9511111378669739, 0.9633333086967468, 0.972777783870697, 0.9816666841506958, 0.9822221994400024, 0.9711111187934875, 0.9811111092567444, 0.977222204208374, 0.9800000190734863, 0.9705555438995361, 0.9877777695655823, 0.9833333492279053, 0.995555579662323, 0.9894444346427917, 0.9872221946716309, 0.9900000095367432, 0.9855555295944214, 0.9927777647972107, 0.9766666889190674, 0.9933333396911621, 0.9811111092567444, 0.9911110997200012, 0.9888888597488403, 0.9894444346427917], "auc": [0.7379184365272522, 0.900761604309082, 0.9455652832984924, 0.9788209795951843, 0.9929581880569458, 0.9942994117736816, 0.9922992587089539, 0.9950791001319885, 0.99601811170578, 0.9979495406150818, 0.997234046459198, 0.9968465566635132, 0.9982238411903381, 0.9969520568847656, 0.9971876740455627, 0.9974635243415833, 0.9986037015914917, 0.9993543028831482, 0.9994920492172241, 0.9994610548019409, 0.9985442757606506, 0.9988490343093872, 0.9983987212181091, 0.9994049072265625, 0.9967541098594666, 0.9996309876441956, 0.9982187747955322, 0.9988154768943787, 0.9992231130599976, 0.9991869330406189], "val_loss": [0.20739410817623138, 0.22264327108860016, 0.13068893551826477, 0.02695692516863346, 0.028489146381616592, 0.00928181316703558, 0.050691284239292145, 0.015438522212207317, 0.03446667641401291, 0.02541293576359749, 0.013460533693432808, 0.0055714501067996025, 0.0023209925275295973, 0.014468688517808914, 0.009624621830880642, 0.004703064449131489, 0.00964747741818428, 0.01680292934179306, 0.02457321062684059, 0.03272152319550514, 0.0013630317989736795, 0.015094678848981857, 0.03344946727156639, 0.047664299607276917, 0.014416368678212166, 0.01659196987748146, 0.0025633126497268677, 0.023698588833212852, 0.0064659444615244865, 0.00032058957731351256], "val_accuracy": [0.942307710647583, 0.879807710647583, 0.9615384340286255, 0.9903846383094788, 0.9855769276618958, 1.0, 0.9855769276618958, 0.9855769276618958, 0.9855769276618958, 0.9903846383094788, 0.9903846383094788, 1.0, 1.0, 0.9903846383094788, 0.995192289352417, 1.0, 0.995192289352417, 0.9903846383094788, 0.9855769276618958, 0.9903846383094788, 1.0, 0.995192289352417, 0.9855769276618958, 0.9855769276618958, 0.9855769276618958, 0.995192289352417, 1.0, 0.9855769276618958, 0.995192289352417, 1.0], "val_precision": [0.3333333432674408, 0.18518517911434174, 0.5, 1.0, 1.0, 1.0, 1.0, 1.0, 1.0, 1.0, 1.0, 1.0, 1.0, 1.0, 1.0, 1.0, 1.0, 1.0, 1.0, 1.0, 1.0, 1.0, 1.0, 1.0, 1.0, 1.0, 1.0, 1.0, 1.0, 1.0], "val_recall": [0.5, 0.625, 0.75, 0.75, 0.625, 1.0, 0.625, 0.625, 0.625, 0.75, 0.75, 1.0, 1.0, 0.75, 0.875, 1.0, 0.875, 0.75, 0.625, 0.75, 1.0, 0.875, 0.625, 0.625, 0.625, 0.875, 1.0, 0.625, 0.875, 1.0], "val_auc": [0.8587499856948853, 0.890625, 0.9396874904632568, 0.9981250166893005, 1.0, 0.9999999403953552, 1.0, 1.0, 1.0, 1.0, 1.0, 0.9999999403953552, 1.0, 1.0, 1.0, 1.0, 1.0, 1.0, 1.0, 1.0, 1.0, 1.0, 1.0, 0.9375, 1.0, 1.0, 1.0, 1.0, 1.0, 1.0], "f1": [0.6564209276559149, 0.8263172451167486, 0.8686642523621286, 0.9221691480635005, 0.9568365612080708, 0.9637681028882688, 0.9529641160799786, 0.9695275106412675, 0.972777783870697, 0.9824854155948696, 0.9824951128621748, 0.9751743420034256, 0.981929394024991, 0.9777654070468125, 0.9789123397567929, 0.9762503555152731, 0.9844961281642525, 0.9863471717312532, 0.9941747733248308, 0.9883462831119478, 0.9864002184507213, 0.9886269028548693, 0.9866518091177151, 0.9911259093769319, 0.9774812515168664, 0.9927817800441426, 0.9822024470952228, 0.9911110997200012, 0.9888888597488403, 0.9902696575707861], "val_f1": [0.4000000071525573, 0.28571427848874303, 0.6, 0.8571428571428571, 0.7692307692307693, 1.0, 0.7692307692307693, 0.7692307692307693, 0.7692307692307693, 0.8571428571428571, 0.8571428571428571, 1.0, 1.0, 0.8571428571428571, 0.9333333333333333, 1.0, 0.9333333333333333, 0.8571428571428571, 0.7692307692307693, 0.8571428571428571, 1.0, 0.9333333333333333, 0.7692307692307693, 0.7692307692307693, 0.7692307692307693, 0.9333333333333333, 1.0, 0.7692307692307693, 0.9333333333333333, 1.0]}