{"loss": [0.6724692583084106, 0.5558629631996155, 0.329754501581192, 0.2617783844470978, 0.16564607620239258, 0.14532791078090668, 0.09982845187187195, 0.09826216846704483, 0.09166038781404495, 0.07755815237760544, 0.07178916037082672, 0.05785683915019035, 0.18457141518592834, 0.09081752598285675, 0.05470404773950577, 0.046689748764038086, 0.05421925708651543, 0.04110417142510414, 0.07193442434072495, 0.038088470697402954, 0.046809837222099304, 0.029906580224633217, 0.032713230699300766, 0.05415280908346176, 0.05309199541807175, 0.02974565327167511, 0.03461296856403351, 0.031193893402814865, 0.027275964617729187, 0.03150075674057007], "accuracy": [0.6252626180648804, 0.7208333611488342, 0.8605555295944214, 0.8966666460037231, 0.9338889122009277, 0.940833330154419, 0.9633333086967468, 0.9611111283302307, 0.9663888812065125, 0.9694444537162781, 0.971666693687439, 0.980555534362793, 0.9291666746139526, 0.9661111235618591, 0.9780555367469788, 0.9830555319786072, 0.9822221994400024, 0.9863888621330261, 0.9738888740539551, 0.9863888621330261, 0.9808333516120911, 0.9902777671813965, 0.9880555272102356, 0.9816666841506958, 0.9797222018241882, 0.9880555272102356, 0.9866666793823242, 0.987500011920929, 0.9897222518920898, 0.9911110997200012], "precision": [0.592700719833374, 0.8489903211593628, 0.8562019467353821, 0.9015747904777527, 0.9442548155784607, 0.950596272945404, 0.9633333086967468, 0.964205801486969, 0.9676880240440369, 0.9731243252754211, 0.9727171659469604, 0.9784291982650757, 0.9322887659072876, 0.9740113019943237, 0.9788536429405212, 0.9844011068344116, 0.980088472366333, 0.9834345579147339, 0.9765363335609436, 0.9866592288017273, 0.9811006188392639, 0.9894620180130005, 0.9845559597015381, 0.9774228930473328, 0.978924036026001, 0.9888703227043152, 0.9845132827758789, 0.9840044379234314, 0.9894502758979797, 0.9911110997200012], "recall": [0.6736725568771362, 0.5372222065925598, 0.8666666746139526, 0.8905555605888367, 0.9222221970558167, 0.9300000071525574, 0.9633333086967468, 0.9577777981758118, 0.9649999737739563, 0.9655555486679077, 0.9705555438995361, 0.9827777743339539, 0.9255555272102356, 0.9577777981758118, 0.977222204208374, 0.9816666841506958, 0.9844444394111633, 0.9894444346427917, 0.9711111187934875, 0.9861111044883728, 0.980555534362793, 0.9911110997200012, 0.9916666746139526, 0.9861111044883728, 0.980555534362793, 0.9872221946716309, 0.9888888597488403, 0.9911110997200012, 0.9900000095367432, 0.9911110997200012], "auc": [0.6913235187530518, 0.8379080295562744, 0.9343972206115723, 0.9576525092124939, 0.983212947845459, 0.9870513081550598, 0.9934925436973572, 0.9938631653785706, 0.9943841695785522, 0.9960334897041321, 0.9964114427566528, 0.9976717233657837, 0.979159951210022, 0.9952718019485474, 0.9977211356163025, 0.9984019994735718, 0.9969926476478577, 0.9989377856254578, 0.9960930347442627, 0.9988110661506653, 0.9983667731285095, 0.9994687438011169, 0.9993017911911011, 0.9973331689834595, 0.9982739686965942, 0.999482274055481, 0.9992268085479736, 0.9988884329795837, 0.9995216131210327, 0.9986550807952881], "val_loss": [0.8538792729377747, 0.5316936373710632, 0.272434800863266, 0.057455163449048996, 0.023720622062683105, 0.017483549192547798, 0.023025760427117348, 0.004485890734940767, 0.01934599131345749, 0.00441522803157568, 0.0014242400648072362, 0.009378809481859207, 0.033485088497400284, 0.0023773943539708853, 0.008687648922204971, 0.0007254035444930196, 0.005963594652712345, 0.01428600586950779, 0.004585685208439827, 0.007905521430075169, 0.004232405684888363, 0.0030071681831032038, 0.01225444208830595, 0.019045989960432053, 0.017398495227098465, 0.004892450291663408, 0.002067358000203967, 0.007614187430590391, 0.002015445614233613, 0.005031231325119734], "val_accuracy": [0.49038460850715637, 0.7355769276618958, 0.875, 0.9807692170143127, 0.9855769276618958, 1.0, 0.9903846383094788, 1.0, 0.9903846383094788, 1.0, 1.0, 0.9903846383094788, 0.9855769276618958, 1.0, 0.995192289352417, 1.0, 1.0, 0.9855769276618958, 1.0, 1.0, 1.0, 1.0, 0.9903846383094788, 0.9855769276618958, 0.9855769276618958, 1.0, 1.0, 1.0, 1.0, 1.0], "val_precision": [0.07017543911933899, 0.1147540956735611, 0.21875, 0.699999988079071, 1.0, 1.0, 1.0, 1.0, 1.0, 1.0, 1.0, 1.0, 1.0, 1.0, 1.0, 1.0, 1.0, 1.0, 1.0, 1.0, 1.0, 1.0, 1.0, 1.0, 1.0, 1.0, 1.0, 1.0, 1.0, 1.0], "val_recall": [1.0, 0.875, 0.875, 0.875, 0.625, 1.0, 0.75, 1.0, 0.75, 1.0, 1.0, 0.75, 0.625, 1.0, 0.875, 1.0, 1.0, 0.625, 1.0, 1.0, 1.0, 1.0, 0.75, 0.625, 0.625, 1.0, 1.0, 1.0, 1.0, 1.0], "val_auc": [0.8993750214576721, 0.9143750071525574, 0.9581249952316284, 0.9937499761581421, 1.0, 1.0, 1.0, 1.0, 1.0, 1.0, 1.0, 1.0, 1.0, 1.0, 1.0, 1.0, 1.0, 1.0, 1.0, 1.0, 1.0, 1.0, 1.0, 1.0, 1.0, 1.0, 1.0, 1.0, 1.0, 1.0], "f1": [0.6305979709714675, 0.6580469366391157, 0.8614025292235992, 0.89603129869301, 0.9331084655302234, 0.9401853550325743, 0.9633333086967468, 0.9609810507213107, 0.9663421295916875, 0.9693251623871381, 0.9716351526705094, 0.9805986652596931, 0.9289099451855035, 0.9658263421615935, 0.9780372432346897, 0.9830319939641712, 0.9822616266367713, 0.9864303424942624, 0.9738161701497534, 0.9863850904982584, 0.9808280008698443, 0.9902858723302523, 0.9880985245032925, 0.9817477770436202, 0.9797391059867994, 0.9880455713906962, 0.9866962203317171, 0.9875449835843648, 0.9897250663812504, 0.9911110997200012], "val_f1": [0.1311475418966581, 0.20289854652439437, 0.35, 0.7777777704191796, 0.7692307692307693, 1.0, 0.8571428571428571, 1.0, 0.8571428571428571, 1.0, 1.0, 0.8571428571428571, 0.7692307692307693, 1.0, 0.9333333333333333, 1.0, 1.0, 0.7692307692307693, 1.0, 1.0, 1.0, 1.0, 0.8571428571428571, 0.7692307692307693, 0.7692307692307693, 1.0, 1.0, 1.0, 1.0, 1.0]}