{"loss": [0.6588281393051147, 0.4405655264854431, 0.31143656373023987, 0.23754726350307465, 0.18948489427566528, 0.19836798310279846, 0.13929761946201324, 0.11620664596557617, 0.08858790248632431, 0.07011378556489944, 0.05981462821364403, 0.0752122551202774, 0.07985737919807434, 0.06354053318500519, 0.0464736633002758, 0.06366967409849167, 0.08315892517566681, 0.041145794093608856, 0.046548325568437576, 0.03853149339556694, 0.04455818980932236, 0.06272080540657043, 0.023548221215605736, 0.02374359965324402, 0.05367489159107208, 0.038313984870910645, 0.043492089956998825, 0.02995648793876171, 0.02378990687429905, 0.030645176768302917], "accuracy": [0.6400629878044128, 0.7991666793823242, 0.8677777647972107, 0.8999999761581421, 0.9247221946716309, 0.9219444394111633, 0.9483333230018616, 0.9555555582046509, 0.9661111235618591, 0.9758333563804626, 0.9780555367469788, 0.9700000286102295, 0.9722222089767456, 0.9766666889190674, 0.9833333492279053, 0.976111114025116, 0.9700000286102295, 0.9838888645172119, 0.9844444394111633, 0.9858333468437195, 0.9825000166893005, 0.976111114025116, 0.9927777647972107, 0.9933333396911621, 0.9783333539962769, 0.9869444370269775, 0.9866666793823242, 0.9905555844306946, 0.992222249507904, 0.9894444346427917], "precision": [0.6746411323547363, 0.8068376183509827, 0.8735891580581665, 0.9063205122947693, 0.926856517791748, 0.9362435340881348, 0.9498327970504761, 0.9664391279220581, 0.9671491980552673, 0.9739900231361389, 0.9772601127624512, 0.9684385657310486, 0.9706533551216125, 0.9766666889190674, 0.9785478711128235, 0.9755826592445374, 0.9674032926559448, 0.9844271540641785, 0.9828349947929382, 0.9844875335693359, 0.981697142124176, 0.9719163179397583, 0.9933258891105652, 0.9916943311691284, 0.9799330830574036, 0.9861342310905457, 0.9839779138565063, 0.9911012053489685, 0.9916759133338928, 0.9883592128753662], "recall": [0.46766167879104614, 0.7866666913032532, 0.8600000143051147, 0.8922222256660461, 0.9222221970558167, 0.9055555462837219, 0.9466666579246521, 0.9438889026641846, 0.9649999737739563, 0.9777777791023254, 0.9788888692855835, 0.971666693687439, 0.9738888740539551, 0.9766666889190674, 0.9883333444595337, 0.9766666889190674, 0.972777783870697, 0.9833333492279053, 0.9861111044883728, 0.9872221946716309, 0.9833333492279053, 0.980555534362793, 0.992222249507904, 0.9950000047683716, 0.9766666889190674, 0.9877777695655823, 0.9894444346427917, 0.9900000095367432, 0.9927777647972107, 0.9905555844306946], "auc": [0.7087147831916809, 0.8784377574920654, 0.9409744143486023, 0.9657488465309143, 0.9781188368797302, 0.9770631194114685, 0.9878447651863098, 0.9921056628227234, 0.9949815273284912, 0.9964447617530823, 0.9972849488258362, 0.9963400959968567, 0.9954079985618591, 0.9976955652236938, 0.9984722137451172, 0.9971899390220642, 0.9951241612434387, 0.9984517097473145, 0.9975886940956116, 0.9984638094902039, 0.998565673828125, 0.997452974319458, 0.9996955394744873, 0.9990871548652649, 0.9982773065567017, 0.9989986419677734, 0.9979825019836426, 0.9989590644836426, 0.9993552565574646, 0.9990748167037964], "val_loss": [0.6095101237297058, 0.2823818027973175, 0.1766820102930069, 0.03551361709833145, 0.05800081416964531, 0.026657450944185257, 0.024447690695524216, 0.02687857113778591, 0.030315935611724854, 0.02072114124894142, 0.04001766815781593, 0.012384037487208843, 0.016613105311989784, 0.015251373872160912, 0.02700676955282688, 0.030978936702013016, 0.01764576882123947, 0.03155263140797615, 0.048559803515672684, 0.030036838725209236, 0.020680541172623634, 0.025084668770432472, 0.02157488279044628, 0.04161616042256355, 0.03390158340334892, 0.010321798734366894, 0.018612274900078773, 0.023891394957900047, 0.031039809808135033, 0.021206583827733994], "val_accuracy": [0.7033492922782898, 0.8708133697509766, 0.9282296895980835, 0.9952152967453003, 0.980861246585846, 0.9904305934906006, 0.9904305934906006, 0.9904305934906006, 0.9904305934906006, 0.9952152967453003, 0.9904305934906006, 0.9952152967453003, 0.9952152967453003, 0.9952152967453003, 0.9904305934906006, 0.9904305934906006, 0.9952152967453003, 0.9904305934906006, 0.9904305934906006, 0.9904305934906006, 0.9952152967453003, 0.9904305934906006, 0.9904305934906006, 0.9904305934906006, 0.9904305934906006, 0.9952152967453003, 0.9952152967453003, 0.9904305934906006, 0.9904305934906006, 0.9952152967453003], "val_precision": [0.11594203114509583, 0.23529411852359772, 0.3636363744735718, 1.0, 1.0, 1.0, 1.0, 1.0, 1.0, 1.0, 1.0, 1.0, 1.0, 1.0, 1.0, 1.0, 1.0, 1.0, 1.0, 1.0, 1.0, 1.0, 1.0, 1.0, 1.0, 1.0, 1.0, 1.0, 1.0, 1.0], "val_recall": [0.8888888955116272, 0.8888888955116272, 0.8888888955116272, 0.8888888955116272, 0.5555555820465088, 0.7777777910232544, 0.7777777910232544, 0.7777777910232544, 0.7777777910232544, 0.8888888955116272, 0.7777777910232544, 0.8888888955116272, 0.8888888955116272, 0.8888888955116272, 0.7777777910232544, 0.7777777910232544, 0.8888888955116272, 0.7777777910232544, 0.7777777910232544, 0.7777777910232544, 0.8888888955116272, 0.7777777910232544, 0.7777777910232544, 0.7777777910232544, 0.7777777910232544, 0.8888888955116272, 0.8888888955116272, 0.7777777910232544, 0.7777777910232544, 0.8888888955116272], "val_auc": [0.918055534362793, 0.940833330154419, 0.975277841091156, 0.9961110949516296, 0.9988889098167419, 0.9988888502120972, 0.9999999403953552, 0.9994444847106934, 0.9994444251060486, 0.9994444251060486, 0.9444444179534912, 0.9999999403953552, 0.9988889098167419, 1.0, 0.9994444251060486, 0.9994444251060486, 1.0, 1.0, 0.9444444179534912, 1.0, 1.0, 1.0, 1.0, 0.9444444179534912, 1.0, 1.0, 1.0, 1.0, 1.0, 1.0], "f1": [0.5523995939781388, 0.7966244908178335, 0.866741325342543, 0.8992161126660398, 0.9245335499563904, 0.9206438791299749, 0.9482470846086174, 0.9550309196542993, 0.9660733905708261, 0.9758802257088574, 0.9780738129448332, 0.9700499440791595, 0.9722684228018703, 0.9766666889190674, 0.9834162658259572, 0.9761243731160635, 0.9700830943303378, 0.9838799476433399, 0.9844703240975996, 0.985852967702558, 0.9825145644719326, 0.9762168129281282, 0.9927737625877936, 0.9933444178028722, 0.9782971594902516, 0.9869553160982913, 0.9867036029232349, 0.9905503013928146, 0.9922265331686038, 0.9894561797910522], "val_f1": [0.20512820868449802, 0.37209302493209384, 0.5161290442906359, 0.9411764743006353, 0.7142857361812978, 0.8750000083819031, 0.8750000083819031, 0.8750000083819031, 0.8750000083819031, 0.9411764743006353, 0.8750000083819031, 0.9411764743006353, 0.9411764743006353, 0.9411764743006353, 0.8750000083819031, 0.8750000083819031, 0.9411764743006353, 0.8750000083819031, 0.8750000083819031, 0.8750000083819031, 0.9411764743006353, 0.8750000083819031, 0.8750000083819031, 0.8750000083819031, 0.8750000083819031, 0.9411764743006353, 0.9411764743006353, 0.8750000083819031, 0.8750000083819031, 0.9411764743006353]}