{"loss": [0.6313855648040771, 0.4250137209892273, 0.3012068271636963, 0.18392951786518097, 0.1610981971025467, 0.10984992980957031, 0.12225700914859772, 0.06918385624885559, 0.0898248702287674, 0.06258171796798706, 0.07758138328790665, 0.05981423333287239, 0.06427139043807983, 0.08475975692272186, 0.050448939204216, 0.03354794904589653, 0.05194257199764252, 0.03294670954346657, 0.04101591184735298, 0.049731433391571045, 0.03633081540465355, 0.0474366657435894, 0.040181614458560944, 0.036706916987895966, 0.022922242060303688, 0.05786394327878952, 0.03642407804727554, 0.02873384952545166, 0.03632962703704834, 0.032444894313812256], "accuracy": [0.63507479429245, 0.8119444251060486, 0.8772222399711609, 0.9277777671813965, 0.9397222399711609, 0.9574999809265137, 0.9538888931274414, 0.9786111116409302, 0.964722216129303, 0.9786111116409302, 0.972777783870697, 0.9797222018241882, 0.9783333539962769, 0.9680555462837219, 0.9794444441795349, 0.988611102104187, 0.9783333539962769, 0.9897222518920898, 0.9880555272102356, 0.9822221994400024, 0.9894444346427917, 0.9844444394111633, 0.988611102104187, 0.9866666793823242, 0.9916666746139526, 0.9797222018241882, 0.9877777695655823, 0.9894444346427917, 0.9869444370269775, 0.9902777671813965], "precision": [0.598960816860199, 0.8097076416015625, 0.8875570893287659, 0.9375, 0.9484419226646423, 0.9582637548446655, 0.9569351077079773, 0.9783453345298767, 0.9654980301856995, 0.9757040143013, 0.9733036756515503, 0.9757575988769531, 0.9751655459403992, 0.9698829054832458, 0.9789122939109802, 0.9856432676315308, 0.978865385055542, 0.9878250956535339, 0.9850910902023315, 0.983834981918335, 0.9878183603286743, 0.983370304107666, 0.989426851272583, 0.9882943034172058, 0.9911209940910339, 0.9805231094360352, 0.986157238483429, 0.9878183603286743, 0.9855955839157104, 0.9889196753501892], "recall": [0.7009397745132446, 0.8155555725097656, 0.8638888597488403, 0.9166666865348816, 0.9300000071525574, 0.9566666483879089, 0.9505555629730225, 0.9788888692855835, 0.9638888835906982, 0.9816666841506958, 0.9722222089767456, 0.9838888645172119, 0.9816666841506958, 0.9661111235618591, 0.9800000190734863, 0.9916666746139526, 0.9777777791023254, 0.9916666746139526, 0.9911110997200012, 0.980555534362793, 0.9911110997200012, 0.9855555295944214, 0.9877777695655823, 0.9850000143051147, 0.992222249507904, 0.9788888692855835, 0.9894444346427917, 0.9911110997200012, 0.9883333444595337, 0.9916666746139526], "auc": [0.7213494777679443, 0.8862900733947754, 0.9448460340499878, 0.9798521399497986, 0.9836291074752808, 0.9921778440475464, 0.990382194519043, 0.9961044192314148, 0.9948904514312744, 0.997217059135437, 0.9957903623580933, 0.9971107840538025, 0.9966936707496643, 0.994918942451477, 0.998314380645752, 0.9986134171485901, 0.9979544878005981, 0.9992311000823975, 0.9975149631500244, 0.9983253479003906, 0.9988122582435608, 0.9982550740242004, 0.998947024345398, 0.9984622597694397, 0.9996652603149414, 0.9971184730529785, 0.9985551238059998, 0.9994360208511353, 0.9986722469329834, 0.9988899230957031], "val_loss": [0.665813684463501, 0.0861063152551651, 0.11900438368320465, 0.008840437978506088, 0.027415992692112923, 0.004110268317162991, 0.005795162636786699, 0.007427261210978031, 0.003920573275536299, 0.0314636155962944, 0.007059645373374224, 0.01875532977283001, 0.011376121081411839, 0.03528580814599991, 0.01708141900599003, 0.022253256291151047, 0.009907793253660202, 0.014548229053616524, 0.019195914268493652, 0.004997476004064083, 0.013257695361971855, 0.011337240226566792, 0.005612472537904978, 0.03741602599620819, 0.019406568259000778, 0.018633505329489708, 0.0014726684894412756, 0.027379371225833893, 0.0013973885215818882, 0.01178758218884468], "val_accuracy": [0.6394230723381042, 0.9759615659713745, 0.9855769276618958, 1.0, 1.0, 1.0, 1.0, 0.995192289352417, 1.0, 0.9903846383094788, 0.995192289352417, 0.9903846383094788, 0.9903846383094788, 0.9903846383094788, 0.9903846383094788, 0.9903846383094788, 0.9903846383094788, 0.9903846383094788, 0.9903846383094788, 1.0, 0.9903846383094788, 0.9903846383094788, 0.995192289352417, 0.9903846383094788, 0.9903846383094788, 0.9903846383094788, 1.0, 0.9903846383094788, 1.0, 0.9903846383094788], "val_precision": [0.09638553857803345, 0.6363636255264282, 0.7272727489471436, 1.0, 1.0, 1.0, 1.0, 1.0, 1.0, 1.0, 1.0, 1.0, 1.0, 1.0, 1.0, 1.0, 1.0, 1.0, 1.0, 1.0, 1.0, 1.0, 1.0, 1.0, 1.0, 1.0, 1.0, 1.0, 1.0, 1.0], "val_recall": [1.0, 0.875, 1.0, 1.0, 1.0, 1.0, 1.0, 0.875, 1.0, 0.75, 0.875, 0.75, 0.75, 0.75, 0.75, 0.75, 0.75, 0.75, 0.75, 1.0, 0.75, 0.75, 0.875, 0.75, 0.75, 0.75, 1.0, 0.75, 1.0, 0.75], "val_auc": [0.8943749666213989, 0.9934375286102295, 0.9981250166893005, 1.0, 1.0, 1.0, 0.9999999403953552, 1.0, 1.0, 1.0, 1.0, 1.0, 1.0, 1.0, 1.0, 1.0, 1.0, 1.0, 1.0, 1.0, 1.0, 1.0, 1.0, 1.0, 1.0, 1.0, 1.0, 1.0, 1.0, 1.0], "f1": [0.6459501021823041, 0.8126210862072224, 0.875563053791108, 0.9269663022934314, 0.9391304366249312, 0.9574645356001673, 0.953734667243494, 0.9786170264364272, 0.9646927858582603, 0.9786762672897655, 0.9727626417347062, 0.9798063619498737, 0.9784053157554041, 0.9679933403534566, 0.9794558545016793, 0.9886457966805107, 0.9783212798044232, 0.9897421574777028, 0.9880919257286916, 0.9821925207072022, 0.9894619906309137, 0.984461704207493, 0.9886016227132054, 0.9866444090582909, 0.991671316062301, 0.9797053078449008, 0.9877981017864756, 0.9894619906309137, 0.9869625656053865, 0.9902912699894016], "val_f1": [0.17582416985003557, 0.7368420979983258, 0.8421052776875586, 1.0, 1.0, 1.0, 1.0, 0.9333333333333333, 1.0, 0.8571428571428571, 0.9333333333333333, 0.8571428571428571, 0.8571428571428571, 0.8571428571428571, 0.8571428571428571, 0.8571428571428571, 0.8571428571428571, 0.8571428571428571, 0.8571428571428571, 1.0, 0.8571428571428571, 0.8571428571428571, 0.9333333333333333, 0.8571428571428571, 0.8571428571428571, 0.8571428571428571, 1.0, 0.8571428571428571, 1.0, 0.8571428571428571]}