{"loss": [0.670622706413269, 0.4453752934932709, 0.3365926444530487, 0.24339909851551056, 0.16147246956825256, 0.09911059588193893, 0.1379367709159851, 0.08447670936584473, 0.08484134823083878, 0.10725387930870056, 0.09205498546361923, 0.07968147099018097, 0.07832248508930206, 0.049772005528211594, 0.057025596499443054, 0.04487860947847366, 0.0467754565179348, 0.03996394947171211, 0.06511238217353821, 0.034811537712812424, 0.04343289136886597, 0.04747982323169708, 0.030300529673695564, 0.06299763917922974, 0.019898440688848495, 0.05225031450390816, 0.037606336176395416, 0.029374893754720688, 0.029074233025312424, 0.017789721488952637], "accuracy": [0.6295615434646606, 0.7986111044883728, 0.8547222018241882, 0.8999999761581421, 0.9333333373069763, 0.9641666412353516, 0.9461110830307007, 0.9697222113609314, 0.965833306312561, 0.9513888955116272, 0.9652777910232544, 0.9697222113609314, 0.9702777862548828, 0.9825000166893005, 0.9802777767181396, 0.9836111068725586, 0.980555534362793, 0.9850000143051147, 0.9763888716697693, 0.9877777695655823, 0.9816666841506958, 0.9838888645172119, 0.9891666769981384, 0.9780555367469788, 0.9930555820465088, 0.9813888669013977, 0.9877777695655823, 0.9894444346427917, 0.9908333420753479, 0.9933333396911621], "precision": [0.6220858693122864, 0.8101558089256287, 0.8609383702278137, 0.9090909361839294, 0.9382022619247437, 0.9654595851898193, 0.9516310691833496, 0.9720826148986816, 0.9697479009628296, 0.954672634601593, 0.9645035862922668, 0.9742007851600647, 0.9694952964782715, 0.981697142124176, 0.9821528196334839, 0.9833425879478455, 0.9821627736091614, 0.9839246273040771, 0.9782487154006958, 0.9877777695655823, 0.9811320900917053, 0.9838888645172119, 0.9910764098167419, 0.9772601127624512, 0.9927817583084106, 0.984890878200531, 0.9850828647613525, 0.9889011979103088, 0.9900166392326355, 0.9916943311691284], "recall": [0.5605306625366211, 0.7799999713897705, 0.8461111187934875, 0.8888888955116272, 0.9277777671813965, 0.9627777934074402, 0.9399999976158142, 0.9672222137451172, 0.9616666436195374, 0.9477777481079102, 0.9661111235618591, 0.9649999737739563, 0.9711111187934875, 0.9833333492279053, 0.9783333539962769, 0.9838888645172119, 0.9788888692855835, 0.9861111044883728, 0.9744444489479065, 0.9877777695655823, 0.9822221994400024, 0.9838888645172119, 0.9872221946716309, 0.9788888692855835, 0.9933333396911621, 0.9777777791023254, 0.9905555844306946, 0.9900000095367432, 0.9916666746139526, 0.9950000047683716], "auc": [0.6886258721351624, 0.8757917881011963, 0.9312479496002197, 0.9636803865432739, 0.9851124882698059, 0.9939192533493042, 0.988311767578125, 0.9955352544784546, 0.9955228567123413, 0.9931839108467102, 0.9944066405296326, 0.9960998892784119, 0.9960180521011353, 0.998179018497467, 0.9980029463768005, 0.9985839128494263, 0.9984270930290222, 0.999056339263916, 0.997005045413971, 0.9989466667175293, 0.9987208843231201, 0.9986027479171753, 0.9991887807846069, 0.9969452619552612, 0.9998149871826172, 0.9972445368766785, 0.9988433122634888, 0.9991852045059204, 0.9988527894020081, 0.9997884631156921], "val_loss": [0.8421375155448914, 0.2938942313194275, 0.1589716672897339, 0.032078638672828674, 0.0154047766700387, 0.024224508553743362, 0.011560252867639065, 0.008929131552577019, 0.004544050898402929, 0.007836698554456234, 0.023670619353652, 0.003698147600516677, 0.016536926850676537, 0.027820220217108727, 0.004794535227119923, 0.013872356154024601, 0.002594389719888568, 0.005988298915326595, 0.019766313955187798, 0.00964308250695467, 0.002226018812507391, 0.011576482094824314, 0.005094949621707201, 0.006889157462865114, 0.014947382733225822, 0.016967961564660072, 0.02146398462355137, 0.022388167679309845, 0.011993789114058018, 0.03328848257660866], "val_accuracy": [0.3732057511806488, 0.880382776260376, 0.9234449863433838, 0.9952152967453003, 0.9952152967453003, 0.9904305934906006, 0.9952152967453003, 0.9952152967453003, 1.0, 1.0, 0.9904305934906006, 1.0, 0.9904305934906006, 0.9904305934906006, 0.9952152967453003, 0.9904305934906006, 1.0, 0.9952152967453003, 0.9904305934906006, 0.9952152967453003, 1.0, 0.9904305934906006, 1.0, 1.0, 0.9952152967453003, 0.9904305934906006, 0.9904305934906006, 0.9904305934906006, 0.9904305934906006, 0.9904305934906006], "val_precision": [0.06428571790456772, 0.25, 0.3478260934352875, 1.0, 1.0, 1.0, 1.0, 1.0, 1.0, 1.0, 1.0, 1.0, 1.0, 1.0, 1.0, 1.0, 1.0, 1.0, 1.0, 1.0, 1.0, 1.0, 1.0, 1.0, 1.0, 1.0, 1.0, 1.0, 1.0, 1.0], "val_recall": [1.0, 0.8888888955116272, 0.8888888955116272, 0.8888888955116272, 0.8888888955116272, 0.7777777910232544, 0.8888888955116272, 0.8888888955116272, 1.0, 1.0, 0.7777777910232544, 1.0, 0.7777777910232544, 0.7777777910232544, 0.8888888955116272, 0.7777777910232544, 1.0, 0.8888888955116272, 0.7777777910232544, 0.8888888955116272, 1.0, 0.7777777910232544, 1.0, 1.0, 0.8888888955116272, 0.7777777910232544, 0.7777777910232544, 0.7777777910232544, 0.7777777910232544, 0.7777777910232544], "val_auc": [0.940000057220459, 0.9652777910232544, 0.983055591583252, 0.9938888549804688, 0.9997222423553467, 1.0, 0.9999999403953552, 1.0, 1.0, 0.9999999403953552, 1.0, 1.0, 1.0, 1.0, 1.0, 1.0, 1.0, 1.0, 1.0, 1.0, 1.0, 1.0, 1.0, 1.0, 1.0, 1.0, 1.0, 1.0, 1.0, 1.0], "f1": [0.5897062912440935, 0.794791951336879, 0.8534603505412577, 0.8988764211243864, 0.9329608957819795, 0.9641168243811554, 0.9457797754158547, 0.9696463236086127, 0.9656903658428936, 0.9512126970841538, 0.9653066856645581, 0.9695785521936422, 0.9703025349384861, 0.9825145644719326, 0.9802393662281326, 0.9836156503853044, 0.9805230886153333, 0.9850166525470455, 0.9763428764094867, 0.9877777695655823, 0.9816768421362171, 0.9838888645172119, 0.989145547761837, 0.9780738129448332, 0.993057472407543, 0.9813214390129779, 0.9878116446006576, 0.9894502986585269, 0.9908409699778219, 0.9933444178028722], "val_f1": [0.12080537551727644, 0.3902439030772657, 0.5000000077416189, 0.9411764743006353, 0.9411764743006353, 0.8750000083819031, 0.9411764743006353, 0.9411764743006353, 1.0, 1.0, 0.8750000083819031, 1.0, 0.8750000083819031, 0.8750000083819031, 0.9411764743006353, 0.8750000083819031, 1.0, 0.9411764743006353, 0.8750000083819031, 0.9411764743006353, 1.0, 0.8750000083819031, 1.0, 1.0, 0.9411764743006353, 0.8750000083819031, 0.8750000083819031, 0.8750000083819031, 0.8750000083819031, 0.8750000083819031]}