{"loss": [0.6565039157867432, 0.4548145830631256, 0.3456689119338989, 0.2426905483007431, 0.12655650079250336, 0.10164699703454971, 0.08072075992822647, 0.08044663816690445, 0.08800580352544785, 0.08436715602874756, 0.06838963180780411, 0.12402226775884628, 0.06747981160879135, 0.11426493525505066, 0.05149991810321808, 0.04464863985776901, 0.04485977068543434, 0.05184170976281166, 0.11238960921764374, 0.04521634429693222, 0.037839796394109726, 0.027347858995199203, 0.03485935553908348, 0.029425611719489098, 0.02991427481174469, 0.021658912301063538, 0.024160413071513176, 0.020824292674660683, 0.02736104466021061, 0.0173565074801445], "accuracy": [0.5996324419975281, 0.7938888669013977, 0.8588888645172119, 0.9063888788223267, 0.9505555629730225, 0.9627777934074402, 0.9700000286102295, 0.9683333039283752, 0.965833306312561, 0.9686111211776733, 0.9750000238418579, 0.9505555629730225, 0.9766666889190674, 0.9552778005599976, 0.9836111068725586, 0.9847221970558167, 0.9852777719497681, 0.9816666841506958, 0.9561111330986023, 0.9833333492279053, 0.9891666769981384, 0.991944432258606, 0.9888888597488403, 0.9916666746139526, 0.9897222518920898, 0.9927777647972107, 0.991944432258606, 0.9925000071525574, 0.9883333444595337, 0.9947222471237183], "precision": [0.5666666626930237, 0.8068445324897766, 0.8541666865348816, 0.9177612662315369, 0.9535794258117676, 0.96484375, 0.9679203629493713, 0.966261088848114, 0.9624931216239929, 0.9725490212440491, 0.9739468097686768, 0.9561305046081543, 0.9756097793579102, 0.9591036438941956, 0.9833425879478455, 0.9812465310096741, 0.9860879182815552, 0.9768977165222168, 0.9602017998695374, 0.979603111743927, 0.9867330193519592, 0.9905816912651062, 0.9856511950492859, 0.988950252532959, 0.9894502758979797, 0.99005526304245, 0.9905816912651062, 0.9911357164382935, 0.9856353402137756, 0.9933518171310425], "recall": [0.6672194600105286, 0.772777795791626, 0.8655555844306946, 0.8927778005599976, 0.9472222328186035, 0.9605555534362793, 0.9722222089767456, 0.9705555438995361, 0.9694444537162781, 0.9644444584846497, 0.976111114025116, 0.9444444179534912, 0.9777777791023254, 0.9511111378669739, 0.9838888645172119, 0.9883333444595337, 0.9844444394111633, 0.9866666793823242, 0.9516666531562805, 0.9872221946716309, 0.9916666746139526, 0.9933333396911621, 0.992222249507904, 0.9944444298744202, 0.9900000095367432, 0.995555579662323, 0.9933333396911621, 0.9938889145851135, 0.9911110997200012, 0.9961110949516296], "auc": [0.6804032325744629, 0.8707641959190369, 0.9267948269844055, 0.9643831849098206, 0.9903230667114258, 0.9930741190910339, 0.9955134391784668, 0.9954761266708374, 0.9950226545333862, 0.9956530332565308, 0.996282696723938, 0.9904147982597351, 0.9965043663978577, 0.9912656545639038, 0.9983217120170593, 0.997809648513794, 0.9982317090034485, 0.9971700310707092, 0.9917629957199097, 0.9984689950942993, 0.9984162449836731, 0.9992101788520813, 0.9979496002197266, 0.9990018010139465, 0.9988793134689331, 0.9990969896316528, 0.999342679977417, 0.9994234442710876, 0.9993041157722473, 0.9995175004005432], "val_loss": [0.6714123487472534, 0.33170971274375916, 0.2466123253107071, 0.05770649015903473, 0.04485667869448662, 0.037084419280290604, 0.04838990047574043, 0.04805757850408554, 0.04117345064878464, 0.05371156334877014, 0.03793743625283241, 0.031007209792733192, 0.052109114825725555, 0.03751973807811737, 0.04453553631901741, 0.049496062099933624, 0.03664212301373482, 0.059758614748716354, 0.036346256732940674, 0.05146050825715065, 0.04784301295876503, 0.04320492222905159, 0.03976696729660034, 0.04446806013584137, 0.04409950599074364, 0.047317344695329666, 0.04303387179970741, 0.04500725120306015, 0.04116155579686165, 0.04565393552184105], "val_accuracy": [0.6937798857688904, 0.8899521827697754, 0.8899521827697754, 0.980861246585846, 0.9904305934906006, 0.9904305934906006, 0.9904305934906006, 0.9904305934906006, 0.9904305934906006, 0.9904305934906006, 0.9904305934906006, 0.9952152967453003, 0.9904305934906006, 0.9856459498405457, 0.9952152967453003, 0.9904305934906006, 0.9952152967453003, 0.9904305934906006, 0.9904305934906006, 0.9904305934906006, 0.9904305934906006, 0.9952152967453003, 0.9952152967453003, 0.9952152967453003, 0.9952152967453003, 0.9952152967453003, 0.9952152967453003, 0.9952152967453003, 0.9952152967453003, 0.9952152967453003], "val_precision": [0.12328767031431198, 0.2666666805744171, 0.2666666805744171, 0.7272727489471436, 0.8888888955116272, 0.8888888955116272, 0.8888888955116272, 0.8888888955116272, 1.0, 1.0, 0.8888888955116272, 1.0, 1.0, 0.875, 1.0, 1.0, 1.0, 1.0, 1.0, 1.0, 1.0, 1.0, 1.0, 1.0, 1.0, 1.0, 1.0, 1.0, 1.0, 1.0], "val_recall": [1.0, 0.8888888955116272, 0.8888888955116272, 0.8888888955116272, 0.8888888955116272, 0.8888888955116272, 0.8888888955116272, 0.8888888955116272, 0.7777777910232544, 0.7777777910232544, 0.8888888955116272, 0.8888888955116272, 0.7777777910232544, 0.7777777910232544, 0.8888888955116272, 0.7777777910232544, 0.8888888955116272, 0.7777777910232544, 0.7777777910232544, 0.7777777910232544, 0.7777777910232544, 0.8888888955116272, 0.8888888955116272, 0.8888888955116272, 0.8888888955116272, 0.8888888955116272, 0.8888888955116272, 0.8888888955116272, 0.8888888955116272, 0.8888888955116272], "val_auc": [0.9275000095367432, 0.9752777814865112, 0.9808332920074463, 0.993055522441864, 0.9422221779823303, 0.9905555248260498, 0.9422222375869751, 0.9422222375869751, 0.9433332681655884, 0.9441666007041931, 0.9422221779823303, 0.9936111569404602, 0.9441666007041931, 0.9766666889190674, 0.9441666007041931, 0.9444444179534912, 0.9438889026641846, 0.9444444179534912, 0.9441666007041931, 0.9444444179534912, 0.9444444179534912, 0.9444444179534912, 0.9444444179534912, 0.9444444179534912, 0.9444444179534912, 0.9444444179534912, 0.9444444179534912, 0.9444444179534912, 0.9444444179534912, 0.9444444179534912], "f1": [0.612845898387409, 0.7894438160320797, 0.8598234238715963, 0.9050971610983644, 0.9503901985630056, 0.9626948764412046, 0.9700665167570447, 0.9684035553799661, 0.9659562818266564, 0.96847978473822, 0.9750277608523383, 0.9502515340938229, 0.9766925761347895, 0.9550906702078088, 0.9836156503853044, 0.9847771880803505, 0.9852654934927829, 0.9817578970850412, 0.9559151748021855, 0.9833978958156329, 0.9891936953053353, 0.9919556072388843, 0.9889258068287675, 0.9916897315269754, 0.9897250663812504, 0.9927978031720592, 0.9919556072388843, 0.9925104061902983, 0.9883656358019282, 0.9947295425565345], "val_f1": [0.21951219366596328, 0.4102564274206668, 0.4102564274206668, 0.8000000157952307, 0.8888888955116272, 0.8888888955116272, 0.8888888955116272, 0.8888888955116272, 0.8750000083819031, 0.8750000083819031, 0.8888888955116272, 0.9411764743006353, 0.8750000083819031, 0.8235294191895058, 0.9411764743006353, 0.8750000083819031, 0.9411764743006353, 0.8750000083819031, 0.8750000083819031, 0.8750000083819031, 0.8750000083819031, 0.9411764743006353, 0.9411764743006353, 0.9411764743006353, 0.9411764743006353, 0.9411764743006353, 0.9411764743006353, 0.9411764743006353, 0.9411764743006353, 0.9411764743006353]}