{"loss": [0.6233854293823242, 0.3760932683944702, 0.3280397951602936, 0.20269235968589783, 0.1456243246793747, 0.12573477625846863, 0.10060267150402069, 0.07291542738676071, 0.07768644392490387, 0.09995920211076736, 0.06145419925451279, 0.08574897795915604, 0.06266047060489655, 0.05548714101314545, 0.04545197635889053, 0.051505301147699356, 0.05428161099553108, 0.02935543842613697, 0.07816430181264877, 0.06718774884939194, 0.031621214002370834, 0.023905305191874504, 0.02709869109094143, 0.04089799150824547, 0.03201461583375931, 0.02836933732032776, 0.017510579898953438, 0.028587862849235535, 0.026107391342520714, 0.019097842276096344], "accuracy": [0.637437641620636, 0.8305555582046509, 0.8586111068725586, 0.9175000190734863, 0.9422222375869751, 0.948888897895813, 0.9674999713897705, 0.9744444489479065, 0.9683333039283752, 0.9588888883590698, 0.9794444441795349, 0.9669444561004639, 0.977222204208374, 0.9827777743339539, 0.9827777743339539, 0.9827777743339539, 0.9819444417953491, 0.9902777671813965, 0.9705555438995361, 0.9758333563804626, 0.9891666769981384, 0.9930555820465088, 0.9891666769981384, 0.9850000143051147, 0.9888888597488403, 0.9894444346427917, 0.9933333396911621, 0.9900000095367432, 0.992222249507904, 0.9938889145851135], "precision": [0.5897650718688965, 0.8463329672813416, 0.8616246581077576, 0.9248162508010864, 0.9476940631866455, 0.9459161162376404, 0.9719573855400085, 0.9723451137542725, 0.9672948718070984, 0.9583795666694641, 0.9783813953399658, 0.9656509757041931, 0.9724972248077393, 0.9811738729476929, 0.9806416034698486, 0.9801105260848999, 0.9816768169403076, 0.986762285232544, 0.97318434715271, 0.972421407699585, 0.9894385933876038, 0.9922351837158203, 0.9872717261314392, 0.9844617247581482, 0.9856511950492859, 0.9878183603286743, 0.9922394752502441, 0.9872928261756897, 0.992222249507904, 0.9917035102844238], "recall": [0.7772249579429626, 0.8077777624130249, 0.8544444441795349, 0.9088888764381409, 0.9361110925674438, 0.9522222280502319, 0.9627777934074402, 0.9766666889190674, 0.9694444537162781, 0.9594444632530212, 0.980555534362793, 0.9683333039283752, 0.9822221994400024, 0.9844444394111633, 0.9850000143051147, 0.9855555295944214, 0.9822221994400024, 0.9938889145851135, 0.9677777886390686, 0.9794444441795349, 0.9888888597488403, 0.9938889145851135, 0.9911110997200012, 0.9855555295944214, 0.992222249507904, 0.9911110997200012, 0.9944444298744202, 0.9927777647972107, 0.992222249507904, 0.9961110949516296], "auc": [0.7388651371002197, 0.9136719107627869, 0.9343670010566711, 0.975102961063385, 0.9874660968780518, 0.9901113510131836, 0.9932249784469604, 0.996361494064331, 0.995938777923584, 0.9939624071121216, 0.9974501729011536, 0.9942419528961182, 0.9966785311698914, 0.9975021481513977, 0.99821537733078, 0.9978229999542236, 0.9980743527412415, 0.9991710186004639, 0.99567711353302, 0.9969856142997742, 0.9994078278541565, 0.999356210231781, 0.9992683529853821, 0.9984520077705383, 0.9986577033996582, 0.9995623826980591, 0.999764621257782, 0.9989126920700073, 0.9993920922279358, 0.9994817972183228], "val_loss": [0.4582592844963074, 0.46786826848983765, 0.1782573014497757, 0.028808005154132843, 0.02379077486693859, 0.028251396492123604, 0.008346223272383213, 0.009865013882517815, 0.015515154227614403, 0.009132582694292068, 0.012991474941372871, 0.0069679394364356995, 0.016189947724342346, 0.02765469253063202, 0.024368127807974815, 0.010813022963702679, 0.007289787754416466, 0.01483045145869255, 0.027524251490831375, 0.03605727106332779, 0.017118781805038452, 0.026071682572364807, 0.006895689759403467, 0.03566133975982666, 0.04105502367019653, 0.04443936049938202, 0.014137709513306618, 0.046352650970220566, 0.014529003761708736, 0.04583513364195824], "val_accuracy": [0.8086124658584595, 0.760765552520752, 0.9377990365028381, 0.9856459498405457, 0.9904305934906006, 0.9904305934906006, 0.9952152967453003, 0.9952152967453003, 0.9952152967453003, 1.0, 0.9952152967453003, 1.0, 0.9952152967453003, 0.9904305934906006, 0.9904305934906006, 0.9952152967453003, 0.9952152967453003, 0.9952152967453003, 0.9952152967453003, 0.9904305934906006, 0.9952152967453003, 0.9904305934906006, 0.9952152967453003, 0.9856459498405457, 0.9856459498405457, 0.9856459498405457, 0.9952152967453003, 0.9856459498405457, 0.9904305934906006, 0.9856459498405457], "val_precision": [0.1702127605676651, 0.14035087823867798, 0.4000000059604645, 1.0, 1.0, 1.0, 1.0, 1.0, 0.8999999761581421, 1.0, 0.8999999761581421, 1.0, 1.0, 1.0, 1.0, 1.0, 1.0, 1.0, 1.0, 1.0, 1.0, 1.0, 1.0, 1.0, 1.0, 1.0, 1.0, 1.0, 1.0, 1.0], "val_recall": [0.8888888955116272, 0.8888888955116272, 0.8888888955116272, 0.6666666865348816, 0.7777777910232544, 0.7777777910232544, 0.8888888955116272, 0.8888888955116272, 1.0, 1.0, 1.0, 1.0, 0.8888888955116272, 0.7777777910232544, 0.7777777910232544, 0.8888888955116272, 0.8888888955116272, 0.8888888955116272, 0.8888888955116272, 0.7777777910232544, 0.8888888955116272, 0.7777777910232544, 0.8888888955116272, 0.6666666865348816, 0.6666666865348816, 0.6666666865348816, 0.8888888955116272, 0.6666666865348816, 0.7777777910232544, 0.6666666865348816], "val_auc": [0.9188889265060425, 0.9486110806465149, 0.9794443845748901, 1.0, 1.0, 1.0, 1.0, 1.0, 0.9994444847106934, 0.9999999403953552, 1.0, 1.0, 1.0, 1.0, 1.0, 1.0, 1.0, 1.0, 0.9999999403953552, 1.0, 1.0, 1.0, 1.0, 1.0, 1.0, 1.0, 1.0, 1.0, 1.0, 1.0], "f1": [0.670641516299309, 0.8266060285978765, 0.8580195297578563, 0.9167833918508465, 0.9418669677164196, 0.9490586968679078, 0.9673458126143802, 0.9745011101876683, 0.9683684698540204, 0.9589117193124459, 0.9794672583601395, 0.9669902796965361, 0.9773355206387848, 0.9828064352531616, 0.98281597694232, 0.9828254863594755, 0.9819494324627198, 0.9903127786594503, 0.9704735378997027, 0.9759202910954821, 0.9891636501887852, 0.993061360667358, 0.9891876874613258, 0.9850083235218328, 0.9889258068287675, 0.9894619906309137, 0.9933407289593015, 0.9900276986482821, 0.992222249507904, 0.9939024161455792], "val_f1": [0.2857142784632742, 0.24242424423044379, 0.5517241448766411, 0.8000000143051146, 0.8750000083819031, 0.8750000083819031, 0.9411764743006353, 0.9411764743006353, 0.9473684078438459, 1.0, 0.9473684078438459, 1.0, 0.9411764743006353, 0.8750000083819031, 0.8750000083819031, 0.9411764743006353, 0.9411764743006353, 0.9411764743006353, 0.9411764743006353, 0.8750000083819031, 0.9411764743006353, 0.8750000083819031, 0.9411764743006353, 0.8000000143051146, 0.8000000143051146, 0.8000000143051146, 0.9411764743006353, 0.8000000143051146, 0.8750000083819031, 0.8000000143051146]}