{"loss": [0.6150817275047302, 0.3610081970691681, 0.27332261204719543, 0.16627858579158783, 0.11954713612794876, 0.10218708217144012, 0.08264868706464767, 0.09131109714508057, 0.06974811851978302, 0.06352882832288742, 0.05971790477633476, 0.09066813439130783, 0.04797224700450897, 0.035257212817668915, 0.07294320315122604, 0.0551142618060112, 0.027062850072979927, 0.02588614821434021, 0.04748350754380226, 0.026455944404006004, 0.02308553457260132, 0.02475377917289734, 0.05290381237864494, 0.027870653197169304, 0.02517586573958397, 0.025859130546450615, 0.03366651013493538, 0.036134686321020126, 0.023076782003045082, 0.03974298760294914], "accuracy": [0.6360294222831726, 0.8469444513320923, 0.8877778053283691, 0.934166669845581, 0.95333331823349, 0.9616666436195374, 0.9713888764381409, 0.9697222113609314, 0.9747222065925598, 0.9788888692855835, 0.9794444441795349, 0.9622222185134888, 0.9836111068725586, 0.9877777695655823, 0.9733333587646484, 0.9763888716697693, 0.9905555844306946, 0.9913889169692993, 0.9825000166893005, 0.9902777671813965, 0.991944432258606, 0.9908333420753479, 0.9808333516120911, 0.9913889169692993, 0.9908333420753479, 0.9913889169692993, 0.9863888621330261, 0.9869444370269775, 0.9941666722297668, 0.9858333468437195], "precision": [0.5880634188652039, 0.8479108810424805, 0.8952434659004211, 0.937325119972229, 0.9563758373260498, 0.9616666436195374, 0.9748181104660034, 0.965840220451355, 0.974458634853363, 0.9751929640769958, 0.9789122939109802, 0.9653244018554688, 0.9812051057815552, 0.9872363805770874, 0.9701986908912659, 0.9766536951065063, 0.9889258146286011, 0.9894853234291077, 0.9849246144294739, 0.9889196753501892, 0.9905816912651062, 0.9894737005233765, 0.9816360473632812, 0.9884042143821716, 0.9878520369529724, 0.9900277256965637, 0.987200915813446, 0.9845218062400818, 0.9927977919578552, 0.9850249290466309], "recall": [0.7793141603469849, 0.8455555438995361, 0.878333330154419, 0.9305555820465088, 0.949999988079071, 0.9616666436195374, 0.9677777886390686, 0.9738888740539551, 0.9750000238418579, 0.9827777743339539, 0.9800000190734863, 0.9588888883590698, 0.9861111044883728, 0.9883333444595337, 0.9766666889190674, 0.976111114025116, 0.992222249507904, 0.9933333396911621, 0.9800000190734863, 0.9916666746139526, 0.9933333396911621, 0.992222249507904, 0.9800000190734863, 0.9944444298744202, 0.9938889145851135, 0.9927777647972107, 0.9855555295944214, 0.9894444346427917, 0.995555579662323, 0.9866666793823242], "auc": [0.7371669411659241, 0.9195297360420227, 0.9556347727775574, 0.9832348227500916, 0.9910346269607544, 0.9933835864067078, 0.995206892490387, 0.9932214617729187, 0.9967643618583679, 0.9962967038154602, 0.9968856573104858, 0.9949261546134949, 0.9980495572090149, 0.9989814162254333, 0.9957022070884705, 0.9983142018318176, 0.9995973110198975, 0.9988291263580322, 0.9979620575904846, 0.9990488886833191, 0.9996689558029175, 0.9990397691726685, 0.9974842071533203, 0.9992220401763916, 0.9993227124214172, 0.9995063543319702, 0.9988117814064026, 0.998854398727417, 0.998595654964447, 0.9980556964874268], "val_loss": [0.1457776576280594, 0.08715930581092834, 0.052171461284160614, 0.023319365456700325, 0.0077750831842422485, 0.025840312242507935, 0.021689917892217636, 0.021262861788272858, 0.015275278128683567, 0.03315167501568794, 0.009876895695924759, 0.038142312318086624, 0.04627188667654991, 0.02616533450782299, 0.057749710977077484, 0.0410022959113121, 0.0348939448595047, 0.06819122284650803, 0.02781430073082447, 0.00863183569163084, 0.04719042405486107, 0.01449616439640522, 0.05929248034954071, 0.04401545971632004, 0.03524360805749893, 0.03575943782925606, 0.027948996052145958, 0.03536733612418175, 0.06273412704467773, 0.015193993225693703], "val_accuracy": [0.9615384340286255, 0.9759615659713745, 0.9855769276618958, 0.9855769276618958, 1.0, 0.9855769276618958, 0.9903846383094788, 0.995192289352417, 0.995192289352417, 0.9855769276618958, 0.995192289352417, 0.9855769276618958, 0.9807692170143127, 0.995192289352417, 0.9759615659713745, 0.9855769276618958, 0.9855769276618958, 0.9807692170143127, 0.9903846383094788, 0.995192289352417, 0.9855769276618958, 0.995192289352417, 0.9807692170143127, 0.9855769276618958, 0.995192289352417, 0.9855769276618958, 0.9855769276618958, 0.995192289352417, 0.9807692170143127, 0.995192289352417], "val_precision": [0.5, 1.0, 1.0, 1.0, 1.0, 1.0, 1.0, 1.0, 1.0, 1.0, 1.0, 1.0, 1.0, 1.0, 1.0, 1.0, 1.0, 1.0, 1.0, 1.0, 1.0, 1.0, 1.0, 1.0, 1.0, 1.0, 1.0, 1.0, 1.0, 1.0], "val_recall": [0.5, 0.375, 0.625, 0.625, 1.0, 0.625, 0.75, 0.875, 0.875, 0.625, 0.875, 0.625, 0.5, 0.875, 0.375, 0.625, 0.625, 0.5, 0.75, 0.875, 0.625, 0.875, 0.5, 0.625, 0.875, 0.625, 0.625, 0.875, 0.5, 0.875], "val_auc": [0.9337499737739563, 0.9474999904632568, 0.9881249666213989, 1.0, 0.9999999403953552, 1.0, 1.0, 1.0, 1.0, 1.0, 0.9999999403953552, 1.0, 0.9375, 1.0, 1.0, 1.0, 1.0, 0.9375, 1.0, 1.0, 0.9375, 1.0, 0.9375, 1.0, 0.9375, 1.0, 1.0, 0.9375, 0.9375, 1.0], "f1": [0.6703139739467632, 0.8467315745250251, 0.8867077833363662, 0.9339280839936869, 0.9531772507299634, 0.9616666436195374, 0.9712851918473824, 0.9698478488319843, 0.9747292541723726, 0.9789706781415316, 0.9794558545016793, 0.9620958833496791, 0.9836519879629543, 0.987784557965719, 0.9734219457112122, 0.9763823291869871, 0.9905712895970789, 0.9914055976762886, 0.9824561456141737, 0.9902912699894016, 0.9919556072388843, 0.9908460689408157, 0.9808173509846578, 0.9914151221817195, 0.9908612808509288, 0.9914008381725192, 0.9863775365331152, 0.9869769824766912, 0.9941747733248308, 0.9858451207038937], "val_f1": [0.5, 0.5454545454545454, 0.7692307692307693, 0.7692307692307693, 1.0, 0.7692307692307693, 0.8571428571428571, 0.9333333333333333, 0.9333333333333333, 0.7692307692307693, 0.9333333333333333, 0.7692307692307693, 0.6666666666666666, 0.9333333333333333, 0.5454545454545454, 0.7692307692307693, 0.7692307692307693, 0.6666666666666666, 0.8571428571428571, 0.9333333333333333, 0.7692307692307693, 0.9333333333333333, 0.6666666666666666, 0.7692307692307693, 0.9333333333333333, 0.7692307692307693, 0.7692307692307693, 0.9333333333333333, 0.6666666666666666, 0.9333333333333333]}