{"loss": [0.6896119713783264, 0.5201622843742371, 0.3471832871437073, 0.2281043976545334, 0.15910135209560394, 0.14148850739002228, 0.10027973353862762, 0.09313806891441345, 0.06899069249629974, 0.08319690823554993, 0.11284107714891434, 0.05503815785050392, 0.050743281841278076, 0.06472764909267426, 0.045380037277936935, 0.04190757870674133, 0.1067856177687645, 0.0511561743915081, 0.04894896596670151, 0.030796384438872337, 0.02992897294461727, 0.022304002195596695, 0.03606506437063217, 0.02099425345659256, 0.023646336048841476, 0.02141028456389904, 0.038575951009988785, 0.043825797736644745, 0.02363208495080471, 0.020485704764723778], "accuracy": [0.5449054837226868, 0.7302777767181396, 0.8513888716697693, 0.903333306312561, 0.9361110925674438, 0.940833330154419, 0.960277795791626, 0.9641666412353516, 0.9752777814865112, 0.9725000262260437, 0.9580555558204651, 0.9786111116409302, 0.9850000143051147, 0.9758333563804626, 0.9838888645172119, 0.9852777719497681, 0.9586111307144165, 0.9802777767181396, 0.9791666865348816, 0.9894444346427917, 0.988611102104187, 0.992222249507904, 0.9866666793823242, 0.991944432258606, 0.9902777671813965, 0.9900000095367432, 0.9866666793823242, 0.9836111068725586, 0.9916666746139526, 0.9944444298744202], "precision": [0.5176304578781128, 0.7017031908035278, 0.8583569526672363, 0.9120317697525024, 0.9420045018196106, 0.9415692687034607, 0.9600222110748291, 0.9670206904411316, 0.9729132056236267, 0.9727626442909241, 0.9572933912277222, 0.9804796576499939, 0.9844617247581482, 0.9750415682792664, 0.9833518266677856, 0.9855475425720215, 0.9593767523765564, 0.9789473414421082, 0.979433000087738, 0.9878183603286743, 0.9867182970046997, 0.9900442361831665, 0.9861265420913696, 0.9905816912651062, 0.9878385663032532, 0.9900000095367432, 0.9855875968933105, 0.9812051057815552, 0.9900332093238831, 0.9933481216430664], "recall": [0.6089601516723633, 0.801111102104187, 0.8416666388511658, 0.8927778005599976, 0.929444432258606, 0.9399999976158142, 0.9605555534362793, 0.9611111283302307, 0.9777777791023254, 0.9722222089767456, 0.9588888883590698, 0.9766666889190674, 0.9855555295944214, 0.9766666889190674, 0.9844444394111633, 0.9850000143051147, 0.9577777981758118, 0.9816666841506958, 0.9788888692855835, 0.9911110997200012, 0.9905555844306946, 0.9944444298744202, 0.9872221946716309, 0.9933333396911621, 0.9927777647972107, 0.9900000095367432, 0.9877777695655823, 0.9861111044883728, 0.9933333396911621, 0.995555579662323], "auc": [0.5960814356803894, 0.8233872652053833, 0.9263309836387634, 0.9689686298370361, 0.9847637414932251, 0.987786054611206, 0.9940198659896851, 0.994915246963501, 0.9970717430114746, 0.9948025941848755, 0.9922398328781128, 0.9979683756828308, 0.9973328709602356, 0.9972487688064575, 0.9980406165122986, 0.9985581040382385, 0.9925473928451538, 0.9983724355697632, 0.998449981212616, 0.9993574619293213, 0.9991658329963684, 0.9996890425682068, 0.9988913536071777, 0.9996720552444458, 0.9993833303451538, 0.9997364282608032, 0.9987944960594177, 0.9987669587135315, 0.9996004700660706, 0.999180257320404], "val_loss": [0.7664602994918823, 0.4076797068119049, 0.1219264343380928, 0.0207232553511858, 0.006191603373736143, 0.034822627902030945, 0.020297428593039513, 0.0024230305571109056, 0.003410898381844163, 0.017370767891407013, 0.013736294582486153, 0.020878128707408905, 0.005256598349660635, 0.01647600531578064, 0.0010442478815093637, 0.00035065191332250834, 0.0010756223928183317, 0.008821127004921436, 0.010293261148035526, 0.0002793125167954713, 0.00030755207990296185, 0.03005240112543106, 0.0018412853823974729, 0.0003907821956090629, 0.0017511831829324365, 0.00500795291736722, 0.01568932831287384, 0.0014058072119951248, 0.0027061293367296457, 0.0006637699552811682], "val_accuracy": [0.0625, 0.817307710647583, 0.9663461446762085, 0.995192289352417, 1.0, 0.995192289352417, 0.995192289352417, 1.0, 1.0, 0.995192289352417, 0.995192289352417, 0.995192289352417, 0.995192289352417, 0.995192289352417, 1.0, 1.0, 1.0, 0.995192289352417, 0.995192289352417, 1.0, 1.0, 0.995192289352417, 1.0, 1.0, 1.0, 0.995192289352417, 0.995192289352417, 1.0, 1.0, 1.0], "val_precision": [0.03940886631608009, 0.15909090638160706, 0.5384615659713745, 0.8888888955116272, 1.0, 0.8888888955116272, 1.0, 1.0, 1.0, 0.8888888955116272, 1.0, 1.0, 1.0, 1.0, 1.0, 1.0, 1.0, 1.0, 1.0, 1.0, 1.0, 1.0, 1.0, 1.0, 1.0, 1.0, 1.0, 1.0, 1.0, 1.0], "val_recall": [1.0, 0.875, 0.875, 1.0, 1.0, 1.0, 0.875, 1.0, 1.0, 1.0, 0.875, 0.875, 0.875, 0.875, 1.0, 1.0, 1.0, 0.875, 0.875, 1.0, 1.0, 0.875, 1.0, 1.0, 1.0, 0.875, 0.875, 1.0, 1.0, 1.0], "val_auc": [0.8762499690055847, 0.9628125429153442, 0.99156254529953, 1.0, 0.9999999403953552, 1.0, 1.0, 1.0, 1.0, 0.9999999403953552, 1.0, 1.0, 1.0, 1.0, 1.0, 1.0, 1.0, 1.0, 1.0, 1.0, 1.0, 1.0, 1.0, 1.0, 1.0, 1.0, 1.0, 1.0, 1.0, 1.0], "f1": [0.5595933775188588, 0.7481193374159091, 0.8499298655505061, 0.9023020830940037, 0.935682319122458, 0.9407839787559462, 0.9602888082012566, 0.964056853229872, 0.9753394268007433, 0.9724923515509034, 0.9580904755530668, 0.9785694590169266, 0.9850083235218328, 0.9758534520080103, 0.9838978297045644, 0.9852737023715882, 0.9585766084925553, 0.9803051269523066, 0.979160859091751, 0.9894619906309137, 0.988633217213602, 0.992239454768501, 0.9866740642146405, 0.9919556072388843, 0.9903020069415757, 0.9900000095367432, 0.9866814678294967, 0.9836519879629543, 0.9916805289584343, 0.9944506256384058], "val_f1": [0.07582938262929155, 0.26923076535117696, 0.6666666877513026, 0.9411764743006353, 1.0, 0.9411764743006353, 0.9333333333333333, 1.0, 1.0, 0.9411764743006353, 0.9333333333333333, 0.9333333333333333, 0.9333333333333333, 0.9333333333333333, 1.0, 1.0, 1.0, 0.9333333333333333, 0.9333333333333333, 1.0, 1.0, 0.9333333333333333, 1.0, 1.0, 1.0, 0.9333333333333333, 0.9333333333333333, 1.0, 1.0, 1.0]}