{"loss": [0.6419110298156738, 0.4311564564704895, 0.31481248140335083, 0.21271219849586487, 0.15493975579738617, 0.16567571461200714, 0.12699435651302338, 0.10612966120243073, 0.08893254399299622, 0.0701032280921936, 0.09216377139091492, 0.0773388147354126, 0.05390314757823944, 0.05060526356101036, 0.06524862349033356, 0.07219506800174713, 0.04392503574490547, 0.08857614547014236, 0.05997563153505325, 0.04683011397719383, 0.05529303103685379, 0.037791769951581955, 0.023417914286255836, 0.0462227389216423, 0.02938745729625225, 0.024185549467802048, 0.03837239742279053, 0.04247819632291794, 0.019672734662890434, 0.023978568613529205], "accuracy": [0.6423319578170776, 0.8116666674613953, 0.871666669845581, 0.9183333516120911, 0.9375, 0.9361110925674438, 0.9463889002799988, 0.956944465637207, 0.9636111259460449, 0.9769444465637207, 0.9636111259460449, 0.9741666913032532, 0.9816666841506958, 0.9816666841506958, 0.976111114025116, 0.9733333587646484, 0.9858333468437195, 0.9644444584846497, 0.9797222018241882, 0.98416668176651, 0.9794444441795349, 0.9866666793823242, 0.9913889169692993, 0.9844444394111633, 0.9913889169692993, 0.9933333396911621, 0.9852777719497681, 0.9847221970558167, 0.9925000071525574, 0.9911110997200012], "precision": [0.6278669834136963, 0.820938229560852, 0.871666669845581, 0.9235095381736755, 0.9482071995735168, 0.944507360458374, 0.9557572603225708, 0.9628587365150452, 0.9696117043495178, 0.980414092540741, 0.967507004737854, 0.9760178327560425, 0.9816666841506958, 0.9843575358390808, 0.9777034521102905, 0.9733333587646484, 0.9844875335693359, 0.9686098694801331, 0.9810584783554077, 0.9833610653877258, 0.9794444441795349, 0.982910692691803, 0.9905712604522705, 0.9839067459106445, 0.9894853234291077, 0.9916943311691284, 0.9855475425720215, 0.9833794832229614, 0.9922265410423279, 0.9916573762893677], "recall": [0.6056416034698486, 0.7972221970558167, 0.871666669845581, 0.9122222065925598, 0.9255555272102356, 0.9266666769981384, 0.9361110925674438, 0.9505555629730225, 0.9572222232818604, 0.9733333587646484, 0.9594444632530212, 0.9722222089767456, 0.9816666841506958, 0.9788888692855835, 0.9744444489479065, 0.9733333587646484, 0.9872221946716309, 0.9599999785423279, 0.9783333539962769, 0.9850000143051147, 0.9794444441795349, 0.9905555844306946, 0.992222249507904, 0.9850000143051147, 0.9933333396911621, 0.9950000047683716, 0.9850000143051147, 0.9861111044883728, 0.9927777647972107, 0.9905555844306946], "auc": [0.7121118307113647, 0.8832992315292358, 0.9392750263214111, 0.971576452255249, 0.9860755801200867, 0.9829787015914917, 0.9902186393737793, 0.9931437373161316, 0.9951647520065308, 0.9969004988670349, 0.9946618676185608, 0.9958035945892334, 0.998186469078064, 0.9979764223098755, 0.9969603419303894, 0.9966005086898804, 0.998496413230896, 0.9945434331893921, 0.9976011514663696, 0.9983597993850708, 0.99738609790802, 0.9988516569137573, 0.9996537566184998, 0.9975425004959106, 0.9991154670715332, 0.9994638562202454, 0.998847484588623, 0.9987238049507141, 0.9997929334640503, 0.9993824362754822], "val_loss": [0.4496448040008545, 0.6488059163093567, 0.18331165611743927, 0.06286710500717163, 0.027905700728297234, 0.03237335383892059, 0.02297288551926613, 0.013710626401007175, 0.013739692978560925, 0.01218173373490572, 0.01184906903654337, 0.0069247037172317505, 0.012148607522249222, 0.0029712978284806013, 0.006721735466271639, 0.018427103757858276, 0.0164744034409523, 0.012908578850328922, 0.012278847396373749, 0.028724851086735725, 0.007930510677397251, 0.003514797892421484, 0.016470013186335564, 0.002727027516812086, 0.012151945382356644, 0.01747707836329937, 0.0021091517992317677, 0.012719518505036831, 0.020542394369840622, 0.008502149023115635], "val_accuracy": [0.8373205661773682, 0.6937798857688904, 0.9330143332481384, 0.980861246585846, 0.9904305934906006, 0.9856459498405457, 0.9904305934906006, 0.9952152967453003, 0.9952152967453003, 0.9952152967453003, 0.9952152967453003, 1.0, 0.9904305934906006, 1.0, 1.0, 0.9904305934906006, 0.9904305934906006, 1.0, 0.9904305934906006, 0.9904305934906006, 0.9952152967453003, 1.0, 0.9904305934906006, 1.0, 0.9904305934906006, 0.9952152967453003, 1.0, 0.9952152967453003, 0.9904305934906006, 0.9952152967453003], "val_precision": [0.1621621549129486, 0.10144927352666855, 0.3529411852359772, 0.7777777910232544, 0.8888888955116272, 1.0, 0.8888888955116272, 1.0, 0.8999999761581421, 0.8999999761581421, 1.0, 1.0, 1.0, 1.0, 1.0, 1.0, 1.0, 1.0, 1.0, 1.0, 1.0, 1.0, 1.0, 1.0, 1.0, 1.0, 1.0, 1.0, 1.0, 1.0], "val_recall": [0.6666666865348816, 0.7777777910232544, 0.6666666865348816, 0.7777777910232544, 0.8888888955116272, 0.6666666865348816, 0.8888888955116272, 0.8888888955116272, 1.0, 1.0, 0.8888888955116272, 1.0, 0.7777777910232544, 1.0, 1.0, 0.7777777910232544, 0.7777777910232544, 1.0, 0.7777777910232544, 0.7777777910232544, 0.8888888955116272, 1.0, 0.7777777910232544, 1.0, 0.7777777910232544, 0.8888888955116272, 1.0, 0.8888888955116272, 0.7777777910232544, 0.8888888955116272], "val_auc": [0.8552777767181396, 0.855555534362793, 0.929444432258606, 0.9941666126251221, 0.998333215713501, 0.9977777600288391, 0.9983333349227905, 0.9994444251060486, 0.9994444251060486, 0.9999999403953552, 1.0, 1.0, 1.0, 1.0, 1.0, 1.0, 1.0, 1.0, 1.0, 1.0, 1.0, 1.0, 1.0, 1.0, 1.0, 1.0, 1.0, 1.0, 1.0, 1.0], "f1": [0.6165540647936297, 0.8089064202194266, 0.871666669845581, 0.9178311712742587, 0.9367444468406184, 0.9355019678511178, 0.9458321683145597, 0.9566675952995923, 0.9633771318304504, 0.9768608947234018, 0.9634588667893158, 0.9741163234883592, 0.9816666841506958, 0.9816155860161372, 0.976071230166157, 0.9733333587646484, 0.985852967702558, 0.9642857054476529, 0.979694021122834, 0.9841798575138997, 0.9794444441795349, 0.9867183310192156, 0.991396067625391, 0.9844530765801031, 0.9914055976762886, 0.9933444178028722, 0.9852737023715882, 0.9847433995194402, 0.9925020763840089, 0.991106174150425], "val_f1": [0.26086955735836653, 0.17948717696691405, 0.4615384737944462, 0.7777777910232544, 0.8888888955116272, 0.8000000143051146, 0.8888888955116272, 0.9411764743006353, 0.9473684078438459, 0.9473684078438459, 0.9411764743006353, 1.0, 0.8750000083819031, 1.0, 1.0, 0.8750000083819031, 0.8750000083819031, 1.0, 0.8750000083819031, 0.8750000083819031, 0.9411764743006353, 1.0, 0.8750000083819031, 1.0, 0.8750000083819031, 0.9411764743006353, 1.0, 0.9411764743006353, 0.8750000083819031, 0.9411764743006353]}