{"loss": [0.6094570755958557, 0.37670084834098816, 0.271297425031662, 0.18609172105789185, 0.1550969034433365, 0.09755976498126984, 0.16138164699077606, 0.11836887151002884, 0.08168711513280869, 0.11561030894517899, 0.06319247931241989, 0.05074033513665199, 0.06551991403102875, 0.08470422029495239, 0.08521872013807297, 0.05411558225750923, 0.035032790154218674, 0.03965919837355614, 0.049977775663137436, 0.05142159387469292, 0.034733790904283524, 0.035155847668647766, 0.027874859049916267, 0.03205464780330658, 0.034225866198539734, 0.022389279678463936, 0.038199447095394135, 0.036441605538129807, 0.03771829977631569, 0.06071458011865616], "accuracy": [0.6685924530029297, 0.8349999785423279, 0.894444465637207, 0.9272222518920898, 0.9352777600288391, 0.9616666436195374, 0.9363889098167419, 0.9563888907432556, 0.9708333611488342, 0.9552778005599976, 0.977222204208374, 0.980555534362793, 0.976111114025116, 0.9672222137451172, 0.9680555462837219, 0.9791666865348816, 0.988611102104187, 0.987500011920929, 0.9833333492279053, 0.9788888692855835, 0.9908333420753479, 0.9900000095367432, 0.9902777671813965, 0.9905555844306946, 0.9869444370269775, 0.9902777671813965, 0.98416668176651, 0.9852777719497681, 0.9872221946716309, 0.9788888692855835], "precision": [0.6330409646034241, 0.8353726267814636, 0.901129961013794, 0.9305710792541504, 0.9409116506576538, 0.9606429934501648, 0.9405496120452881, 0.959195077419281, 0.9726715087890625, 0.9616901278495789, 0.9766925573348999, 0.980555534362793, 0.9708791375160217, 0.9740698933601379, 0.9683157205581665, 0.9805014133453369, 0.9872575998306274, 0.9866888523101807, 0.9822616577148438, 0.9757174253463745, 0.9894737005233765, 0.9878318309783936, 0.9900055527687073, 0.9873068332672119, 0.9845218062400818, 0.9894620180130005, 0.9822911024093628, 0.9855475425720215, 0.9861419200897217, 0.9826427698135376], "recall": [0.7184734344482422, 0.8344444632530212, 0.8861111402511597, 0.9233333468437195, 0.9288889169692993, 0.9627777934074402, 0.9316666722297668, 0.95333331823349, 0.9688888788223267, 0.9483333230018616, 0.9777777791023254, 0.980555534362793, 0.9816666841506958, 0.9599999785423279, 0.9677777886390686, 0.9777777791023254, 0.9900000095367432, 0.9883333444595337, 0.9844444394111633, 0.9822221994400024, 0.992222249507904, 0.992222249507904, 0.9905555844306946, 0.9938889145851135, 0.9894444346427917, 0.9911110997200012, 0.9861111044883728, 0.9850000143051147, 0.9883333444595337, 0.9750000238418579], "auc": [0.7576833367347717, 0.9117876291275024, 0.9548436403274536, 0.9789413809776306, 0.9854735732078552, 0.9936647415161133, 0.9836938977241516, 0.991409182548523, 0.9958023428916931, 0.9916387796401978, 0.9972959756851196, 0.9981827735900879, 0.99598228931427, 0.9956400394439697, 0.995182991027832, 0.997911274433136, 0.9989707469940186, 0.9985335469245911, 0.9977623224258423, 0.9983019232749939, 0.9986988306045532, 0.9991136193275452, 0.9992744326591492, 0.9989071488380432, 0.9993407726287842, 0.9997137784957886, 0.9988600015640259, 0.9989472031593323, 0.9985872507095337, 0.9970954656600952], "val_loss": [0.2653801441192627, 0.20309334993362427, 0.18342331051826477, 0.01762964576482773, 0.016826899722218513, 0.0048413705080747604, 0.05655902996659279, 0.014455978758633137, 0.003070779610425234, 0.007998498156666756, 0.020714372396469116, 0.007570187095552683, 0.010167398490011692, 0.0019639572128653526, 0.004653954412788153, 0.007396362256258726, 0.0005417799693532288, 0.0003986374649684876, 0.0028690320905297995, 0.0037522625643759966, 0.0005793984746560454, 0.0010584485717117786, 0.0014382624067366123, 0.02515276148915291, 0.0012450990034267306, 0.0004410207038745284, 0.018064411357045174, 0.0012330368626862764, 0.000612985051702708, 0.0014494727365672588], "val_accuracy": [0.932692289352417, 0.9134615659713745, 0.9375, 0.9903846383094788, 0.995192289352417, 1.0, 0.995192289352417, 0.9903846383094788, 1.0, 0.995192289352417, 0.9855769276618958, 0.995192289352417, 0.995192289352417, 1.0, 1.0, 0.995192289352417, 1.0, 1.0, 1.0, 1.0, 1.0, 1.0, 1.0, 0.9903846383094788, 1.0, 1.0, 0.9903846383094788, 1.0, 1.0, 1.0], "val_precision": [0.3125, 0.25, 0.3684210479259491, 1.0, 0.8888888955116272, 1.0, 0.8888888955116272, 1.0, 1.0, 1.0, 1.0, 1.0, 1.0, 1.0, 1.0, 1.0, 1.0, 1.0, 1.0, 1.0, 1.0, 1.0, 1.0, 1.0, 1.0, 1.0, 1.0, 1.0, 1.0, 1.0], "val_recall": [0.625, 0.625, 0.875, 0.75, 1.0, 1.0, 1.0, 0.75, 1.0, 0.875, 0.625, 0.875, 0.875, 1.0, 1.0, 0.875, 1.0, 1.0, 1.0, 1.0, 1.0, 1.0, 1.0, 0.75, 1.0, 1.0, 0.75, 1.0, 1.0, 1.0], "val_auc": [0.9240625500679016, 0.9343750476837158, 0.9818750023841858, 0.9999999403953552, 1.0, 1.0, 1.0, 1.0, 1.0, 1.0, 1.0, 1.0, 1.0, 1.0, 1.0, 1.0, 1.0, 1.0, 1.0, 1.0, 1.0, 1.0, 1.0, 1.0, 1.0, 1.0, 1.0, 1.0, 1.0, 1.0], "f1": [0.6730570037643573, 0.8349082870585891, 0.893557446394067, 0.9269380848205032, 0.9348616309946028, 0.9617092087242155, 0.9360870690861848, 0.9562552148955097, 0.9707765090659469, 0.9549650233196124, 0.9772348669333328, 0.980555534362793, 0.9762431109789574, 0.9669837582492645, 0.9680466798680458, 0.9791377021671721, 0.9886269028548693, 0.9875104137458608, 0.9833518372645943, 0.9789590071350811, 0.9908460689408157, 0.9900221727561811, 0.990280492223662, 0.9905869401770563, 0.9869769824766912, 0.9902858723302523, 0.984197396783677, 0.9852737023715882, 0.9872364161690489, 0.9788064779757558], "val_f1": [0.4166666666666667, 0.35714285714285715, 0.518518513858073, 0.8571428571428571, 0.9411764743006353, 1.0, 0.9411764743006353, 0.8571428571428571, 1.0, 0.9333333333333333, 0.7692307692307693, 0.9333333333333333, 0.9333333333333333, 1.0, 1.0, 0.9333333333333333, 1.0, 1.0, 1.0, 1.0, 1.0, 1.0, 1.0, 0.8571428571428571, 1.0, 1.0, 0.8571428571428571, 1.0, 1.0, 1.0]}