{"loss": [0.6310495138168335, 0.3771137595176697, 0.32210585474967957, 0.24850761890411377, 0.15603674948215485, 0.1043168306350708, 0.12150655686855316, 0.08714818954467773, 0.07725543528795242, 0.0930611863732338, 0.07195425033569336, 0.06123899295926094, 0.04894066974520683, 0.04901537299156189, 0.045187607407569885, 0.03431793674826622, 0.040533579885959625, 0.02702723816037178, 0.030765259638428688, 0.05544951558113098, 0.035570427775382996, 0.03165353834629059, 0.025973446667194366, 0.03030938096344471, 0.023864349350333214, 0.024586698040366173, 0.07750626653432846, 0.0744859129190445, 0.019186029210686684, 0.04989239200949669], "accuracy": [0.6536239385604858, 0.8399999737739563, 0.867222249507904, 0.9013888835906982, 0.9358333349227905, 0.9594444632530212, 0.9530555605888367, 0.9663888812065125, 0.972777783870697, 0.9636111259460449, 0.9766666889190674, 0.9794444441795349, 0.9811111092567444, 0.9830555319786072, 0.9855555295944214, 0.987500011920929, 0.9850000143051147, 0.9913889169692993, 0.9891666769981384, 0.9802777767181396, 0.9877777695655823, 0.9902777671813965, 0.9927777647972107, 0.9905555844306946, 0.9925000071525574, 0.9913889169692993, 0.9700000286102295, 0.9736111164093018, 0.9933333396911621, 0.980555534362793], "precision": [0.6309587359428406, 0.8469387888908386, 0.8676307201385498, 0.9198140501976013, 0.9444759488105774, 0.9604676961898804, 0.9594365954399109, 0.9682096838951111, 0.9706858396530151, 0.9680314064025879, 0.9740331768989563, 0.9789122939109802, 0.9795127511024475, 0.9822518229484558, 0.9855555295944214, 0.9856114983558655, 0.9807268977165222, 0.9900277256965637, 0.9883527159690857, 0.9784172773361206, 0.9888641238212585, 0.9910962581634521, 0.9922308325767517, 0.9916480779647827, 0.988968551158905, 0.9933072924613953, 0.9747474789619446, 0.9707344174385071, 0.9938821196556091, 0.9816258549690247], "recall": [0.6515486836433411, 0.8299999833106995, 0.8666666746139526, 0.879444420337677, 0.926111102104187, 0.9583333134651184, 0.9461110830307007, 0.9644444584846497, 0.9750000238418579, 0.9588888883590698, 0.9794444441795349, 0.9800000190734863, 0.9827777743339539, 0.9838888645172119, 0.9855555295944214, 0.9894444346427917, 0.9894444346427917, 0.9927777647972107, 0.9900000095367432, 0.9822221994400024, 0.9866666793823242, 0.9894444346427917, 0.9933333396911621, 0.9894444346427917, 0.9961110949516296, 0.9894444346427917, 0.9649999737739563, 0.9766666889190674, 0.9927777647972107, 0.9794444441795349], "auc": [0.7230610847473145, 0.91316157579422, 0.9362566471099854, 0.9626694321632385, 0.9857434034347534, 0.9933882355690002, 0.9904199242591858, 0.9950934648513794, 0.9958332180976868, 0.9946380257606506, 0.9960779547691345, 0.9973447918891907, 0.9985055923461914, 0.9980583190917969, 0.9979836344718933, 0.9991052746772766, 0.9984095692634583, 0.9994931817054749, 0.998992919921875, 0.9976768493652344, 0.9987049698829651, 0.9990231394767761, 0.9987953901290894, 0.9987751841545105, 0.9993980526924133, 0.9993677735328674, 0.9962692260742188, 0.9967471957206726, 0.9989677667617798, 0.9981253147125244], "val_loss": [0.3145256042480469, 0.3566635847091675, 0.11296422779560089, 0.0647713914513588, 0.02015817165374756, 0.010312387719750404, 0.017835605889558792, 0.025279182940721512, 0.016010480001568794, 0.011135556735098362, 0.014588624238967896, 0.03271994739770889, 0.05038784444332123, 0.023155195638537407, 0.0105676194652915, 0.00935618206858635, 0.02732742577791214, 0.007828125730156898, 0.03206470236182213, 0.014743207953870296, 0.026217205449938774, 0.0007558587240055203, 0.01584647223353386, 0.008354867808520794, 0.003188718343153596, 0.011721819639205933, 0.024394746869802475, 0.02119322493672371, 0.0005868902080692351, 0.013305476866662502], "val_accuracy": [0.8990384340286255, 0.8317307829856873, 0.9567307829856873, 0.9807692170143127, 0.995192289352417, 1.0, 0.9855769276618958, 0.9903846383094788, 0.9903846383094788, 0.995192289352417, 0.9903846383094788, 0.9903846383094788, 0.9903846383094788, 0.9903846383094788, 0.995192289352417, 0.995192289352417, 0.9903846383094788, 0.9903846383094788, 0.9903846383094788, 0.9903846383094788, 0.9903846383094788, 1.0, 0.995192289352417, 0.995192289352417, 1.0, 0.995192289352417, 0.9903846383094788, 0.995192289352417, 1.0, 0.995192289352417], "val_precision": [0.21739129722118378, 0.1538461595773697, 0.4444444477558136, 0.8333333134651184, 1.0, 1.0, 1.0, 1.0, 1.0, 1.0, 1.0, 1.0, 1.0, 1.0, 1.0, 1.0, 1.0, 1.0, 1.0, 1.0, 1.0, 1.0, 1.0, 1.0, 1.0, 1.0, 1.0, 1.0, 1.0, 1.0], "val_recall": [0.625, 0.75, 0.5, 0.625, 0.875, 1.0, 0.625, 0.75, 0.75, 0.875, 0.75, 0.75, 0.75, 0.75, 0.875, 0.875, 0.75, 0.75, 0.75, 0.75, 0.75, 1.0, 0.875, 0.875, 1.0, 0.875, 0.75, 0.875, 1.0, 0.875], "val_auc": [0.8624999523162842, 0.9040625095367432, 0.955625057220459, 0.9906250238418579, 1.0, 0.9999999403953552, 1.0, 1.0, 1.0, 0.9999999403953552, 1.0, 1.0, 0.9375, 1.0, 1.0, 1.0, 1.0, 1.0, 1.0, 1.0, 1.0, 1.0, 1.0, 1.0, 1.0, 1.0, 1.0, 1.0, 1.0, 1.0], "f1": [0.6410884296785921, 0.8383838364255997, 0.8671484294338048, 0.8991763523045421, 0.9352033752571057, 0.9593993177347282, 0.9527272465200003, 0.9663234034559386, 0.9728381488105903, 0.9634384584618831, 0.9767313157480931, 0.9794558545016793, 0.9811425464087236, 0.9830696622187604, 0.9855555295944214, 0.9875242472627404, 0.9850663796717243, 0.9914008381725192, 0.9891756769358548, 0.9803160463701286, 0.9877641794588478, 0.9902696575707861, 0.9927817800441426, 0.9905450307063304, 0.9925269732101916, 0.991372100682965, 0.9698492350721233, 0.973691517586478, 0.9933296352791405, 0.9805339363202127], "val_f1": [0.32258063731530945, 0.25531915682859146, 0.47058823715031767, 0.7142857069871863, 0.9333333333333333, 1.0, 0.7692307692307693, 0.8571428571428571, 0.8571428571428571, 0.9333333333333333, 0.8571428571428571, 0.8571428571428571, 0.8571428571428571, 0.8571428571428571, 0.9333333333333333, 0.9333333333333333, 0.8571428571428571, 0.8571428571428571, 0.8571428571428571, 0.8571428571428571, 0.8571428571428571, 1.0, 0.9333333333333333, 0.9333333333333333, 1.0, 0.9333333333333333, 0.8571428571428571, 0.9333333333333333, 1.0, 0.9333333333333333]}