{"loss": [0.6324228048324585, 0.4076598882675171, 0.300916463136673, 0.2068168669939041, 0.15621817111968994, 0.12432295083999634, 0.12810906767845154, 0.08981446176767349, 0.07108274102210999, 0.09041599184274673, 0.09186013787984848, 0.100780189037323, 0.0584632083773613, 0.06967461854219437, 0.05372748523950577, 0.030805017799139023, 0.02650153450667858, 0.09809939563274384, 0.05002867430448532, 0.050919003784656525, 0.029283836483955383, 0.054303113371133804, 0.03053192049264908, 0.022223180159926414, 0.02752803824841976, 0.06103197857737541, 0.0452234111726284, 0.03985098376870155, 0.020576391369104385, 0.01685033179819584], "accuracy": [0.6538865566253662, 0.8216666579246521, 0.8697222471237183, 0.910277783870697, 0.9397222399711609, 0.9508333206176758, 0.9519444704055786, 0.965833306312561, 0.9763888716697693, 0.9663888812065125, 0.9655555486679077, 0.9649999737739563, 0.9802777767181396, 0.9750000238418579, 0.9791666865348816, 0.9872221946716309, 0.9900000095367432, 0.9663888812065125, 0.9800000190734863, 0.9791666865348816, 0.9916666746139526, 0.9802777767181396, 0.9888888597488403, 0.992222249507904, 0.991944432258606, 0.9752777814865112, 0.98416668176651, 0.9863888621330261, 0.9927777647972107, 0.9936110973358154], "precision": [0.6036378741264343, 0.8256468176841736, 0.869516909122467, 0.9222412705421448, 0.9484419226646423, 0.9639794230461121, 0.9511924386024475, 0.9676519632339478, 0.9777158498764038, 0.9682096838951111, 0.9614537358283997, 0.9707536697387695, 0.9810795783996582, 0.9744728207588196, 0.9783693552017212, 0.9866814613342285, 0.9889135360717773, 0.9666481614112854, 0.9784052968025208, 0.9778393507003784, 0.9900332093238831, 0.9821528196334839, 0.9872646927833557, 0.9911308288574219, 0.9922178983688354, 0.9792717099189758, 0.9833610653877258, 0.987200915813446, 0.9922308325767517, 0.9911553263664246], "recall": [0.7892699241638184, 0.8155555725097656, 0.8700000047683716, 0.8961111307144165, 0.9300000071525574, 0.9366666674613953, 0.9527778029441833, 0.9638888835906982, 0.9750000238418579, 0.9644444584846497, 0.9700000286102295, 0.9588888883590698, 0.9794444441795349, 0.9755555391311646, 0.9800000190734863, 0.9877777695655823, 0.9911110997200012, 0.9661111235618591, 0.9816666841506958, 0.980555534362793, 0.9933333396911621, 0.9783333539962769, 0.9905555844306946, 0.9933333396911621, 0.9916666746139526, 0.9711111187934875, 0.9850000143051147, 0.9855555295944214, 0.9933333396911621, 0.9961110949516296], "auc": [0.7296574711799622, 0.8967905640602112, 0.9452173709869385, 0.9742785692214966, 0.9841952323913574, 0.9909074902534485, 0.989300549030304, 0.9949432611465454, 0.9961410760879517, 0.9945048689842224, 0.9946072697639465, 0.9933395981788635, 0.9977357387542725, 0.9964153170585632, 0.9979190826416016, 0.9993445873260498, 0.999563455581665, 0.9938750863075256, 0.9985328912734985, 0.9982283115386963, 0.9986478090286255, 0.9977126717567444, 0.9989479184150696, 0.9994186758995056, 0.9990978837013245, 0.9973549842834473, 0.998513400554657, 0.9981188178062439, 0.999465823173523, 0.9995313286781311], "val_loss": [0.35551053285598755, 0.1469661295413971, 0.08996309340000153, 0.026425469666719437, 0.029545653611421585, 0.010202051140367985, 0.029522355645895004, 0.012399299070239067, 0.02393370494246483, 0.009377198293805122, 0.051517944782972336, 0.019226253032684326, 0.006806314457207918, 0.008157060481607914, 0.038132064044475555, 0.020707419142127037, 0.007829874753952026, 0.02043953724205494, 0.051219720393419266, 0.011968054808676243, 0.028653549030423164, 0.02532702311873436, 0.03502177819609642, 0.0679549053311348, 0.026198675855994225, 0.050131991505622864, 0.06390218436717987, 0.03035416081547737, 0.06960222125053406, 0.04359803721308708], "val_accuracy": [0.8990384340286255, 0.9375, 0.9759615659713745, 0.9855769276618958, 0.9903846383094788, 1.0, 0.9855769276618958, 1.0, 0.9903846383094788, 0.995192289352417, 0.9759615659713745, 0.9855769276618958, 1.0, 1.0, 0.9807692170143127, 0.9855769276618958, 0.995192289352417, 0.9903846383094788, 0.9807692170143127, 0.995192289352417, 0.9855769276618958, 0.9855769276618958, 0.9855769276618958, 0.9807692170143127, 0.9807692170143127, 0.9807692170143127, 0.9807692170143127, 0.9903846383094788, 0.9759615659713745, 0.9807692170143127], "val_precision": [0.190476194024086, 0.3684210479259491, 0.6363636255264282, 1.0, 1.0, 1.0, 1.0, 1.0, 1.0, 0.8888888955116272, 1.0, 1.0, 1.0, 1.0, 1.0, 1.0, 1.0, 1.0, 1.0, 1.0, 1.0, 1.0, 1.0, 1.0, 1.0, 1.0, 1.0, 1.0, 1.0, 1.0], "val_recall": [0.5, 0.875, 0.875, 0.625, 0.75, 1.0, 0.625, 1.0, 0.75, 1.0, 0.375, 0.625, 1.0, 1.0, 0.5, 0.625, 0.875, 0.75, 0.5, 0.875, 0.625, 0.625, 0.625, 0.5, 0.5, 0.5, 0.5, 0.75, 0.375, 0.5], "val_auc": [0.8875000476837158, 0.9540625214576721, 0.9887501001358032, 0.9993749856948853, 0.9999998807907104, 1.0, 1.0, 1.0, 1.0, 1.0, 1.0, 1.0, 1.0, 1.0, 1.0, 1.0, 1.0, 1.0, 1.0, 1.0, 1.0, 1.0, 1.0, 0.9375, 1.0, 1.0, 0.9375, 1.0, 0.9375, 1.0], "f1": [0.684084358948934, 0.8205701711264409, 0.8697583898631733, 0.9089884525858921, 0.9391304366249312, 0.9501267997187863, 0.9519844607367137, 0.9657667577460171, 0.9763560482814967, 0.9663234034559386, 0.9657079744096487, 0.9647848025946154, 0.9802613294147796, 0.9750138793649856, 0.9791840082399714, 0.9872293110901801, 0.990011098394399, 0.9663795678757157, 0.9800332771457873, 0.9791955589345277, 0.9916805289584343, 0.9802393662281326, 0.9889074007526408, 0.9922308620164025, 0.9919422099124358, 0.9751743420034256, 0.9841798575138997, 0.9863775365331152, 0.9927817800441426, 0.9936270314064602], "val_f1": [0.2758620726863779, 0.518518513858073, 0.7368420979983258, 0.7692307692307693, 0.8571428571428571, 1.0, 0.7692307692307693, 1.0, 0.8571428571428571, 0.9411764743006353, 0.5454545454545454, 0.7692307692307693, 1.0, 1.0, 0.6666666666666666, 0.7692307692307693, 0.9333333333333333, 0.8571428571428571, 0.6666666666666666, 0.9333333333333333, 0.7692307692307693, 0.7692307692307693, 0.7692307692307693, 0.6666666666666666, 0.6666666666666666, 0.6666666666666666, 0.6666666666666666, 0.8571428571428571, 0.5454545454545454, 0.6666666666666666]}