{"loss": [1.1902917623519897, 0.5654928088188171, 0.387896329164505, 0.27572521567344666, 0.3388209640979767, 0.2246565818786621, 0.18334396183490753, 0.17834819853305817, 0.16840533912181854, 0.13301169872283936, 0.16444611549377441, 0.11480627208948135, 0.10842784494161606, 0.11142122745513916, 0.10335860401391983, 0.1016710177063942, 0.09104318916797638, 0.08305229246616364, 0.11251145601272583, 0.12006399035453796, 0.44287410378456116, 0.16240309178829193, 0.11956720799207687, 0.0938815325498581, 0.09282390773296356, 0.08744917064905167, 0.07738962769508362, 0.0915280133485794, 0.07709797471761703, 0.23261988162994385], "accuracy": [0.6269361972808838, 0.8797222375869751, 0.9208333492279053, 0.9538888931274414, 0.9247221946716309, 0.9611111283302307, 0.971666693687439, 0.9669444561004639, 0.9725000262260437, 0.9813888669013977, 0.9688888788223267, 0.9855555295944214, 0.9866666793823242, 0.9855555295944214, 0.9866666793823242, 0.9852777719497681, 0.9897222518920898, 0.9894444346427917, 0.9813888669013977, 0.9797222018241882, 0.8916666507720947, 0.971666693687439, 0.9847221970558167, 0.9900000095367432, 0.9877777695655823, 0.9908333420753479, 0.9902777671813965, 0.9861111044883728, 0.9905555844306946, 0.940833330154419], "precision": [0.5661664605140686, 0.8633705377578735, 0.904863715171814, 0.9435396194458008, 0.9068653583526611, 0.9535518884658813, 0.9634279608726501, 0.961053192615509, 0.9639934301376343, 0.974274754524231, 0.960698664188385, 0.9818081855773926, 0.9797371029853821, 0.9823399782180786, 0.9818481802940369, 0.9812672138214111, 0.9856749176979065, 0.9840659499168396, 0.9753153920173645, 0.9768083691596985, 0.8656638860702515, 0.9624183177947998, 0.9801871180534363, 0.9851484894752502, 0.9824175834655762, 0.9894737005233765, 0.986762285232544, 0.9807692170143127, 0.9873068332672119, 0.9362286925315857], "recall": [0.9176340699195862, 0.902222216129303, 0.9405555725097656, 0.9655555486679077, 0.9466666579246521, 0.9694444537162781, 0.980555534362793, 0.9733333587646484, 0.9816666841506958, 0.9888888597488403, 0.9777777791023254, 0.9894444346427917, 0.9938889145851135, 0.9888888597488403, 0.9916666746139526, 0.9894444346427917, 0.9938889145851135, 0.9950000047683716, 0.9877777695655823, 0.9827777743339539, 0.9272222518920898, 0.9816666841506958, 0.9894444346427917, 0.9950000047683716, 0.9933333396911621, 0.992222249507904, 0.9938889145851135, 0.9916666746139526, 0.9938889145851135, 0.9461110830307007], "auc": [0.7529633641242981, 0.9502114653587341, 0.9773029088973999, 0.9896589517593384, 0.9767210483551025, 0.9932543635368347, 0.995873212814331, 0.9963710308074951, 0.9964677691459656, 0.99824458360672, 0.9961817860603333, 0.9991964101791382, 0.9983417987823486, 0.9980655312538147, 0.9987747669219971, 0.9990867376327515, 0.9987819790840149, 0.9990277886390686, 0.9977953433990479, 0.9980202317237854, 0.942792534828186, 0.9956614375114441, 0.9988809823989868, 0.9990277886390686, 0.9983285069465637, 0.9988142848014832, 0.9995690584182739, 0.9982168674468994, 0.9990128874778748, 0.9871691465377808], "val_loss": [0.5536849498748779, 0.270865261554718, 0.1619957983493805, 0.1285916417837143, 0.1367333084344864, 0.10774019360542297, 0.09998179227113724, 0.08805976808071136, 0.09331054985523224, 0.09069406986236572, 0.09474560618400574, 0.0978517234325409, 0.10348475724458694, 0.08908333629369736, 0.07319875061511993, 0.08336586505174637, 0.08038771897554398, 0.06819557398557663, 0.1008761078119278, 0.07572191953659058, 0.11386626958847046, 0.11149287223815918, 0.0902644544839859, 0.08958440274000168, 0.09348328411579132, 0.06374625116586685, 0.05356825143098831, 0.07719384878873825, 0.07373908162117004, 0.07031486928462982], "val_accuracy": [0.9186602830886841, 0.9712918400764465, 0.9952152967453003, 0.9952152967453003, 0.9952152967453003, 0.9952152967453003, 0.9952152967453003, 0.9952152967453003, 0.9904305934906006, 0.9904305934906006, 0.9904305934906006, 0.9904305934906006, 0.9904305934906006, 0.9904305934906006, 0.9904305934906006, 0.9904305934906006, 0.9904305934906006, 0.9904305934906006, 0.9856459498405457, 0.9856459498405457, 0.9904305934906006, 0.9904305934906006, 0.9904305934906006, 0.9904305934906006, 0.9904305934906006, 0.9904305934906006, 0.9952152967453003, 0.9904305934906006, 0.9904305934906006, 0.9904305934906006], "val_precision": [0.3333333432674408, 0.6153846383094788, 1.0, 1.0, 1.0, 1.0, 1.0, 1.0, 1.0, 1.0, 1.0, 1.0, 1.0, 1.0, 1.0, 1.0, 1.0, 1.0, 1.0, 0.75, 1.0, 1.0, 1.0, 1.0, 1.0, 1.0, 1.0, 1.0, 1.0, 1.0], "val_recall": [0.8888888955116272, 0.8888888955116272, 0.8888888955116272, 0.8888888955116272, 0.8888888955116272, 0.8888888955116272, 0.8888888955116272, 0.8888888955116272, 0.7777777910232544, 0.7777777910232544, 0.7777777910232544, 0.7777777910232544, 0.7777777910232544, 0.7777777910232544, 0.7777777910232544, 0.7777777910232544, 0.7777777910232544, 0.7777777910232544, 0.6666666865348816, 1.0, 0.7777777910232544, 0.7777777910232544, 0.7777777910232544, 0.7777777910232544, 0.7777777910232544, 0.7777777910232544, 0.8888888955116272, 0.7777777910232544, 0.7777777910232544, 0.7777777910232544], "val_auc": [0.9855555295944214, 0.9883333444595337, 0.9977777600288391, 1.0, 0.9972222447395325, 1.0, 1.0, 1.0, 1.0, 1.0, 1.0, 1.0, 1.0, 1.0, 1.0, 1.0, 1.0, 1.0, 1.0, 1.0, 0.9444444179534912, 0.9444444179534912, 1.0, 1.0, 0.9444444179534912, 1.0, 1.0, 1.0, 1.0, 1.0], "f1": [0.7002742252176616, 0.8823689134447282, 0.9223644895745653, 0.9544206388035195, 0.9263386771204417, 0.9614324991954297, 0.9719162959036562, 0.967154296283263, 0.9727497903223505, 0.9815274122633924, 0.9691629831333648, 0.9856115194386199, 0.9867622712671539, 0.9856035405282345, 0.9867330033077892, 0.9853388590559902, 0.9897648745731193, 0.989502772802122, 0.9815070231033326, 0.9797839795723757, 0.8953862722548147, 0.9719472120303919, 0.984794021540643, 0.990049740789621, 0.9878453075410915, 0.9908460689408157, 0.9903127786594503, 0.986187842280061, 0.9905869401770563, 0.9411439462260518], "val_f1": [0.48484849634249344, 0.7272727454989408, 0.9411764743006353, 0.9411764743006353, 0.9411764743006353, 0.9411764743006353, 0.9411764743006353, 0.9411764743006353, 0.8750000083819031, 0.8750000083819031, 0.8750000083819031, 0.8750000083819031, 0.8750000083819031, 0.8750000083819031, 0.8750000083819031, 0.8750000083819031, 0.8750000083819031, 0.8750000083819031, 0.8000000143051146, 0.8571428571428571, 0.8750000083819031, 0.8750000083819031, 0.8750000083819031, 0.8750000083819031, 0.8750000083819031, 0.8750000083819031, 0.9411764743006353, 0.8750000083819031, 0.8750000083819031, 0.8750000083819031]}