{"loss": [1.2645972967147827, 0.7790172100067139, 0.4703657329082489, 0.30881309509277344, 0.22691571712493896, 0.20012110471725464, 0.22271326184272766, 0.16416031122207642, 0.12780624628067017, 0.11399354785680771, 0.14660295844078064, 0.1093953400850296, 0.08388493210077286, 0.0840684324502945, 0.09670573472976685, 0.07743275910615921, 0.07446777075529099, 0.08620885759592056, 0.07267019152641296, 0.06676468253135681, 0.07646261155605316, 0.061868730932474136, 0.054087959229946136, 0.06040944904088974, 0.04981708526611328, 0.04887601360678673, 0.06121883541345596, 0.06401140987873077, 0.05668742209672928, 0.05595965310931206], "accuracy": [0.5279601216316223, 0.7413889169692993, 0.8838889002799988, 0.9336110949516296, 0.9544444680213928, 0.9580555558204651, 0.9527778029441833, 0.971666693687439, 0.98416668176651, 0.9850000143051147, 0.9713888764381409, 0.9863888621330261, 0.991944432258606, 0.9911110997200012, 0.9852777719497681, 0.9908333420753479, 0.9891666769981384, 0.9866666793823242, 0.9911110997200012, 0.9916666746139526, 0.9897222518920898, 0.9930555820465088, 0.995555579662323, 0.9927777647972107, 0.995555579662323, 0.9950000047683716, 0.9913889169692993, 0.9900000095367432, 0.9930555820465088, 0.9933333396911621], "precision": [0.5015900731086731, 0.6876890063285828, 0.8703108429908752, 0.9140583276748657, 0.9426407217979431, 0.9459167122840881, 0.9405405521392822, 0.9624183177947998, 0.977011501789093, 0.9754902124404907, 0.963914692401886, 0.9797260165214539, 0.9868059158325195, 0.9883977770805359, 0.9796814918518066, 0.9873138666152954, 0.9878116250038147, 0.9807903170585632, 0.9851810932159424, 0.988950252532959, 0.984606921672821, 0.9906025528907776, 0.9917309880256653, 0.99005526304245, 0.9944567680358887, 0.9928097128868103, 0.9894853234291077, 0.9872928261756897, 0.9900607466697693, 0.9900662302970886], "recall": [0.959093451499939, 0.8844444155693054, 0.902222216129303, 0.9572222232818604, 0.9677777886390686, 0.971666693687439, 0.9666666388511658, 0.9816666841506958, 0.9916666746139526, 0.9950000047683716, 0.9794444441795349, 0.9933333396911621, 0.9972222447395325, 0.9938889145851135, 0.9911110997200012, 0.9944444298744202, 0.9905555844306946, 0.9927777647972107, 0.9972222447395325, 0.9944444298744202, 0.9950000047683716, 0.995555579662323, 0.9994444251060486, 0.995555579662323, 0.996666669845581, 0.9972222447395325, 0.9933333396911621, 0.9927777647972107, 0.9961110949516296, 0.996666669845581], "auc": [0.5960601568222046, 0.8478310704231262, 0.9530174732208252, 0.9795945882797241, 0.9914760589599609, 0.99266517162323, 0.9899902939796448, 0.996123194694519, 0.9975282549858093, 0.9980679154396057, 0.9964599609375, 0.9972286820411682, 0.9992703199386597, 0.9990333318710327, 0.99833744764328, 0.9989678859710693, 0.999570369720459, 0.9986765384674072, 0.9989928007125854, 0.9993476867675781, 0.9985326528549194, 0.9993714690208435, 0.9997985363006592, 0.9991476535797119, 0.9998539090156555, 0.9997983574867249, 0.9990018010139465, 0.9992368817329407, 0.9992061257362366, 0.9986088275909424], "val_loss": [1.188299536705017, 0.4814516603946686, 0.2514626085758209, 0.13389380276203156, 0.10670895874500275, 0.11362789571285248, 0.09423737227916718, 0.09229099005460739, 0.09168049693107605, 0.1281595230102539, 0.08269188553094864, 0.08676877617835999, 0.08479904383420944, 0.07593642175197601, 0.07363546639680862, 0.07141536474227905, 0.07219090312719345, 0.07218167185783386, 0.07511476427316666, 0.07016831636428833, 0.06652344018220901, 0.06965094059705734, 0.06627479940652847, 0.06759629398584366, 0.07134263962507248, 0.07128193229436874, 0.07343431562185287, 0.06082181632518768, 0.07949133962392807, 0.06635252386331558], "val_accuracy": [0.043062202632427216, 0.8612440228462219, 0.9521530866622925, 0.9856459498405457, 0.9904305934906006, 0.9904305934906006, 0.9904305934906006, 0.9904305934906006, 0.9904305934906006, 0.9760765433311462, 0.9904305934906006, 0.9904305934906006, 0.9952152967453003, 0.9952152967453003, 0.9952152967453003, 0.9952152967453003, 0.9952152967453003, 0.9952152967453003, 0.9952152967453003, 0.9952152967453003, 0.9952152967453003, 0.9952152967453003, 0.9952152967453003, 0.9952152967453003, 0.9952152967453003, 0.9952152967453003, 0.9952152967453003, 0.9952152967453003, 0.9904305934906006, 0.9952152967453003], "val_precision": [0.043062202632427216, 0.2368421107530594, 0.47058823704719543, 0.875, 0.8888888955116272, 1.0, 1.0, 1.0, 1.0, 1.0, 1.0, 1.0, 1.0, 1.0, 1.0, 1.0, 1.0, 1.0, 1.0, 1.0, 1.0, 1.0, 1.0, 1.0, 1.0, 1.0, 1.0, 1.0, 1.0, 1.0], "val_recall": [1.0, 1.0, 0.8888888955116272, 0.7777777910232544, 0.8888888955116272, 0.7777777910232544, 0.7777777910232544, 0.7777777910232544, 0.7777777910232544, 0.4444444477558136, 0.7777777910232544, 0.7777777910232544, 0.8888888955116272, 0.8888888955116272, 0.8888888955116272, 0.8888888955116272, 0.8888888955116272, 0.8888888955116272, 0.8888888955116272, 0.8888888955116272, 0.8888888955116272, 0.8888888955116272, 0.8888888955116272, 0.8888888955116272, 0.8888888955116272, 0.8888888955116272, 0.8888888955116272, 0.8888888955116272, 0.7777777910232544, 0.8888888955116272], "val_auc": [0.9766666889190674, 0.9713889360427856, 0.9786111116409302, 0.9933333396911621, 0.9958333373069763, 0.9986110925674438, 0.9980555772781372, 0.9975000023841858, 0.9994444251060486, 0.9444444179534912, 0.9997222423553467, 1.0, 0.9444444179534912, 0.9444444179534912, 0.9444444179534912, 0.9444444179534912, 0.9444444179534912, 0.9444444179534912, 0.9444444179534912, 0.9444444179534912, 0.9444444179534912, 0.9444444179534912, 0.9444444179534912, 0.9444444179534912, 0.9444444179534912, 0.9444444179534912, 0.9444444179534912, 0.9444444179534912, 0.9444444179534912, 0.9444444179534912], "f1": [0.6586940242032324, 0.7737545590265106, 0.8859792751897573, 0.9351424554473102, 0.9550438799025939, 0.9586188131025365, 0.9534246499642661, 0.9719472120303919, 0.9842845404107511, 0.9851485255325253, 0.9716175176934391, 0.9864827562427406, 0.9919867369473439, 0.9911357403257048, 0.9853631527914104, 0.9908663200073067, 0.9891817018062833, 0.9867476350636536, 0.9911650998983684, 0.9916897315269754, 0.9897761809922943, 0.9930728904152738, 0.9955727663674192, 0.9927978031720592, 0.995560492581305, 0.9950110868220462, 0.9914055976762886, 0.9900276986482821, 0.9930767054161488, 0.9933554858893278], "val_f1": [0.08256881041945346, 0.3829787305816367, 0.6153846184706547, 0.8235294191895058, 0.8888888955116272, 0.8750000083819031, 0.8750000083819031, 0.8750000083819031, 0.8750000083819031, 0.6153846185588272, 0.8750000083819031, 0.8750000083819031, 0.9411764743006353, 0.9411764743006353, 0.9411764743006353, 0.9411764743006353, 0.9411764743006353, 0.9411764743006353, 0.9411764743006353, 0.9411764743006353, 0.9411764743006353, 0.9411764743006353, 0.9411764743006353, 0.9411764743006353, 0.9411764743006353, 0.9411764743006353, 0.9411764743006353, 0.9411764743006353, 0.8750000083819031, 0.9411764743006353]}