{"loss": [1.261445164680481, 0.667454183101654, 0.4617939889431, 0.30624905228614807, 0.2664817273616791, 0.2310856580734253, 0.18822427093982697, 0.1681266576051712, 0.13965106010437012, 0.14801642298698425, 0.12163853645324707, 0.13129357993602753, 0.20875927805900574, 0.13798879086971283, 0.11415998637676239, 0.09335357695817947, 0.09837306290864944, 0.10465716570615768, 0.07728033512830734, 0.0712689682841301, 0.08168914169073105, 0.11094377189874649, 0.06886692345142365, 0.06014150753617287, 0.06538921594619751, 0.07470929622650146, 0.0681491568684578, 0.07967337965965271, 0.05672426521778107, 0.05931704491376877], "accuracy": [0.5785189270973206, 0.8394444584846497, 0.9005555510520935, 0.9391666650772095, 0.9424999952316284, 0.9522222280502319, 0.9661111235618591, 0.9691666960716248, 0.9763888716697693, 0.976111114025116, 0.9869444370269775, 0.9788888692855835, 0.9511111378669739, 0.9747222065925598, 0.9838888645172119, 0.9877777695655823, 0.9836111068725586, 0.9827777743339539, 0.9933333396911621, 0.9913889169692993, 0.9891666769981384, 0.976111114025116, 0.9913889169692993, 0.9930555820465088, 0.9913889169692993, 0.9877777695655823, 0.9905555844306946, 0.9844444394111633, 0.9936110973358154, 0.9925000071525574], "precision": [0.5312595963478088, 0.8064192533493042, 0.8905742168426514, 0.9215999841690063, 0.9289175868034363, 0.9399999976158142, 0.9594742655754089, 0.9617277383804321, 0.969348669052124, 0.9688183665275574, 0.9829201102256775, 0.9741474390029907, 0.9417845606803894, 0.9656675457954407, 0.9801543354988098, 0.9834801554679871, 0.9801434278488159, 0.9769483804702759, 0.991150438785553, 0.9873278141021729, 0.9851239919662476, 0.9683060050010681, 0.9862561821937561, 0.9895201325416565, 0.9889441728591919, 0.9834801554679871, 0.9889258146286011, 0.9780701994895935, 0.9911553263664246, 0.9878921508789062], "recall": [0.9540929198265076, 0.8933333158493042, 0.9133333563804626, 0.9599999785423279, 0.9583333134651184, 0.9661111235618591, 0.9733333587646484, 0.977222204208374, 0.9838888645172119, 0.9838888645172119, 0.9911110997200012, 0.9838888645172119, 0.9616666436195374, 0.9844444394111633, 0.9877777695655823, 0.992222249507904, 0.9872221946716309, 0.9888888597488403, 0.995555579662323, 0.995555579662323, 0.9933333396911621, 0.9844444394111633, 0.996666669845581, 0.996666669845581, 0.9938889145851135, 0.992222249507904, 0.992222249507904, 0.9911110997200012, 0.9961110949516296, 0.9972222447395325], "auc": [0.6900568008422852, 0.921981155872345, 0.9633750319480896, 0.9850755929946899, 0.9875825047492981, 0.9914765357971191, 0.9944131374359131, 0.9952816367149353, 0.9979304075241089, 0.9960219264030457, 0.9979279637336731, 0.9969266057014465, 0.9897109866142273, 0.9976564049720764, 0.9978945255279541, 0.9989938735961914, 0.998927891254425, 0.9985968470573425, 0.9992440342903137, 0.999711275100708, 0.9985549449920654, 0.9976304173469543, 0.9995421171188354, 0.9997313618659973, 0.999647319316864, 0.9990506768226624, 0.9991808533668518, 0.9988758563995361, 0.9998232126235962, 0.999308168888092], "val_loss": [0.9764713644981384, 0.25219228863716125, 0.19917455315589905, 0.16391350328922272, 0.1308290660381317, 0.13277481496334076, 0.11093764752149582, 0.10214657336473465, 0.09521761536598206, 0.08645661175251007, 0.10330089181661606, 0.07562967389822006, 0.08739777654409409, 0.08252552896738052, 0.07009269297122955, 0.06575143337249756, 0.06038033217191696, 0.08179174363613129, 0.07106323540210724, 0.07184956967830658, 0.06306230276823044, 0.05419159308075905, 0.09890885651111603, 0.0525645948946476, 0.04142291098833084, 0.05941072851419449, 0.04497842490673065, 0.044382039457559586, 0.05650501698255539, 0.06742597371339798], "val_accuracy": [0.5865384340286255, 0.9807692170143127, 0.9759615659713745, 0.9807692170143127, 0.9855769276618958, 0.9807692170143127, 0.9855769276618958, 0.9855769276618958, 0.9855769276618958, 0.995192289352417, 0.9759615659713745, 0.995192289352417, 1.0, 0.9855769276618958, 0.9855769276618958, 0.995192289352417, 0.995192289352417, 0.9807692170143127, 0.9807692170143127, 0.9855769276618958, 0.9855769276618958, 0.995192289352417, 0.9807692170143127, 0.995192289352417, 1.0, 0.9855769276618958, 0.995192289352417, 0.995192289352417, 0.9855769276618958, 0.9855769276618958], "val_precision": [0.08510638028383255, 0.75, 0.6666666865348816, 0.8333333134651184, 0.8571428656578064, 0.8333333134651184, 0.8571428656578064, 0.8571428656578064, 0.8571428656578064, 0.8888888955116272, 1.0, 0.8888888955116272, 1.0, 1.0, 1.0, 1.0, 1.0, 1.0, 1.0, 0.8571428656578064, 1.0, 1.0, 1.0, 1.0, 1.0, 1.0, 1.0, 1.0, 1.0, 1.0], "val_recall": [1.0, 0.75, 0.75, 0.625, 0.75, 0.625, 0.75, 0.75, 0.75, 1.0, 0.375, 1.0, 1.0, 0.625, 0.625, 0.875, 0.875, 0.5, 0.5, 0.75, 0.625, 0.875, 0.5, 0.875, 1.0, 0.625, 0.875, 0.875, 0.625, 0.625], "val_auc": [0.9678124785423279, 0.9809374809265137, 0.9900000095367432, 0.9931249618530273, 0.995312511920929, 0.9962499737739563, 0.9962500333786011, 0.9962500333786011, 0.9981250166893005, 0.9962500333786011, 0.9987500309944153, 0.996874988079071, 1.0, 1.0, 0.9993749856948853, 0.9993749856948853, 1.0, 1.0, 1.0, 0.996874988079071, 1.0, 1.0, 1.0, 1.0, 1.0, 0.9987500309944153, 1.0, 1.0, 1.0, 1.0], "f1": [0.6824925584275887, 0.847654180512762, 0.9018102153886767, 0.9404081447280381, 0.9433962053171436, 0.9528767171597744, 0.9663541242286089, 0.9694130618902406, 0.9765646470781475, 0.9762954603862625, 0.986998611242305, 0.9789939194793008, 0.9516217651771253, 0.9749655947860149, 0.9839512865890975, 0.9878318614657323, 0.9836700762253223, 0.982882356922941, 0.9933481254449682, 0.9914246267594344, 0.9892116340259487, 0.9763085344565484, 0.991434098115046, 0.993080544146292, 0.9914103781828315, 0.9878318614657323, 0.9905712895970789, 0.9845474679335903, 0.9936270314064602, 0.9925352719565732], "val_f1": [0.15686274052055832, 0.75, 0.7058823640783763, 0.7142857069871863, 0.8000000037087335, 0.7142857069871863, 0.8000000037087335, 0.8000000037087335, 0.8000000037087335, 0.9411764743006353, 0.5454545454545454, 0.9411764743006353, 1.0, 0.7692307692307693, 0.7692307692307693, 0.9333333333333333, 0.9333333333333333, 0.6666666666666666, 0.6666666666666666, 0.8000000037087335, 0.7692307692307693, 0.9333333333333333, 0.6666666666666666, 0.9333333333333333, 1.0, 0.7692307692307693, 0.9333333333333333, 0.9333333333333333, 0.7692307692307693, 0.7692307692307693]}