{"loss": [1.2843643426895142, 0.7177873253822327, 0.362388551235199, 0.2580878436565399, 0.19679681956768036, 0.1650327891111374, 0.17248296737670898, 0.1445830762386322, 0.12045048922300339, 0.10740520805120468, 0.10976478457450867, 0.1053624227643013, 0.1800736039876938, 0.1253238469362259, 0.11147753894329071, 0.1034671887755394, 0.08101239800453186, 0.10850267857313156, 0.10309848189353943, 0.06429679691791534, 0.06194349005818367, 0.0660141259431839, 0.06356250494718552, 0.056758057326078415, 0.06713416427373886, 0.05440432205796242, 0.047042541205883026, 0.0582730695605278, 0.047067273408174515, 0.04625699296593666], "accuracy": [0.5265231132507324, 0.7627778053283691, 0.9255555272102356, 0.9511111378669739, 0.9674999713897705, 0.9725000262260437, 0.9677777886390686, 0.977222204208374, 0.9838888645172119, 0.9855555295944214, 0.9816666841506958, 0.9836111068725586, 0.9561111330986023, 0.9766666889190674, 0.9825000166893005, 0.9822221994400024, 0.988611102104187, 0.980555534362793, 0.9813888669013977, 0.9933333396911621, 0.9925000071525574, 0.9905555844306946, 0.9933333396911621, 0.9913889169692993, 0.9902777671813965, 0.992222249507904, 0.9958333373069763, 0.9916666746139526, 0.9950000047683716, 0.9938889145851135], "precision": [0.5006996989250183, 0.7035284042358398, 0.9078807234764099, 0.9427480697631836, 0.9580838084220886, 0.967564582824707, 0.9631463289260864, 0.9683751463890076, 0.9812154769897461, 0.9786418676376343, 0.9763736128807068, 0.9801434278488159, 0.9476553797721863, 0.971947193145752, 0.9785124063491821, 0.9785005450248718, 0.9835073947906494, 0.9789590239524841, 0.9758374691009521, 0.990607738494873, 0.9884297251701355, 0.9862334728240967, 0.9900662302970886, 0.9878653883934021, 0.9862259030342102, 0.9889624714851379, 0.9939125776290894, 0.9884105920791626, 0.9928097128868103, 0.9917035102844238], "recall": [0.9894911646842957, 0.9083333611488342, 0.9472222328186035, 0.9605555534362793, 0.9777777791023254, 0.9777777791023254, 0.972777783870697, 0.9866666793823242, 0.9866666793823242, 0.9927777647972107, 0.9872221946716309, 0.9872221946716309, 0.9655555486679077, 0.9816666841506958, 0.9866666793823242, 0.9861111044883728, 0.9938889145851135, 0.9822221994400024, 0.9872221946716309, 0.9961110949516296, 0.996666669845581, 0.9950000047683716, 0.996666669845581, 0.9950000047683716, 0.9944444298744202, 0.995555579662323, 0.9977777600288391, 0.9950000047683716, 0.9972222447395325, 0.9961110949516296], "auc": [0.5895280838012695, 0.8892143964767456, 0.9778559803962708, 0.9897291660308838, 0.9949992895126343, 0.9965915679931641, 0.9958552718162537, 0.9970974922180176, 0.9982146620750427, 0.9985690116882324, 0.9987363815307617, 0.9984700679779053, 0.9928839206695557, 0.9969726204872131, 0.9977142214775085, 0.9982970356941223, 0.9992107152938843, 0.9975191354751587, 0.9984066486358643, 0.9997715950012207, 0.9994835257530212, 0.9993016719818115, 0.9989755749702454, 0.99973064661026, 0.9994269013404846, 0.9998266696929932, 0.9998642206192017, 0.9993608593940735, 0.9998629093170166, 0.9998865723609924], "val_loss": [1.1373746395111084, 0.3953950107097626, 0.17009052634239197, 0.1434471309185028, 0.13839899003505707, 0.09035534411668777, 0.09709466248750687, 0.12414401024580002, 0.07255199551582336, 0.11521713435649872, 0.08782856911420822, 0.0694657415151596, 0.10929521918296814, 0.10193438082933426, 0.09080551564693451, 0.05377451330423355, 0.13276275992393494, 0.05598261579871178, 0.04835467040538788, 0.05137044936418533, 0.04118001461029053, 0.07282273471355438, 0.06404686719179153, 0.06219954788684845, 0.05379684269428253, 0.039003774523735046, 0.07521989196538925, 0.029689760878682137, 0.04467185586690903, 0.028151022270321846], "val_accuracy": [0.03846153989434242, 0.9134615659713745, 0.9807692170143127, 0.9855769276618958, 0.9759615659713745, 0.995192289352417, 0.9903846383094788, 0.9759615659713745, 0.995192289352417, 0.9759615659713745, 0.9903846383094788, 0.995192289352417, 0.9807692170143127, 0.9807692170143127, 0.9855769276618958, 0.995192289352417, 0.9759615659713745, 0.995192289352417, 0.995192289352417, 0.995192289352417, 0.995192289352417, 0.9855769276618958, 0.9903846383094788, 0.9903846383094788, 0.9903846383094788, 0.9903846383094788, 0.9903846383094788, 1.0, 0.995192289352417, 1.0], "val_precision": [0.03846153989434242, 0.27272728085517883, 0.8333333134651184, 1.0, 1.0, 1.0, 1.0, 1.0, 1.0, 1.0, 1.0, 1.0, 1.0, 1.0, 1.0, 1.0, 1.0, 1.0, 1.0, 1.0, 1.0, 1.0, 1.0, 1.0, 1.0, 1.0, 1.0, 1.0, 1.0, 1.0], "val_recall": [1.0, 0.75, 0.625, 0.625, 0.375, 0.875, 0.75, 0.375, 0.875, 0.375, 0.75, 0.875, 0.5, 0.5, 0.625, 0.875, 0.375, 0.875, 0.875, 0.875, 0.875, 0.625, 0.75, 0.75, 0.75, 0.75, 0.75, 1.0, 0.875, 1.0], "val_auc": [0.8534374833106995, 0.9012500047683716, 0.9721875190734863, 0.9278125166893005, 0.9362500309944153, 0.9993749856948853, 0.9990624189376831, 0.93687504529953, 1.0, 0.9375, 1.0, 1.0, 0.9996874928474426, 0.93687504529953, 0.9993749856948853, 1.0, 0.9375, 1.0, 1.0, 1.0, 1.0, 1.0, 1.0, 1.0, 1.0, 1.0, 1.0, 1.0, 1.0, 1.0], "f1": [0.6649321779445326, 0.7929195093609139, 0.9271343168379228, 0.9515685073725703, 0.9678306180875479, 0.9726443709324784, 0.9679380975759004, 0.9774353443380177, 0.9839335280368993, 0.9856591360919894, 0.9817679353563897, 0.9836700762253223, 0.9565217264466179, 0.9767827607626925, 0.9825726252806889, 0.9822910837732423, 0.9886709027018401, 0.980587896925641, 0.981496819141261, 0.9933517943733294, 0.9925311083484208, 0.990597343787216, 0.9933554858893278, 0.9914198609262344, 0.990318115614935, 0.9922480735253449, 0.9958414183375598, 0.9916943525410392, 0.9950110868220462, 0.9939024161455792], "val_f1": [0.07407407673134561, 0.4000000087420145, 0.7142857069871863, 0.7692307692307693, 0.5454545454545454, 0.9333333333333333, 0.8571428571428571, 0.5454545454545454, 0.9333333333333333, 0.5454545454545454, 0.8571428571428571, 0.9333333333333333, 0.6666666666666666, 0.6666666666666666, 0.7692307692307693, 0.9333333333333333, 0.5454545454545454, 0.9333333333333333, 0.9333333333333333, 0.9333333333333333, 0.9333333333333333, 0.7692307692307693, 0.8571428571428571, 0.8571428571428571, 0.8571428571428571, 0.8571428571428571, 0.8571428571428571, 1.0, 0.9333333333333333, 1.0]}