{"loss": [1.180397391319275, 0.5469222068786621, 0.44614213705062866, 0.30188119411468506, 0.2751328647136688, 0.24800314009189606, 0.2122766673564911, 0.19939708709716797, 0.1541208028793335, 0.15956102311611176, 0.2082987278699875, 0.16495291888713837, 0.15482795238494873, 0.11181576550006866, 0.12310181558132172, 0.10351886600255966, 0.1029784232378006, 0.10270398110151291, 0.09037213772535324, 0.10427552461624146, 0.09996572136878967, 0.11102250218391418, 0.1211189329624176, 0.1075587123632431, 0.08201223611831665, 0.07454312592744827, 0.07423514127731323, 0.0626363679766655, 0.08569401502609253, 0.06562915444374084], "accuracy": [0.6400629878044128, 0.8752777576446533, 0.8963888883590698, 0.9391666650772095, 0.9416666626930237, 0.9466666579246521, 0.9597222208976746, 0.9633333086967468, 0.976111114025116, 0.971666693687439, 0.9572222232818604, 0.9686111211776733, 0.9741666913032532, 0.9833333492279053, 0.9825000166893005, 0.987500011920929, 0.9869444370269775, 0.9847221970558167, 0.9869444370269775, 0.9844444394111633, 0.9858333468437195, 0.9811111092567444, 0.9788888692855835, 0.9819444417953491, 0.9897222518920898, 0.992222249507904, 0.9894444346427917, 0.9933333396911621, 0.9830555319786072, 0.9927777647972107], "precision": [0.5794053673744202, 0.8538501858711243, 0.875328779220581, 0.927066445350647, 0.9274193644523621, 0.9341252446174622, 0.9460916519165039, 0.9547437429428101, 0.9662677049636841, 0.9624183177947998, 0.9507119655609131, 0.9606772065162659, 0.9646162390708923, 0.9769737124443054, 0.9758903980255127, 0.9866888523101807, 0.9855955839157104, 0.979132354259491, 0.9823885560035706, 0.9812362194061279, 0.9818181991577148, 0.9795127511024475, 0.9746695756912231, 0.9753424525260925, 0.9862107038497925, 0.9878854751586914, 0.983534574508667, 0.9916943311691284, 0.978536069393158, 0.9889746308326721], "recall": [0.8833609819412231, 0.9055555462837219, 0.9244444370269775, 0.95333331823349, 0.9583333134651184, 0.9611111283302307, 0.9750000238418579, 0.972777783870697, 0.9866666793823242, 0.9816666841506958, 0.9644444584846497, 0.977222204208374, 0.9844444394111633, 0.9900000095367432, 0.9894444346427917, 0.9883333444595337, 0.9883333444595337, 0.9905555844306946, 0.9916666746139526, 0.9877777695655823, 0.9900000095367432, 0.9827777743339539, 0.9833333492279053, 0.9888888597488403, 0.9933333396911621, 0.996666669845581, 0.995555579662323, 0.9950000047683716, 0.9877777695655823, 0.996666669845581], "auc": [0.7498418092727661, 0.9534597992897034, 0.9622222781181335, 0.9845870137214661, 0.986405074596405, 0.988854169845581, 0.9926477074623108, 0.9929527640342712, 0.9968674778938293, 0.9956874847412109, 0.9914143681526184, 0.9951513409614563, 0.9958478808403015, 0.9989205002784729, 0.9974825978279114, 0.9984910488128662, 0.9986282587051392, 0.9978148937225342, 0.9993481040000916, 0.9980376362800598, 0.9983229637145996, 0.9979576468467712, 0.9976900219917297, 0.9984607696533203, 0.9991627931594849, 0.9992678761482239, 0.999261736869812, 0.9995380640029907, 0.9988236427307129, 0.9993359446525574], "val_loss": [1.0424506664276123, 0.2343003898859024, 0.1741640269756317, 0.12835891544818878, 0.10851449519395828, 0.1170300766825676, 0.09801837056875229, 0.08512500673532486, 0.10066469013690948, 0.08591652661561966, 0.07551360130310059, 0.0975736677646637, 0.07432927191257477, 0.07661303132772446, 0.09467348456382751, 0.0906134694814682, 0.061858341097831726, 0.05854511633515358, 0.06009228527545929, 0.05354692041873932, 0.09147986769676208, 0.0631120353937149, 0.05121263489127159, 0.050120703876018524, 0.056086380034685135, 0.06124246492981911, 0.05357303097844124, 0.042455799877643585, 0.0510525107383728, 0.041347481310367584], "val_accuracy": [0.5384615659713745, 0.9663461446762085, 0.9903846383094788, 0.9903846383094788, 0.995192289352417, 0.9903846383094788, 0.9903846383094788, 1.0, 0.9903846383094788, 0.9903846383094788, 1.0, 0.9903846383094788, 0.9903846383094788, 0.9903846383094788, 0.9903846383094788, 0.9903846383094788, 0.995192289352417, 0.995192289352417, 0.995192289352417, 1.0, 0.9855769276618958, 0.9903846383094788, 1.0, 1.0, 0.9903846383094788, 0.9903846383094788, 0.9903846383094788, 1.0, 0.9903846383094788, 1.0], "val_precision": [0.07692307978868484, 0.5384615659713745, 1.0, 1.0, 1.0, 1.0, 1.0, 1.0, 1.0, 1.0, 1.0, 1.0, 1.0, 1.0, 1.0, 1.0, 1.0, 1.0, 1.0, 1.0, 1.0, 1.0, 1.0, 1.0, 1.0, 1.0, 1.0, 1.0, 1.0, 1.0], "val_recall": [1.0, 0.875, 0.75, 0.75, 0.875, 0.75, 0.75, 1.0, 0.75, 0.75, 1.0, 0.75, 0.75, 0.75, 0.75, 0.75, 0.875, 0.875, 0.875, 1.0, 0.625, 0.75, 1.0, 1.0, 0.75, 0.75, 0.75, 1.0, 0.75, 1.0], "val_auc": [0.9884374141693115, 0.9943749904632568, 0.9959374666213989, 0.9987500309944153, 1.0, 1.0, 0.9999999403953552, 1.0, 1.0, 1.0, 1.0, 1.0, 1.0, 1.0, 1.0, 1.0, 1.0, 1.0, 1.0, 1.0, 1.0, 1.0, 1.0, 1.0, 1.0, 1.0, 1.0, 1.0, 1.0, 1.0], "f1": [0.6998029377765497, 0.8789431083232744, 0.8992164270643054, 0.9400164238315845, 0.942622946174322, 0.947426063229972, 0.960328332911063, 0.9636763994638184, 0.9763606555272603, 0.9719472120303919, 0.9575289780908861, 0.9688790781287502, 0.9744294810345404, 0.9834437276191823, 0.9826206782655115, 0.9875104137458608, 0.9869625656053865, 0.9848108447609947, 0.9870058115913141, 0.9844961281642525, 0.9858921296533187, 0.9811425464087236, 0.9789822947221365, 0.9820689444422863, 0.98975920772335, 0.9922566451012682, 0.989508569257744, 0.9933444178028722, 0.9831352014249108, 0.9928057515091728], "val_f1": [0.14285714779885447, 0.6666666877513026, 0.8571428571428571, 0.8571428571428571, 0.9333333333333333, 0.8571428571428571, 0.8571428571428571, 1.0, 0.8571428571428571, 0.8571428571428571, 1.0, 0.8571428571428571, 0.8571428571428571, 0.8571428571428571, 0.8571428571428571, 0.8571428571428571, 0.9333333333333333, 0.9333333333333333, 0.9333333333333333, 1.0, 0.7692307692307693, 0.8571428571428571, 1.0, 1.0, 0.8571428571428571, 0.8571428571428571, 0.8571428571428571, 1.0, 0.8571428571428571, 1.0]}