{"loss": [1.165156602859497, 0.5828331112861633, 0.4403804838657379, 0.31758442521095276, 0.3433970510959625, 0.230259969830513, 0.2502042055130005, 0.20167574286460876, 0.1774125099182129, 0.16712898015975952, 0.15911921858787537, 0.15130268037319183, 0.12384995073080063, 0.1277087926864624, 0.10893908888101578, 0.1056542918086052, 0.21569880843162537, 0.15501298010349274, 0.1365942806005478, 0.11091296374797821, 0.0999688059091568, 0.0854395180940628, 0.11770113557577133, 0.10893869400024414, 0.07993745058774948, 0.0768074169754982, 0.08438295871019363, 0.09607986360788345, 0.09732736647129059, 0.07167727500200272], "accuracy": [0.6538865566253662, 0.867222249507904, 0.8941666483879089, 0.9347222447395325, 0.9197221994400024, 0.9563888907432556, 0.9519444704055786, 0.9672222137451172, 0.9702777862548828, 0.9722222089767456, 0.9750000238418579, 0.9736111164093018, 0.9838888645172119, 0.9813888669013977, 0.9858333468437195, 0.9847221970558167, 0.9561111330986023, 0.9725000262260437, 0.9766666889190674, 0.9852777719497681, 0.9863888621330261, 0.9891666769981384, 0.9780555367469788, 0.9822221994400024, 0.9905555844306946, 0.9902777671813965, 0.9869444370269775, 0.9813888669013977, 0.9830555319786072, 0.9897222518920898], "precision": [0.5925925970077515, 0.8504772186279297, 0.8748018741607666, 0.9218328595161438, 0.905528724193573, 0.9447752833366394, 0.940921425819397, 0.9575625658035278, 0.9628211855888367, 0.9654983282089233, 0.9677242636680603, 0.9681493639945984, 0.9785714149475098, 0.9727222919464111, 0.982349693775177, 0.979132354259491, 0.9471677541732788, 0.9639934301376343, 0.9714285731315613, 0.9786301255226135, 0.980779767036438, 0.9835255146026611, 0.972024142742157, 0.9774477481842041, 0.9878453016281128, 0.9851566553115845, 0.9855955839157104, 0.9732386469841003, 0.9801214933395386, 0.9862107038497925], "recall": [0.8672566413879395, 0.8911111354827881, 0.9200000166893005, 0.949999988079071, 0.9372222423553467, 0.9694444537162781, 0.9644444584846497, 0.9777777791023254, 0.9783333539962769, 0.9794444441795349, 0.9827777743339539, 0.9794444441795349, 0.9894444346427917, 0.9905555844306946, 0.9894444346427917, 0.9905555844306946, 0.9661111235618591, 0.9816666841506958, 0.9822221994400024, 0.992222249507904, 0.992222249507904, 0.9950000047683716, 0.9844444394111633, 0.9872221946716309, 0.9933333396911621, 0.995555579662323, 0.9883333444595337, 0.9900000095367432, 0.9861111044883728, 0.9933333396911621], "auc": [0.7514644861221313, 0.9408394694328308, 0.9655694961547852, 0.9843729138374329, 0.9769669771194458, 0.9930927157402039, 0.9891882538795471, 0.9938757419586182, 0.996209979057312, 0.9969416856765747, 0.9968870878219604, 0.9966691136360168, 0.9985465407371521, 0.9983202815055847, 0.9991415739059448, 0.9991158246994019, 0.9878913760185242, 0.995729923248291, 0.9972626566886902, 0.9983879923820496, 0.9987598061561584, 0.9994139671325684, 0.9977685809135437, 0.9979642033576965, 0.9993283152580261, 0.999570369720459, 0.9992988109588623, 0.9986827969551086, 0.9985249638557434, 0.9996921420097351], "val_loss": [0.3610215485095978, 0.2724236249923706, 0.2215641885995865, 0.14422863721847534, 0.1343562752008438, 0.12159048765897751, 0.11992001533508301, 0.10210613161325455, 0.11723736673593521, 0.11519110947847366, 0.10149337351322174, 0.08588066697120667, 0.0916261300444603, 0.1002328023314476, 0.07405578345060349, 0.10006995499134064, 0.07766381651163101, 0.11037024110555649, 0.08597889542579651, 0.0902463048696518, 0.08116738498210907, 0.0818835198879242, 0.07427266985177994, 0.07960387319326401, 0.07300326228141785, 0.08453346788883209, 0.0556458905339241, 0.07274342328310013, 0.08766046166419983, 0.07822741568088531], "val_accuracy": [0.9855769276618958, 0.9663461446762085, 0.9711538553237915, 0.9903846383094788, 0.9903846383094788, 0.995192289352417, 0.9903846383094788, 0.995192289352417, 0.9903846383094788, 0.9903846383094788, 0.995192289352417, 0.995192289352417, 0.995192289352417, 0.995192289352417, 0.995192289352417, 0.9903846383094788, 0.9903846383094788, 0.9903846383094788, 0.9903846383094788, 0.995192289352417, 0.995192289352417, 0.995192289352417, 0.9903846383094788, 0.9903846383094788, 0.995192289352417, 0.9903846383094788, 0.995192289352417, 0.9903846383094788, 0.9903846383094788, 0.995192289352417], "val_precision": [0.8571428656578064, 0.5333333611488342, 0.5714285969734192, 0.875, 0.875, 1.0, 1.0, 1.0, 1.0, 1.0, 1.0, 1.0, 1.0, 1.0, 1.0, 1.0, 1.0, 1.0, 1.0, 1.0, 1.0, 1.0, 1.0, 1.0, 1.0, 1.0, 1.0, 1.0, 1.0, 1.0], "val_recall": [0.75, 1.0, 1.0, 0.875, 0.875, 0.875, 0.75, 0.875, 0.75, 0.75, 0.875, 0.875, 0.875, 0.875, 0.875, 0.75, 0.75, 0.75, 0.75, 0.875, 0.875, 0.875, 0.75, 0.75, 0.875, 0.75, 0.875, 0.75, 0.75, 0.875], "val_auc": [0.9915624856948853, 0.9868749976158142, 0.9975000023841858, 0.9981249570846558, 0.9975000023841858, 0.9981250166893005, 0.9981250166893005, 1.0, 0.9993749856948853, 0.9993749856948853, 0.9993749856948853, 1.0, 1.0, 0.9375, 1.0, 0.9375, 1.0, 0.9375, 1.0, 0.9375, 1.0, 0.9375, 1.0, 1.0, 1.0, 0.9375, 1.0, 1.0, 1.0, 0.9375], "f1": [0.7040862191455951, 0.8703201513778587, 0.8968318374643043, 0.9357044959183366, 0.9211029344841716, 0.9569509087279989, 0.9525377382648517, 0.9675645954545988, 0.9705152893155278, 0.9724213862267681, 0.9751929292941128, 0.973764151149609, 0.9839778888182255, 0.9815579444778162, 0.9858843003643079, 0.9848108447609947, 0.9565456597410735, 0.9727497903223505, 0.9767955697058378, 0.9853793179889634, 0.9864678277675359, 0.9892294864415592, 0.9781948670422664, 0.9823106569611332, 0.9905817194869937, 0.990328819824592, 0.9869625656053865, 0.9815477772868079, 0.9831071760254038, 0.98975920772335], "val_f1": [0.8000000037087335, 0.6956521975746223, 0.7272727479619425, 0.875, 0.875, 0.9333333333333333, 0.8571428571428571, 0.9333333333333333, 0.8571428571428571, 0.8571428571428571, 0.9333333333333333, 0.9333333333333333, 0.9333333333333333, 0.9333333333333333, 0.9333333333333333, 0.8571428571428571, 0.8571428571428571, 0.8571428571428571, 0.8571428571428571, 0.9333333333333333, 0.9333333333333333, 0.9333333333333333, 0.8571428571428571, 0.8571428571428571, 0.9333333333333333, 0.8571428571428571, 0.9333333333333333, 0.8571428571428571, 0.8571428571428571, 0.9333333333333333]}