{"loss": [1.2945314645767212, 0.6367786526679993, 0.41342613101005554, 0.30154988169670105, 0.3011336624622345, 0.2517681419849396, 0.1823134571313858, 0.1609659194946289, 0.16404195129871368, 0.15778133273124695, 0.14024247229099274, 0.11778303235769272, 0.15406833589076996, 0.11586374044418335, 0.10994185507297516, 0.12712448835372925, 0.10090815275907516, 0.09191951155662537, 0.07536973804235458, 0.07548382133245468, 0.08125010132789612, 0.08345307409763336, 0.10691209882497787, 0.0859941616654396, 0.06341896206140518, 0.06545833498239517, 0.06036970019340515, 0.06433150917291641, 0.08209044486284256, 0.05966653302311897], "accuracy": [0.5437122583389282, 0.8455555438995361, 0.8958333134651184, 0.9338889122009277, 0.9302777647972107, 0.9411110877990723, 0.964722216129303, 0.9722222089767456, 0.9686111211776733, 0.9672222137451172, 0.9730555415153503, 0.9811111092567444, 0.9666666388511658, 0.9813888669013977, 0.9833333492279053, 0.9766666889190674, 0.9850000143051147, 0.9847221970558167, 0.992222249507904, 0.9897222518920898, 0.9866666793823242, 0.9883333444595337, 0.9775000214576721, 0.9872221946716309, 0.9933333396911621, 0.992222249507904, 0.9930555820465088, 0.9908333420753479, 0.9855555295944214, 0.9936110973358154], "precision": [0.5106959939002991, 0.8122490048408508, 0.8771836757659912, 0.9180942177772522, 0.9197831749916077, 0.9192185997962952, 0.9583561420440674, 0.9634678363800049, 0.961685836315155, 0.9575625658035278, 0.9615176320075989, 0.9753018617630005, 0.9580152630805969, 0.974274754524231, 0.980663001537323, 0.9673202633857727, 0.9828540086746216, 0.9801871180534363, 0.9895027875900269, 0.984606921672821, 0.982910692691803, 0.9850993156433105, 0.9745996594429016, 0.9823982119560242, 0.9922394752502441, 0.9878854751586914, 0.9900607466697693, 0.9883913993835449, 0.9818081855773926, 0.9911553263664246], "recall": [0.936981737613678, 0.898888885974884, 0.9205555319786072, 0.9527778029441833, 0.9427777528762817, 0.9672222137451172, 0.971666693687439, 0.9816666841506958, 0.976111114025116, 0.9777777791023254, 0.9855555295944214, 0.9872221946716309, 0.976111114025116, 0.9888888597488403, 0.9861111044883728, 0.9866666793823242, 0.9872221946716309, 0.9894444346427917, 0.9950000047683716, 0.9950000047683716, 0.9905555844306946, 0.9916666746139526, 0.980555534362793, 0.992222249507904, 0.9944444298744202, 0.996666669845581, 0.9961110949516296, 0.9933333396911621, 0.9894444346427917, 0.9961110949516296], "auc": [0.619621217250824, 0.9294811487197876, 0.971025288105011, 0.9843540191650391, 0.9816508293151855, 0.9882723689079285, 0.9948959350585938, 0.9958051443099976, 0.9954168796539307, 0.9951575994491577, 0.997087299823761, 0.9980590343475342, 0.9954281449317932, 0.9976031184196472, 0.9977839589118958, 0.9970192313194275, 0.9982051849365234, 0.9987006783485413, 0.9989521503448486, 0.9992247223854065, 0.998932421207428, 0.9985983967781067, 0.9977012276649475, 0.9983037114143372, 0.9991729259490967, 0.9990853667259216, 0.9993489384651184, 0.9992335438728333, 0.9985266327857971, 0.9993753433227539], "val_loss": [0.9815596342086792, 0.346917986869812, 0.2048426866531372, 0.13862156867980957, 0.12050159275531769, 0.11239689588546753, 0.09861377626657486, 0.09606281667947769, 0.08280494064092636, 0.09485241025686264, 0.07353931665420532, 0.07410206645727158, 0.06198588386178017, 0.07812487334012985, 0.06920728832483292, 0.06453385949134827, 0.05267076566815376, 0.06522171199321747, 0.05621369555592537, 0.09963773936033249, 0.042390987277030945, 0.10925868898630142, 0.0567815862596035, 0.05801419913768768, 0.07251328974962234, 0.08319643139839172, 0.0635182335972786, 0.04259095713496208, 0.0879000723361969, 0.071512371301651], "val_accuracy": [0.5023923516273499, 0.9330143332481384, 0.9712918400764465, 0.9856459498405457, 0.9856459498405457, 0.9856459498405457, 0.9904305934906006, 0.9856459498405457, 0.9904305934906006, 0.980861246585846, 0.9904305934906006, 0.9904305934906006, 0.9904305934906006, 0.9904305934906006, 0.9904305934906006, 0.9856459498405457, 0.9952152967453003, 0.9904305934906006, 0.9904305934906006, 0.980861246585846, 0.9952152967453003, 0.9760765433311462, 0.9904305934906006, 0.9904305934906006, 0.9904305934906006, 0.9904305934906006, 0.9904305934906006, 0.9952152967453003, 0.9856459498405457, 0.9904305934906006], "val_precision": [0.0796460211277008, 0.380952388048172, 0.6153846383094788, 0.800000011920929, 0.875, 1.0, 1.0, 1.0, 1.0, 1.0, 1.0, 1.0, 1.0, 1.0, 1.0, 1.0, 1.0, 1.0, 1.0, 1.0, 1.0, 1.0, 1.0, 1.0, 1.0, 1.0, 1.0, 1.0, 1.0, 1.0], "val_recall": [1.0, 0.8888888955116272, 0.8888888955116272, 0.8888888955116272, 0.7777777910232544, 0.6666666865348816, 0.7777777910232544, 0.6666666865348816, 0.7777777910232544, 0.5555555820465088, 0.7777777910232544, 0.7777777910232544, 0.7777777910232544, 0.7777777910232544, 0.7777777910232544, 0.6666666865348816, 0.8888888955116272, 0.7777777910232544, 0.7777777910232544, 0.5555555820465088, 0.8888888955116272, 0.4444444477558136, 0.7777777910232544, 0.7777777910232544, 0.7777777910232544, 0.7777777910232544, 0.7777777910232544, 0.8888888955116272, 0.6666666865348816, 0.7777777910232544], "val_auc": [0.9638888835906982, 0.9661110639572144, 0.987777829170227, 0.9966666102409363, 0.9966667294502258, 0.9988888502120972, 0.9994444847106934, 1.0, 1.0, 1.0, 1.0, 1.0, 1.0, 1.0, 1.0, 1.0, 1.0, 1.0, 1.0, 1.0, 1.0, 0.9444444179534912, 1.0, 1.0, 0.9997222423553467, 1.0, 0.9997222423553467, 1.0, 1.0, 1.0], "f1": [0.6610764389621705, 0.8533755310012292, 0.8983464139949177, 0.9351145156067453, 0.9311385221042351, 0.9426096410006893, 0.9649655192417134, 0.9724821252639699, 0.9688447831058113, 0.9675645954545988, 0.9733881989805964, 0.981225826282316, 0.9669785353923178, 0.9815274122633924, 0.9833795071981877, 0.9768976969948446, 0.9850332589546384, 0.984794021540643, 0.9922437823333476, 0.9897761809922943, 0.9867183310192156, 0.9883720858444619, 0.9775685253861274, 0.9872857926904001, 0.9933407289593015, 0.9922566451012682, 0.9930767054161488, 0.9908562075377775, 0.9856115194386199, 0.9936270314064602], "val_f1": [0.14754098948933236, 0.5333333414793014, 0.7272727454989408, 0.8421052727342643, 0.8235294191895058, 0.8000000143051146, 0.8750000083819031, 0.8000000143051146, 0.8750000083819031, 0.7142857361812978, 0.8750000083819031, 0.8750000083819031, 0.8750000083819031, 0.8750000083819031, 0.8750000083819031, 0.8000000143051146, 0.9411764743006353, 0.8750000083819031, 0.8750000083819031, 0.7142857361812978, 0.9411764743006353, 0.6153846185588272, 0.8750000083819031, 0.8750000083819031, 0.8750000083819031, 0.8750000083819031, 0.8750000083819031, 0.9411764743006353, 0.8000000143051146, 0.8750000083819031]}