{"loss": [1.2924933433532715, 0.7151105403900146, 0.4670466482639313, 0.351181298494339, 0.2929552495479584, 0.23610153794288635, 0.23905527591705322, 0.21831953525543213, 0.17907391488552094, 0.17290255427360535, 0.14716100692749023, 0.12253834307193756, 0.16270725429058075, 0.1603488028049469, 0.10552537441253662, 0.10632982850074768, 0.08468281477689743, 0.0863671526312828, 0.10834897309541702, 0.08248760551214218, 0.10621250420808792, 0.08717984706163406, 0.06913143396377563, 0.08354499936103821, 0.07046394795179367, 0.06433940678834915, 0.07927710562944412, 0.06945445388555527, 0.08180952072143555, 0.07667812705039978], "accuracy": [0.5359768867492676, 0.8194444179534912, 0.8991666436195374, 0.9213888645172119, 0.9388889074325562, 0.9547222256660461, 0.9458333253860474, 0.9541666507720947, 0.9677777886390686, 0.9697222113609314, 0.9750000238418579, 0.9802777767181396, 0.9644444584846497, 0.9691666960716248, 0.9847221970558167, 0.9847221970558167, 0.9908333420753479, 0.988611102104187, 0.980555534362793, 0.9888888597488403, 0.9797222018241882, 0.988611102104187, 0.9911110997200012, 0.9866666793823242, 0.9905555844306946, 0.9916666746139526, 0.9866666793823242, 0.9900000095367432, 0.9850000143051147, 0.9872221946716309], "precision": [0.5063291192054749, 0.7880761623382568, 0.8815719485282898, 0.907139003276825, 0.9261057376861572, 0.9436314105987549, 0.9326145648956299, 0.9474548697471619, 0.9591057896614075, 0.9632876515388489, 0.9641693830490112, 0.974739134311676, 0.953362226486206, 0.9647771120071411, 0.979132354259491, 0.9801871180534363, 0.9873138666152954, 0.9845730066299438, 0.9763215780258179, 0.984581470489502, 0.9741899967193604, 0.9856432676315308, 0.9878587126731873, 0.9845132827758789, 0.9889258146286011, 0.9900332093238831, 0.9813186526298523, 0.9878318309783936, 0.9801980257034302, 0.9839955568313599], "recall": [0.9070796370506287, 0.8738889098167419, 0.9222221970558167, 0.9388889074325562, 0.9538888931274414, 0.9672222137451172, 0.9611111283302307, 0.9616666436195374, 0.977222204208374, 0.9766666889190674, 0.9866666793823242, 0.9861111044883728, 0.9766666889190674, 0.9738888740539551, 0.9905555844306946, 0.9894444346427917, 0.9944444298744202, 0.9927777647972107, 0.9850000143051147, 0.9933333396911621, 0.9855555295944214, 0.9916666746139526, 0.9944444298744202, 0.9888888597488403, 0.992222249507904, 0.9933333396911621, 0.992222249507904, 0.992222249507904, 0.9900000095367432, 0.9905555844306946], "auc": [0.6429096460342407, 0.9069020748138428, 0.9625651240348816, 0.9801822304725647, 0.9855493903160095, 0.9916960000991821, 0.9901416897773743, 0.9917156100273132, 0.9947783946990967, 0.9950351119041443, 0.9970321655273438, 0.9982457160949707, 0.9956340789794922, 0.9956605434417725, 0.9986798167228699, 0.9982119798660278, 0.9992842078208923, 0.9982922077178955, 0.9976540207862854, 0.9993517398834229, 0.9983621835708618, 0.9991502165794373, 0.9996536374092102, 0.998706579208374, 0.9993119835853577, 0.9996373057365417, 0.9991368055343628, 0.9991995096206665, 0.9988431930541992, 0.9989439845085144], "val_loss": [0.992233395576477, 0.3564523160457611, 0.2563802897930145, 0.16380074620246887, 0.16374914348125458, 0.11343231797218323, 0.12804530560970306, 0.09650203585624695, 0.08845174312591553, 0.09934686124324799, 0.07844361662864685, 0.09807242453098297, 0.08137711137533188, 0.07412814348936081, 0.07795543223619461, 0.08886737376451492, 0.07602086663246155, 0.060086484998464584, 0.08402370661497116, 0.13210639357566833, 0.05879399552941322, 0.052454546093940735, 0.07012200355529785, 0.09196258336305618, 0.06867393851280212, 0.05001531541347504, 0.09471265226602554, 0.06379012018442154, 0.11320964992046356, 0.06440302729606628], "val_accuracy": [0.5913461446762085, 0.9567307829856873, 0.9663461446762085, 0.9759615659713745, 0.9807692170143127, 1.0, 0.9807692170143127, 0.995192289352417, 0.995192289352417, 0.9807692170143127, 0.995192289352417, 0.9855769276618958, 0.995192289352417, 0.995192289352417, 0.9855769276618958, 0.9855769276618958, 0.9855769276618958, 0.995192289352417, 0.9855769276618958, 0.9711538553237915, 0.995192289352417, 0.995192289352417, 0.9855769276618958, 0.9807692170143127, 0.9855769276618958, 0.995192289352417, 0.9807692170143127, 0.9855769276618958, 0.9759615659713745, 0.9855769276618958], "val_precision": [0.08602150529623032, 0.4545454680919647, 0.5555555820465088, 0.800000011920929, 0.6666666865348816, 1.0, 1.0, 1.0, 1.0, 1.0, 1.0, 1.0, 1.0, 1.0, 1.0, 1.0, 1.0, 1.0, 1.0, 1.0, 1.0, 1.0, 1.0, 1.0, 1.0, 1.0, 1.0, 1.0, 1.0, 1.0], "val_recall": [1.0, 0.625, 0.625, 0.5, 1.0, 1.0, 0.5, 0.875, 0.875, 0.5, 0.875, 0.625, 0.875, 0.875, 0.625, 0.625, 0.625, 0.875, 0.625, 0.25, 0.875, 0.875, 0.625, 0.5, 0.625, 0.875, 0.5, 0.625, 0.375, 0.625], "val_auc": [0.9353125095367432, 0.9281250238418579, 0.9618749618530273, 0.9956248998641968, 0.9993749856948853, 0.9999999403953552, 0.9993749856948853, 0.9999999403953552, 0.9999999403953552, 1.0, 1.0, 0.9993749856948853, 1.0, 1.0, 1.0, 1.0, 1.0, 1.0, 1.0, 0.9375, 1.0, 1.0, 1.0, 1.0, 1.0, 1.0, 1.0, 0.9993749856948853, 1.0, 1.0], "f1": [0.6498910264198857, 0.8287671382471894, 0.9014390264264535, 0.9227409214509099, 0.9397920212762676, 0.9552811898212755, 0.9466484401309125, 0.9545078594436545, 0.9680792477402613, 0.9699310354727197, 0.9752883103354626, 0.9803921434737806, 0.9648737608547943, 0.9693115803147438, 0.9848108447609947, 0.984794021540643, 0.9908663200073067, 0.98865836342862, 0.9806415960361892, 0.9889380424731635, 0.9798398059857174, 0.9886457966805107, 0.9911406315567333, 0.9866962203317171, 0.9905712895970789, 0.9916805289584343, 0.9867403304808655, 0.9900221727561811, 0.9850746345668733, 0.9872646734804787], "val_f1": [0.1584158414483082, 0.5263157985547242, 0.5882353089672469, 0.6153846189115174, 0.8000000143051146, 1.0, 0.6666666666666666, 0.9333333333333333, 0.9333333333333333, 0.6666666666666666, 0.9333333333333333, 0.7692307692307693, 0.9333333333333333, 0.9333333333333333, 0.7692307692307693, 0.7692307692307693, 0.7692307692307693, 0.9333333333333333, 0.7692307692307693, 0.4, 0.9333333333333333, 0.9333333333333333, 0.7692307692307693, 0.6666666666666666, 0.7692307692307693, 0.9333333333333333, 0.6666666666666666, 0.7692307692307693, 0.5454545454545454, 0.7692307692307693]}