{"loss": [1.25786292552948, 0.6787276864051819, 0.40172725915908813, 0.29377204179763794, 0.2787035405635834, 0.21552500128746033, 0.1737435758113861, 0.24373674392700195, 0.19502343237400055, 0.14515060186386108, 0.11512187868356705, 0.11924389004707336, 0.12387969344854355, 0.08812054991722107, 0.0964546799659729, 0.10305367410182953, 0.08595550805330276, 0.08739450573921204, 0.10710486769676208, 0.11637010425329208, 0.07582386583089828, 0.0875125452876091, 0.07126776874065399, 0.06989557296037674, 0.06285933405160904, 0.06253676861524582, 0.06194498762488365, 0.05725476145744324, 0.07019884139299393, 0.07873331755399704], "accuracy": [0.5649999976158142, 0.823888897895813, 0.9080555438995361, 0.9386110901832581, 0.9394444227218628, 0.9561111330986023, 0.9677777886390686, 0.9413889050483704, 0.9599999785423279, 0.9791666865348816, 0.9850000143051147, 0.9822221994400024, 0.9816666841506958, 0.9925000071525574, 0.9855555295944214, 0.9869444370269775, 0.9916666746139526, 0.9872221946716309, 0.980555534362793, 0.9780555367469788, 0.9916666746139526, 0.987500011920929, 0.9908333420753479, 0.9902777671813965, 0.992222249507904, 0.9927777647972107, 0.9925000071525574, 0.9930555820465088, 0.9894444346427917, 0.9861111044883728], "precision": [0.5385884046554565, 0.8020725250244141, 0.8938337564468384, 0.9256064891815186, 0.92435622215271, 0.9433045387268066, 0.9546436071395874, 0.929691731929779, 0.946601927280426, 0.9715691804885864, 0.9786184430122375, 0.9753559827804565, 0.9758507013320923, 0.9895085692405701, 0.9818081855773926, 0.9813289642333984, 0.988950252532959, 0.9818681478500366, 0.9768467545509338, 0.9709907174110413, 0.988950252532959, 0.9834710955619812, 0.9867768883705139, 0.986762285232544, 0.9878854751586914, 0.99005526304245, 0.9895085692405701, 0.9889807105064392, 0.9872787594795227, 0.9807692170143127], "recall": [0.9072222113609314, 0.8600000143051147, 0.926111102104187, 0.9538888931274414, 0.9572222232818604, 0.9705555438995361, 0.9822221994400024, 0.9549999833106995, 0.9750000238418579, 0.9872221946716309, 0.9916666746139526, 0.9894444346427917, 0.9877777695655823, 0.995555579662323, 0.9894444346427917, 0.9927777647972107, 0.9944444298744202, 0.9927777647972107, 0.9844444394111633, 0.9855555295944214, 0.9944444298744202, 0.9916666746139526, 0.9950000047683716, 0.9938889145851135, 0.996666669845581, 0.995555579662323, 0.995555579662323, 0.9972222447395325, 0.9916666746139526, 0.9916666746139526], "auc": [0.6421654224395752, 0.9077444672584534, 0.97137451171875, 0.9856054186820984, 0.9843892455101013, 0.9919479489326477, 0.9955788254737854, 0.9871538877487183, 0.9936750531196594, 0.9964911937713623, 0.9985913634300232, 0.9979255199432373, 0.997593879699707, 0.9989420771598816, 0.9991422295570374, 0.9974604845046997, 0.9986382722854614, 0.9988588690757751, 0.9978802800178528, 0.9979696869850159, 0.9991680383682251, 0.9986484050750732, 0.9992870092391968, 0.9993049502372742, 0.9995983839035034, 0.9990837574005127, 0.9993870854377747, 0.999480128288269, 0.9991971850395203, 0.9988147616386414], "val_loss": [0.9742286205291748, 0.4037444591522217, 0.20696128904819489, 0.16200605034828186, 0.1449124962091446, 0.12533532083034515, 0.1096402034163475, 0.1334300935268402, 0.11617254465818405, 0.1120678260922432, 0.09828794747591019, 0.09397706389427185, 0.10306742787361145, 0.10485697537660599, 0.08172482997179031, 0.08492428809404373, 0.10818853229284286, 0.07458251714706421, 0.0781913623213768, 0.08820728212594986, 0.08976714313030243, 0.08281122148036957, 0.06754951924085617, 0.07740394026041031, 0.07838493585586548, 0.07417906820774078, 0.08069735020399094, 0.10672573745250702, 0.05141810327768326, 0.06352677196264267], "val_accuracy": [0.5645933151245117, 0.9186602830886841, 0.9569377899169922, 0.9760765433311462, 0.9760765433311462, 0.9856459498405457, 0.9856459498405457, 0.9760765433311462, 0.9856459498405457, 0.9856459498405457, 0.9856459498405457, 0.9856459498405457, 0.9856459498405457, 0.9856459498405457, 0.9904305934906006, 0.9856459498405457, 0.9856459498405457, 0.9904305934906006, 0.9904305934906006, 0.9856459498405457, 0.9904305934906006, 0.9904305934906006, 0.9904305934906006, 0.9904305934906006, 0.9904305934906006, 0.9904305934906006, 0.9904305934906006, 0.980861246585846, 0.9952152967453003, 0.9904305934906006], "val_precision": [0.09000000357627869, 0.2777777910232544, 0.5, 0.75, 0.699999988079071, 0.800000011920929, 0.875, 0.6666666865348816, 1.0, 1.0, 1.0, 1.0, 1.0, 1.0, 1.0, 1.0, 1.0, 1.0, 1.0, 1.0, 1.0, 1.0, 1.0, 1.0, 1.0, 1.0, 1.0, 1.0, 1.0, 1.0], "val_recall": [1.0, 0.5555555820465088, 0.6666666865348816, 0.6666666865348816, 0.7777777910232544, 0.8888888955116272, 0.7777777910232544, 0.8888888955116272, 0.6666666865348816, 0.6666666865348816, 0.6666666865348816, 0.6666666865348816, 0.6666666865348816, 0.6666666865348816, 0.7777777910232544, 0.6666666865348816, 0.6666666865348816, 0.7777777910232544, 0.7777777910232544, 0.6666666865348816, 0.7777777910232544, 0.7777777910232544, 0.7777777910232544, 0.7777777910232544, 0.7777777910232544, 0.7777777910232544, 0.7777777910232544, 0.5555555820465088, 0.8888888955116272, 0.7777777910232544], "val_auc": [0.9366666078567505, 0.9347222447395325, 0.9811111092567444, 0.9883333444595337, 0.9900000691413879, 0.9944443702697754, 0.995555579662323, 0.9924999475479126, 0.9938889145851135, 0.9983333349227905, 0.996388852596283, 0.9980555772781372, 0.9966666102409363, 0.9441666007041931, 0.9436110854148865, 1.0, 0.9997222423553467, 1.0, 0.9991666674613953, 0.9980555176734924, 0.9444444179534912, 0.9444444179534912, 0.9994444251060486, 1.0, 0.9444444179534912, 1.0, 0.9444444179534912, 0.8888888955116272, 1.0, 0.9994444251060486], "f1": [0.6759106041580498, 0.8300268089056932, 0.9096862043830966, 0.9395348961722498, 0.9405021833879279, 0.9567360309751991, 0.9682365606338689, 0.9421759339179222, 0.960591137127162, 0.9793331447141042, 0.985099352795243, 0.9823496986256843, 0.9817780129763191, 0.9925228640853581, 0.9856115194386199, 0.9870201659469541, 0.9916897315269754, 0.9872928193402861, 0.9806308809573869, 0.9782189122224557, 0.9916897315269754, 0.9875518818396337, 0.9908713862122636, 0.9903127786594503, 0.9922566451012682, 0.9927978031720592, 0.9925228640853581, 0.9930843789457495, 0.9894678523852631, 0.986187842280061], "val_f1": [0.16513762069906351, 0.37037038803100586, 0.5714285787270993, 0.7058823640783763, 0.7368421046027184, 0.8421052727342643, 0.8235294191895058, 0.7619047773127652, 0.8000000143051146, 0.8000000143051146, 0.8000000143051146, 0.8000000143051146, 0.8000000143051146, 0.8000000143051146, 0.8750000083819031, 0.8000000143051146, 0.8000000143051146, 0.8750000083819031, 0.8750000083819031, 0.8000000143051146, 0.8750000083819031, 0.8750000083819031, 0.8750000083819031, 0.8750000083819031, 0.8750000083819031, 0.8750000083819031, 0.8750000083819031, 0.7142857361812978, 0.9411764743006353, 0.8750000083819031]}