{"loss": [1.1986792087554932, 0.5591378211975098, 0.4182780086994171, 0.2934044599533081, 0.27562278509140015, 0.2423030585050583, 0.21918141841888428, 0.21135775744915009, 0.19966967403888702, 0.15315328538417816, 0.12917189300060272, 0.14788831770420074, 0.12532034516334534, 0.11171586811542511, 0.11728581041097641, 0.1125568374991417, 0.09717582911252975, 0.1564783900976181, 0.09892492741346359, 0.07473314553499222, 0.07698415219783783, 0.09115216881036758, 0.07203756272792816, 0.09912730008363724, 0.07676922529935837, 0.08023995161056519, 0.07165470719337463, 0.06624585390090942, 0.059463951736688614, 0.06279189139604568], "accuracy": [0.5950630307197571, 0.8747222423553467, 0.9027777910232544, 0.9358333349227905, 0.9424999952316284, 0.9461110830307007, 0.9577777981758118, 0.9555555582046509, 0.9599999785423279, 0.976111114025116, 0.9825000166893005, 0.9744444489479065, 0.9830555319786072, 0.9844444394111633, 0.9816666841506958, 0.9838888645172119, 0.9855555295944214, 0.9641666412353516, 0.9869444370269775, 0.9938889145851135, 0.9916666746139526, 0.9869444370269775, 0.991944432258606, 0.9861111044883728, 0.9908333420753479, 0.9883333444595337, 0.9925000071525574, 0.9916666746139526, 0.9930555820465088, 0.9913889169692993], "precision": [0.5446608662605286, 0.8555614352226257, 0.8819810152053833, 0.9192944765090942, 0.9340599179267883, 0.936413049697876, 0.9444444179534912, 0.9418103694915771, 0.949999988079071, 0.9688183665275574, 0.9758903980255127, 0.9651415944099426, 0.9780098795890808, 0.9775465726852417, 0.974288821220398, 0.9801543354988098, 0.9802197813987732, 0.9588138461112976, 0.9808008670806885, 0.9917035102844238, 0.9884105920791626, 0.9861342310905457, 0.9884169697761536, 0.9823594093322754, 0.9867768883705139, 0.984564483165741, 0.9900497794151306, 0.988950252532959, 0.9906025528907776, 0.9884042143821716], "recall": [0.8971238732337952, 0.9016666412353516, 0.9300000071525574, 0.9555555582046509, 0.9522222280502319, 0.9572222232818604, 0.972777783870697, 0.9711111187934875, 0.9711111187934875, 0.9838888645172119, 0.9894444346427917, 0.9844444394111633, 0.9883333444595337, 0.9916666746139526, 0.9894444346427917, 0.9877777695655823, 0.9911110997200012, 0.9700000286102295, 0.9933333396911621, 0.9961110949516296, 0.9950000047683716, 0.9877777695655823, 0.995555579662323, 0.9900000095367432, 0.9950000047683716, 0.992222249507904, 0.9950000047683716, 0.9944444298744202, 0.995555579662323, 0.9944444298744202], "auc": [0.7028638124465942, 0.9445673823356628, 0.9677000045776367, 0.9862813353538513, 0.9866912364959717, 0.9896899461746216, 0.9914422035217285, 0.9912249445915222, 0.993128776550293, 0.9969699382781982, 0.9981745481491089, 0.9962759613990784, 0.9978312849998474, 0.9981293678283691, 0.9981689453125, 0.9985077977180481, 0.9985033869743347, 0.9955095648765564, 0.9987626075744629, 0.9997215270996094, 0.9991834163665771, 0.9988943338394165, 0.9993464946746826, 0.9975631237030029, 0.9990106225013733, 0.9988518953323364, 0.9990047812461853, 0.9996606707572937, 0.9992203712463379, 0.9991414546966553], "val_loss": [0.5393344759941101, 0.32474708557128906, 0.18372195959091187, 0.14242270588874817, 0.12235986441373825, 0.10974335670471191, 0.09373839199542999, 0.09388189762830734, 0.10250595957040787, 0.0747634619474411, 0.06762464344501495, 0.0793624222278595, 0.06939069926738739, 0.07394854724407196, 0.07187560945749283, 0.05723406746983528, 0.06651302427053452, 0.07034683972597122, 0.09215536713600159, 0.052626289427280426, 0.06071876734495163, 0.05251920968294144, 0.048928890377283096, 0.04847671836614609, 0.049134813249111176, 0.0620354562997818, 0.04279500991106033, 0.044701915234327316, 0.05730368569493294, 0.05908083915710449], "val_accuracy": [0.9711538553237915, 0.9278846383094788, 0.9807692170143127, 0.9855769276618958, 0.9903846383094788, 0.9903846383094788, 0.9903846383094788, 0.995192289352417, 0.9855769276618958, 0.995192289352417, 1.0, 0.9903846383094788, 0.995192289352417, 0.9855769276618958, 0.9903846383094788, 1.0, 0.995192289352417, 0.995192289352417, 0.9855769276618958, 1.0, 0.995192289352417, 0.995192289352417, 1.0, 1.0, 1.0, 0.9855769276618958, 1.0, 0.995192289352417, 0.9855769276618958, 0.9855769276618958], "val_precision": [0.6000000238418579, 0.31578946113586426, 0.8333333134651184, 0.8571428656578064, 0.875, 0.875, 0.875, 1.0, 1.0, 1.0, 1.0, 1.0, 1.0, 1.0, 1.0, 1.0, 1.0, 1.0, 1.0, 1.0, 1.0, 1.0, 1.0, 1.0, 1.0, 1.0, 1.0, 1.0, 1.0, 1.0], "val_recall": [0.75, 0.75, 0.625, 0.75, 0.875, 0.875, 0.875, 0.875, 0.625, 0.875, 1.0, 0.75, 0.875, 0.625, 0.75, 1.0, 0.875, 0.875, 0.625, 1.0, 0.875, 0.875, 1.0, 1.0, 1.0, 0.625, 1.0, 0.875, 0.625, 0.625], "val_auc": [0.9784374833106995, 0.9721875190734863, 0.9853125810623169, 0.9928125739097595, 0.9968749284744263, 0.9993749856948853, 0.9993749856948853, 1.0, 1.0, 1.0, 0.9999999403953552, 1.0, 1.0, 1.0, 1.0, 1.0, 1.0, 1.0, 1.0, 1.0, 1.0, 1.0, 1.0, 1.0, 1.0, 1.0, 1.0, 1.0, 1.0, 1.0], "f1": [0.6778102896412896, 0.8780091964187665, 0.905354239728229, 0.9370743583651169, 0.943053633919619, 0.9467033004000659, 0.95840174082242, 0.956236340288294, 0.9604395581046072, 0.9762954603862625, 0.9826206782655115, 0.9746974582076599, 0.9831445125012871, 0.9845560000620425, 0.9818081442710663, 0.9839512865890975, 0.9856353540792558, 0.9643745001514145, 0.9870273231954009, 0.9939024161455792, 0.9916943525410392, 0.9869553160982913, 0.9919734318623346, 0.9861649102120841, 0.9908713862122636, 0.9883785338350706, 0.9925187197702197, 0.9916897315269754, 0.9930728904152738, 0.9914151221817195], "val_f1": [0.6666666813838626, 0.4444444320165897, 0.7142857069871863, 0.8000000037087335, 0.875, 0.875, 0.875, 0.9333333333333333, 0.7692307692307693, 0.9333333333333333, 1.0, 0.8571428571428571, 0.9333333333333333, 0.7692307692307693, 0.8571428571428571, 1.0, 0.9333333333333333, 0.9333333333333333, 0.7692307692307693, 1.0, 0.9333333333333333, 0.9333333333333333, 1.0, 1.0, 1.0, 0.7692307692307693, 1.0, 0.9333333333333333, 0.7692307692307693, 0.7692307692307693]}