{"loss": [0.6314545273780823, 0.411552369594574, 0.25933465361595154, 0.18675129115581512, 0.13184040784835815, 0.08719006925821304, 0.10862302780151367, 0.06519965827465057, 0.08856716752052307, 0.05219558626413345, 0.07286413758993149, 0.07456830888986588, 0.05170181766152382, 0.03695644065737724, 0.057488616555929184, 0.15813864767551422, 0.098229318857193, 0.046448301523923874, 0.0441671758890152, 0.03025306761264801, 0.03900615870952606, 0.04309926927089691, 0.031617507338523865, 0.059959445148706436, 0.03256227448582649, 0.04498409852385521, 0.02873317152261734, 0.02536736987531185, 0.024861592799425125, 0.03219873458147049], "accuracy": [0.6642163395881653, 0.8183333277702332, 0.894444465637207, 0.929444432258606, 0.9505555629730225, 0.9672222137451172, 0.9605555534362793, 0.9763888716697693, 0.9663888812065125, 0.9822221994400024, 0.9711111187934875, 0.9733333587646484, 0.9816666841506958, 0.9866666793823242, 0.9777777791023254, 0.9402777552604675, 0.9583333134651184, 0.9813888669013977, 0.9852777719497681, 0.9897222518920898, 0.9838888645172119, 0.9833333492279053, 0.9883333444595337, 0.9783333539962769, 0.9869444370269775, 0.9827777743339539, 0.9880555272102356, 0.9908333420753479, 0.9927777647972107, 0.987500011920929], "precision": [0.632103681564331, 0.8186874389648438, 0.905251145362854, 0.9308807253837585, 0.9530726075172424, 0.9667036533355713, 0.9641657471656799, 0.9745434522628784, 0.9687325358390808, 0.9811530113220215, 0.9695459604263306, 0.9775784611701965, 0.9795354008674622, 0.9861265420913696, 0.9740903973579407, 0.952598512172699, 0.9624439477920532, 0.9843487739562988, 0.9855475425720215, 0.9894502758979797, 0.9833518266677856, 0.9838709831237793, 0.9877913594245911, 0.9778024554252625, 0.9872151017189026, 0.9827777743339539, 0.9883268475532532, 0.9900166392326355, 0.991685152053833, 0.9872292876243591], "recall": [0.7009397745132446, 0.8177777528762817, 0.8811110854148865, 0.9277777671813965, 0.9477777481079102, 0.9677777886390686, 0.9566666483879089, 0.9783333539962769, 0.9638888835906982, 0.9833333492279053, 0.972777783870697, 0.9688888788223267, 0.9838888645172119, 0.9872221946716309, 0.9816666841506958, 0.9266666769981384, 0.9538888931274414, 0.9783333539962769, 0.9850000143051147, 0.9900000095367432, 0.9844444394111633, 0.9827777743339539, 0.9888888597488403, 0.9788888692855835, 0.9866666793823242, 0.9827777743339539, 0.9877777695655823, 0.9916666746139526, 0.9938889145851135, 0.9877777695655823], "auc": [0.7383124828338623, 0.8939927220344543, 0.9600216150283813, 0.9782795310020447, 0.9891002178192139, 0.9949507713317871, 0.9921809434890747, 0.9970729351043701, 0.9945835471153259, 0.9978019595146179, 0.9961084723472595, 0.9955940246582031, 0.9978376626968384, 0.9988098740577698, 0.9974942207336426, 0.9847413301467896, 0.9938726425170898, 0.998801052570343, 0.9978284239768982, 0.9994477033615112, 0.9990958571434021, 0.9988424777984619, 0.9991387128829956, 0.997440755367279, 0.9991162419319153, 0.9985072016716003, 0.999261200428009, 0.9991644024848938, 0.9988673329353333, 0.9993907809257507], "val_loss": [0.25973770022392273, 0.16415010392665863, 0.021670131012797356, 0.02802118845283985, 0.012689142487943172, 0.002303386339917779, 0.016544301062822342, 0.016675012186169624, 0.002845132490620017, 0.009091335348784924, 0.035644009709358215, 0.02924550697207451, 0.028423495590686798, 0.03460095822811127, 0.09799016267061234, 0.003864030120894313, 0.025934698060154915, 0.02971063368022442, 0.024844301864504814, 0.031824905425310135, 0.032075777649879456, 0.03669954091310501, 0.03562333434820175, 0.0047152843326330185, 0.03343265503644943, 0.03312413766980171, 0.018258385360240936, 0.02798009105026722, 0.04036492109298706, 0.034573666751384735], "val_accuracy": [0.9134615659713745, 0.932692289352417, 1.0, 0.9855769276618958, 0.9903846383094788, 1.0, 0.9903846383094788, 0.9903846383094788, 1.0, 0.995192289352417, 0.9903846383094788, 0.9903846383094788, 0.9903846383094788, 0.9903846383094788, 0.9807692170143127, 1.0, 0.9903846383094788, 0.9903846383094788, 0.9903846383094788, 0.9903846383094788, 0.9903846383094788, 0.9903846383094788, 0.9903846383094788, 1.0, 0.9903846383094788, 0.9903846383094788, 0.995192289352417, 0.9903846383094788, 0.9903846383094788, 0.9903846383094788], "val_precision": [0.25, 0.3636363744735718, 1.0, 1.0, 1.0, 1.0, 1.0, 1.0, 1.0, 1.0, 1.0, 1.0, 1.0, 1.0, 1.0, 1.0, 1.0, 1.0, 1.0, 1.0, 1.0, 1.0, 1.0, 1.0, 1.0, 1.0, 1.0, 1.0, 1.0, 1.0], "val_recall": [0.625, 1.0, 1.0, 0.625, 0.75, 1.0, 0.75, 0.75, 1.0, 0.875, 0.75, 0.75, 0.75, 0.75, 0.5, 1.0, 0.75, 0.75, 0.75, 0.75, 0.75, 0.75, 0.75, 1.0, 0.75, 0.75, 0.875, 0.75, 0.75, 0.75], "val_auc": [0.8978124856948853, 0.9918750524520874, 0.9999999403953552, 1.0, 1.0, 1.0, 1.0, 1.0, 0.9999999403953552, 1.0, 1.0, 1.0, 1.0, 1.0, 0.875, 1.0, 1.0, 1.0, 1.0, 1.0, 1.0, 1.0, 1.0, 1.0, 1.0, 1.0, 1.0, 1.0, 1.0, 1.0], "f1": [0.6647444387573064, 0.8182323430802384, 0.8930180066743411, 0.9293266561484447, 0.9504178033403877, 0.9672404227764855, 0.9604015592058788, 0.9764347256433422, 0.9663046399883338, 0.9822419703216954, 0.9711591834405149, 0.9732142736160015, 0.9817073062658525, 0.9866740642146405, 0.9778638660991402, 0.9394536788902322, 0.9581473243615248, 0.9813318456528568, 0.9852737023715882, 0.9897250663812504, 0.9838978297045644, 0.9833240748857289, 0.9883398049074484, 0.9783453607506014, 0.9869408143639182, 0.9827777743339539, 0.9880522322763521, 0.9908409699778219, 0.9927858103559546, 0.9875034524351315], "val_f1": [0.35714285714285715, 0.5333333449893527, 1.0, 0.7692307692307693, 0.8571428571428571, 1.0, 0.8571428571428571, 0.8571428571428571, 1.0, 0.9333333333333333, 0.8571428571428571, 0.8571428571428571, 0.8571428571428571, 0.8571428571428571, 0.6666666666666666, 1.0, 0.8571428571428571, 0.8571428571428571, 0.8571428571428571, 0.8571428571428571, 0.8571428571428571, 0.8571428571428571, 0.8571428571428571, 1.0, 0.8571428571428571, 0.8571428571428571, 0.9333333333333333, 0.8571428571428571, 0.8571428571428571, 0.8571428571428571]}