{"loss": [0.6413602828979492, 0.5364017486572266, 0.325443297624588, 0.19000136852264404, 0.16085059940814972, 0.09759236872196198, 0.1063041239976883, 0.08352809399366379, 0.09506829082965851, 0.055076200515031815, 0.09071096777915955, 0.05337221920490265, 0.06981748342514038, 0.04466010630130768, 0.044246792793273926, 0.03427886590361595, 0.026276126503944397, 0.032861750572919846, 0.02856040932238102, 0.03385334089398384, 0.07403303682804108, 0.07306601852178574, 0.03153805807232857, 0.028637221083045006, 0.02066609635949135, 0.030733225867152214, 0.03079792857170105, 0.0379318930208683, 0.021772095933556557, 0.03801489621400833], "accuracy": [0.6604517102241516, 0.7788888812065125, 0.8563888669013977, 0.9222221970558167, 0.9377777576446533, 0.9655555486679077, 0.9611111283302307, 0.9683333039283752, 0.9624999761581421, 0.9811111092567444, 0.9661111235618591, 0.9794444441795349, 0.9722222089767456, 0.9863888621330261, 0.9813888669013977, 0.9891666769981384, 0.9891666769981384, 0.988611102104187, 0.988611102104187, 0.9869444370269775, 0.977222204208374, 0.9744444489479065, 0.9877777695655823, 0.9905555844306946, 0.9930555820465088, 0.9883333444595337, 0.9888888597488403, 0.9863888621330261, 0.9938889145851135, 0.9880555272102356], "precision": [0.6533650755882263, 0.7785793542861938, 0.8642816543579102, 0.9274465441703796, 0.9431946277618408, 0.9650388360023499, 0.9590708017349243, 0.9709497094154358, 0.9643056392669678, 0.9811111092567444, 0.9661111235618591, 0.9810479283332825, 0.9732739329338074, 0.9839690327644348, 0.9816564917564392, 0.989983320236206, 0.9878116250038147, 0.9867182970046997, 0.9883397817611694, 0.9850581288337708, 0.982042670249939, 0.9733924865722656, 0.9866962432861328, 0.9889258146286011, 0.9916897416114807, 0.987250566482544, 0.9856511950492859, 0.9839690327644348, 0.9938889145851135, 0.9872434735298157], "recall": [0.6067478060722351, 0.7794444561004639, 0.8455555438995361, 0.9161111116409302, 0.9316666722297668, 0.9661111235618591, 0.9633333086967468, 0.9655555486679077, 0.9605555534362793, 0.9811111092567444, 0.9661111235618591, 0.9777777791023254, 0.9711111187934875, 0.9888888597488403, 0.9811111092567444, 0.9883333444595337, 0.9905555844306946, 0.9905555844306946, 0.9888888597488403, 0.9888888597488403, 0.9722222089767456, 0.9755555391311646, 0.9888888597488403, 0.992222249507904, 0.9944444298744202, 0.9894444346427917, 0.992222249507904, 0.9888888597488403, 0.9938889145851135, 0.9888888597488403], "auc": [0.7266731262207031, 0.8286131024360657, 0.9353343844413757, 0.9778509736061096, 0.9840490221977234, 0.9939635396003723, 0.9929458498954773, 0.9953525066375732, 0.9943646788597107, 0.9978719353675842, 0.9940647482872009, 0.9981397390365601, 0.9968777894973755, 0.9980717301368713, 0.998837411403656, 0.9982552528381348, 0.9995858073234558, 0.998518705368042, 0.999426543712616, 0.998837947845459, 0.9962012767791748, 0.9964582920074463, 0.9993154406547546, 0.9991580843925476, 0.9994842410087585, 0.9983888268470764, 0.9994376301765442, 0.9986361861228943, 0.9993993639945984, 0.9982022643089294], "val_loss": [0.1262151449918747, 0.24100171029567719, 0.05157085135579109, 0.012290680781006813, 0.006265049800276756, 0.0036645766813308, 0.012602836824953556, 0.0053816260769963264, 0.005505057517439127, 0.0013063638471066952, 0.0024537546560168266, 0.03004029393196106, 0.0016149607254192233, 0.007390583865344524, 0.0031547569669783115, 0.0002754753513727337, 0.005014770198613405, 0.000156510213855654, 0.002514599123969674, 0.0009682768722996116, 0.005554234609007835, 0.0019247736781835556, 0.00021109824592713267, 0.0005600670701824129, 0.0009861115831881762, 0.000607407302595675, 0.006513644941151142, 0.00024614689755253494, 0.00037639212678186595, 0.007235257886350155], "val_accuracy": [0.9615384340286255, 0.9182692170143127, 0.9807692170143127, 0.9903846383094788, 1.0, 1.0, 0.995192289352417, 0.995192289352417, 0.995192289352417, 1.0, 1.0, 0.9903846383094788, 1.0, 1.0, 1.0, 1.0, 1.0, 1.0, 1.0, 1.0, 1.0, 1.0, 1.0, 1.0, 1.0, 1.0, 0.995192289352417, 1.0, 1.0, 0.995192289352417], "val_precision": [0.5, 0.30434781312942505, 0.699999988079071, 1.0, 1.0, 1.0, 1.0, 1.0, 1.0, 1.0, 1.0, 1.0, 1.0, 1.0, 1.0, 1.0, 1.0, 1.0, 1.0, 1.0, 1.0, 1.0, 1.0, 1.0, 1.0, 1.0, 1.0, 1.0, 1.0, 1.0], "val_recall": [0.75, 0.875, 0.875, 0.75, 1.0, 1.0, 0.875, 0.875, 0.875, 1.0, 1.0, 0.75, 1.0, 1.0, 1.0, 1.0, 1.0, 1.0, 1.0, 1.0, 1.0, 1.0, 1.0, 1.0, 1.0, 1.0, 0.875, 1.0, 1.0, 0.875], "val_auc": [0.9606249928474426, 0.9612499475479126, 0.9956248998641968, 1.0, 1.0, 1.0, 1.0, 1.0, 1.0, 1.0, 1.0, 1.0, 1.0, 1.0, 1.0, 1.0, 1.0, 1.0, 1.0, 1.0, 1.0, 1.0, 1.0, 1.0, 1.0, 1.0, 1.0, 1.0, 1.0, 1.0], "f1": [0.6291941491067056, 0.7790116650169131, 0.8548160550931692, 0.9217439789736932, 0.9373952090384514, 0.9655746820836776, 0.9611973296314745, 0.9682451162889827, 0.962426943323605, 0.9811111092567444, 0.9661111235618591, 0.9794101240527929, 0.9721913229730468, 0.986422811831637, 0.9813837247355044, 0.9891576442830843, 0.9891817018062833, 0.988633217213602, 0.988614244515305, 0.9869697772463625, 0.9771077650002324, 0.9744728125127858, 0.9877913347723954, 0.9905712895970789, 0.9930651754220026, 0.9883462831119478, 0.9889258068287675, 0.986422811831637, 0.9938889145851135, 0.9880654816407163], "val_f1": [0.6, 0.45161288896038665, 0.7777777704191796, 0.8571428571428571, 1.0, 1.0, 0.9333333333333333, 0.9333333333333333, 0.9333333333333333, 1.0, 1.0, 0.8571428571428571, 1.0, 1.0, 1.0, 1.0, 1.0, 1.0, 1.0, 1.0, 1.0, 1.0, 1.0, 1.0, 1.0, 1.0, 0.9333333333333333, 1.0, 1.0, 0.9333333333333333]}