{"loss": [0.6349181532859802, 0.43515530228614807, 0.2852742075920105, 0.17023654282093048, 0.1503547728061676, 0.1716790497303009, 0.19407188892364502, 0.10538800805807114, 0.10524880141019821, 0.0723763182759285, 0.08780641108751297, 0.06640554964542389, 0.07292037457227707, 0.04780781269073486, 0.0340271070599556, 0.06445646286010742, 0.05917005240917206, 0.05091404542326927, 0.07881774753332138, 0.14739547669887543, 0.08169808238744736, 0.0638778954744339, 0.05751556158065796, 0.02439011260867119, 0.03695770353078842, 0.02758866548538208, 0.031240427866578102, 0.022404730319976807, 0.017925124615430832, 0.02027556113898754], "accuracy": [0.6479390859603882, 0.8030555844306946, 0.8819444179534912, 0.9372222423553467, 0.9380555748939514, 0.9308333396911621, 0.9236111044883728, 0.9586111307144165, 0.9622222185134888, 0.9738888740539551, 0.9661111235618591, 0.9758333563804626, 0.972777783870697, 0.9813888669013977, 0.988611102104187, 0.9758333563804626, 0.977222204208374, 0.9791666865348816, 0.9730555415153503, 0.945277750492096, 0.9722222089767456, 0.977222204208374, 0.9791666865348816, 0.9900000095367432, 0.9877777695655823, 0.992222249507904, 0.988611102104187, 0.9916666746139526, 0.9936110973358154, 0.9936110973358154], "precision": [0.58546382188797, 0.8248957991600037, 0.8886376619338989, 0.9441308975219727, 0.9442253708839417, 0.9433962106704712, 0.9329926371574402, 0.9635036587715149, 0.9716553092002869, 0.9786756634712219, 0.9666295647621155, 0.976097822189331, 0.9733036756515503, 0.980587899684906, 0.9872575998306274, 0.971381425857544, 0.977222204208374, 0.9810373783111572, 0.9775658845901489, 0.9445368647575378, 0.9727475047111511, 0.9798882603645325, 0.9783693552017212, 0.9900000095367432, 0.9872363805770874, 0.9911308288574219, 0.9883397817611694, 0.9894911646842957, 0.99443519115448, 0.9933370351791382], "recall": [0.8861249089241028, 0.769444465637207, 0.8733333349227905, 0.929444432258606, 0.9311110973358154, 0.9166666865348816, 0.9127777814865112, 0.95333331823349, 0.9522222280502319, 0.9688888788223267, 0.9655555486679077, 0.9755555391311646, 0.9722222089767456, 0.9822221994400024, 0.9900000095367432, 0.980555534362793, 0.977222204208374, 0.977222204208374, 0.9683333039283752, 0.9461110830307007, 0.971666693687439, 0.9744444489479065, 0.9800000190734863, 0.9900000095367432, 0.9883333444595337, 0.9933333396911621, 0.9888888597488403, 0.9938889145851135, 0.9927777647972107, 0.9938889145851135], "auc": [0.7410476803779602, 0.8809017539024353, 0.9510276913642883, 0.9813404679298401, 0.9862382411956787, 0.9832271933555603, 0.977683961391449, 0.992826521396637, 0.9927575588226318, 0.9964798092842102, 0.9947628974914551, 0.9963666200637817, 0.996795117855072, 0.9985163807868958, 0.9989067912101746, 0.997290313243866, 0.9975352883338928, 0.9984883666038513, 0.994681715965271, 0.9864115715026855, 0.9954767823219299, 0.9974281191825867, 0.9975546598434448, 0.9996764659881592, 0.9986755847930908, 0.9994633197784424, 0.9988905787467957, 0.9996936917304993, 0.9998074769973755, 0.9996745586395264], "val_loss": [0.8776975274085999, 0.19295737147331238, 0.03565217927098274, 0.01864722929894924, 0.01843619905412197, 0.06556986272335052, 0.019894734025001526, 0.023733776062726974, 0.010486116632819176, 0.008619590662419796, 0.026056811213493347, 0.02606125921010971, 0.016086183488368988, 0.015201096422970295, 0.005510168150067329, 0.00860572699457407, 0.0422239787876606, 0.007068823557347059, 0.018744489178061485, 0.01921994984149933, 0.013103023171424866, 0.0023421249352395535, 0.026010485365986824, 0.010918851010501385, 0.011190170422196388, 0.05053175613284111, 0.021251589059829712, 0.017269065603613853, 0.020625712350010872, 0.002032530028373003], "val_accuracy": [0.4832535982131958, 0.9186602830886841, 0.9904305934906006, 0.9952152967453003, 0.9904305934906006, 0.9952152967453003, 0.9904305934906006, 0.9904305934906006, 0.9952152967453003, 0.9952152967453003, 0.9904305934906006, 0.9904305934906006, 0.9904305934906006, 0.9952152967453003, 0.9952152967453003, 0.9904305934906006, 0.9904305934906006, 0.9952152967453003, 1.0, 0.9904305934906006, 0.9904305934906006, 1.0, 0.9904305934906006, 0.9904305934906006, 0.9952152967453003, 0.9904305934906006, 0.9904305934906006, 0.9904305934906006, 0.9904305934906006, 1.0], "val_precision": [0.07692307978868484, 0.3333333432674408, 0.8888888955116272, 1.0, 0.8888888955116272, 0.8999999761581421, 0.8888888955116272, 1.0, 1.0, 1.0, 1.0, 1.0, 1.0, 1.0, 1.0, 1.0, 1.0, 1.0, 1.0, 1.0, 1.0, 1.0, 1.0, 1.0, 1.0, 1.0, 1.0, 1.0, 1.0, 1.0], "val_recall": [1.0, 0.8888888955116272, 0.8888888955116272, 0.8888888955116272, 0.8888888955116272, 1.0, 0.8888888955116272, 0.7777777910232544, 0.8888888955116272, 0.8888888955116272, 0.7777777910232544, 0.7777777910232544, 0.7777777910232544, 0.8888888955116272, 0.8888888955116272, 0.7777777910232544, 0.7777777910232544, 0.8888888955116272, 1.0, 0.7777777910232544, 0.7777777910232544, 1.0, 0.7777777910232544, 0.7777777910232544, 0.8888888955116272, 0.7777777910232544, 0.7777777910232544, 0.7777777910232544, 0.7777777910232544, 1.0], "val_auc": [0.9269444942474365, 0.9697222113609314, 0.9863888621330261, 0.9991666078567505, 0.9994443655014038, 0.9994444847106934, 0.9994444251060486, 1.0, 0.9999999403953552, 1.0, 1.0, 1.0, 1.0, 1.0, 1.0, 1.0, 1.0, 1.0, 1.0, 1.0, 1.0, 1.0, 1.0, 1.0, 1.0, 1.0, 1.0, 1.0, 1.0, 1.0], "f1": [0.7050802510053829, 0.7962058305938562, 0.8809190324009014, 0.9367301032170265, 0.9376223798928861, 0.9298393939518395, 0.922774512892542, 0.9583915076408277, 0.9618406218784752, 0.9737576811648548, 0.9660922582160317, 0.9758266053213273, 0.9727626417347062, 0.9814043691767942, 0.9886269028548693, 0.9759469209439194, 0.977222204208374, 0.979126074808289, 0.9729276916483306, 0.9453233185200782, 0.972206798812559, 0.9771587727632801, 0.9791840082399714, 0.9900000095367432, 0.987784557965719, 0.9922308620164025, 0.988614244515305, 0.9916851640678901, 0.9936057867912087, 0.9936128982499546], "val_f1": [0.14285714779885447, 0.48484849634249344, 0.8888888955116272, 0.9411764743006353, 0.8888888955116272, 0.9473684078438459, 0.8888888955116272, 0.8750000083819031, 0.9411764743006353, 0.9411764743006353, 0.8750000083819031, 0.8750000083819031, 0.8750000083819031, 0.9411764743006353, 0.9411764743006353, 0.8750000083819031, 0.8750000083819031, 0.9411764743006353, 1.0, 0.8750000083819031, 0.8750000083819031, 1.0, 0.8750000083819031, 0.8750000083819031, 0.9411764743006353, 0.8750000083819031, 0.8750000083819031, 0.8750000083819031, 0.8750000083819031, 1.0]}