{"loss": [0.6393734812736511, 0.43416517972946167, 0.2847137153148651, 0.22712604701519012, 0.2114749252796173, 0.1604214757680893, 0.10019666701555252, 0.12038100510835648, 0.11457718908786774, 0.0880250558257103, 0.08179449290037155, 0.05989578366279602, 0.048437122255563736, 0.041551120579242706, 0.04953697323799133, 0.038646820932626724, 0.05523654818534851, 0.04063062369823456, 0.043585654348134995, 0.042031001299619675, 0.04504847899079323, 0.03827105090022087, 0.05759954825043678, 0.028553973883390427, 0.027909066528081894, 0.025950264185667038, 0.043625034391880035, 0.03870824724435806, 0.03693069517612457, 0.04865619167685509], "accuracy": [0.6402310729026794, 0.8005555272102356, 0.8852777481079102, 0.9058333039283752, 0.913611114025116, 0.9350000023841858, 0.9605555534362793, 0.9511111378669739, 0.9566666483879089, 0.964722216129303, 0.9705555438995361, 0.9800000190734863, 0.9802777767181396, 0.9861111044883728, 0.98416668176651, 0.9872221946716309, 0.9813888669013977, 0.9863888621330261, 0.9863888621330261, 0.9852777719497681, 0.9836111068725586, 0.9861111044883728, 0.9811111092567444, 0.9913889169692993, 0.9913889169692993, 0.9925000071525574, 0.9855555295944214, 0.9883333444595337, 0.9872221946716309, 0.9819444417953491], "precision": [0.6061046719551086, 0.801224946975708, 0.8965122699737549, 0.927943766117096, 0.9366568922996521, 0.9510368704795837, 0.9636465311050415, 0.9587570428848267, 0.9566666483879089, 0.971267580986023, 0.97265625, 0.9800000190734863, 0.9800111055374146, 0.9844961166381836, 0.9833610653877258, 0.9877641797065735, 0.9811215996742249, 0.9834345579147339, 0.9839690327644348, 0.983397901058197, 0.9854991436004639, 0.9839601516723633, 0.9837988615036011, 0.9927576780319214, 0.9900277256965637, 0.9933221936225891, 0.9866369962692261, 0.987250566482544, 0.9839955568313599, 0.981142520904541], "recall": [0.6919247508049011, 0.7994444370269775, 0.8711110949516296, 0.8799999952316284, 0.8872222304344177, 0.9172222018241882, 0.9572222232818604, 0.9427777528762817, 0.9566666483879089, 0.9577777981758118, 0.9683333039283752, 0.9800000190734863, 0.980555534362793, 0.9877777695655823, 0.9850000143051147, 0.9866666793823242, 0.9816666841506958, 0.9894444346427917, 0.9888888597488403, 0.9872221946716309, 0.9816666841506958, 0.9883333444595337, 0.9783333539962769, 0.9900000095367432, 0.9927777647972107, 0.9916666746139526, 0.9844444394111633, 0.9894444346427917, 0.9905555844306946, 0.9827777743339539], "auc": [0.7133837938308716, 0.8812121748924255, 0.9507744908332825, 0.9682549238204956, 0.9731188416481018, 0.9842861294746399, 0.9937149882316589, 0.9911123514175415, 0.9914224147796631, 0.995324969291687, 0.9954096078872681, 0.9968109726905823, 0.9983509182929993, 0.9979501366615295, 0.9977481961250305, 0.9985118508338928, 0.9972227811813354, 0.9989513754844666, 0.9979576468467712, 0.9984220862388611, 0.9984002709388733, 0.9988601207733154, 0.9977324604988098, 0.9991827011108398, 0.9992256760597229, 0.99941086769104, 0.9977007508277893, 0.9989035725593567, 0.9986267685890198, 0.9983735084533691], "val_loss": [0.2718168795108795, 0.2517915368080139, 0.13798171281814575, 0.04989854246377945, 0.034026868641376495, 0.021900545805692673, 0.009321857243776321, 0.014131815172731876, 0.017572695389389992, 0.009817312471568584, 0.006375351920723915, 0.0064554959535598755, 0.003277831245213747, 0.00221361150033772, 0.009031814523041248, 0.0020316955633461475, 0.0029396729078143835, 0.0017456727800890803, 0.007021553348749876, 0.010256634093821049, 0.000994594651274383, 0.0027862978167831898, 0.01116534136235714, 0.012452086433768272, 0.004721325822174549, 0.03402246907353401, 0.01174959447234869, 0.0005212118849158287, 0.014462481252849102, 0.005373271182179451], "val_accuracy": [0.9711538553237915, 0.8846153616905212, 0.9663461446762085, 0.9903846383094788, 0.9855769276618958, 1.0, 0.995192289352417, 0.9903846383094788, 0.9855769276618958, 0.995192289352417, 1.0, 0.995192289352417, 1.0, 1.0, 0.995192289352417, 1.0, 1.0, 1.0, 1.0, 0.995192289352417, 1.0, 1.0, 0.9903846383094788, 0.995192289352417, 1.0, 0.9855769276618958, 0.995192289352417, 1.0, 0.9903846383094788, 1.0], "val_precision": [0.75, 0.19230769574642181, 0.5384615659713745, 0.875, 1.0, 1.0, 1.0, 1.0, 1.0, 1.0, 1.0, 1.0, 1.0, 1.0, 1.0, 1.0, 1.0, 1.0, 1.0, 1.0, 1.0, 1.0, 1.0, 1.0, 1.0, 1.0, 1.0, 1.0, 1.0, 1.0], "val_recall": [0.375, 0.625, 0.875, 0.875, 0.625, 1.0, 0.875, 0.75, 0.625, 0.875, 1.0, 0.875, 1.0, 1.0, 0.875, 1.0, 1.0, 1.0, 1.0, 0.875, 1.0, 1.0, 0.75, 0.875, 1.0, 0.625, 0.875, 1.0, 0.75, 1.0], "val_auc": [0.8456249833106995, 0.9240624904632568, 0.987500011920929, 0.9981250166893005, 1.0, 1.0, 1.0, 1.0, 1.0, 1.0, 0.9999999403953552, 1.0, 1.0, 1.0, 1.0, 1.0, 1.0, 1.0, 1.0, 1.0, 1.0, 1.0, 1.0, 1.0, 1.0, 1.0, 1.0, 1.0, 1.0, 1.0], "f1": [0.6461776855758732, 0.8003337017232413, 0.883629171950185, 0.9033361846931434, 0.911269619548175, 0.9338235208263819, 0.9604236342077803, 0.9507002579813143, 0.9566666483879089, 0.9644755226655528, 0.970489962960243, 0.9800000190734863, 0.9802832443590119, 0.9861342129420377, 0.9841798575138997, 0.9872151245180772, 0.9813940662249577, 0.9864303424942624, 0.986422811831637, 0.9853063370477774, 0.9835791806505444, 0.9861418996964763, 0.9810584956807632, 0.9913769260675137, 0.9914008381725192, 0.992493743750876, 0.9855394983813005, 0.9883462831119478, 0.9872646734804787, 0.9819594668243636], "val_f1": [0.5, 0.2941176510805902, 0.6666666877513026, 0.875, 0.7692307692307693, 1.0, 0.9333333333333333, 0.8571428571428571, 0.7692307692307693, 0.9333333333333333, 1.0, 0.9333333333333333, 1.0, 1.0, 0.9333333333333333, 1.0, 1.0, 1.0, 1.0, 0.9333333333333333, 1.0, 1.0, 0.8571428571428571, 0.9333333333333333, 1.0, 0.7692307692307693, 0.9333333333333333, 1.0, 0.8571428571428571, 1.0]}