{"loss": [0.649844765663147, 0.4287465512752533, 0.31180304288864136, 0.2035861611366272, 0.13390876352787018, 0.15964631736278534, 0.09782883524894714, 0.07863881438970566, 0.06395898759365082, 0.06199090927839279, 0.0910533145070076, 0.06461726874113083, 0.04889965429902077, 0.046833865344524384, 0.05022117495536804, 0.054421957582235336, 0.06718344986438751, 0.07736046612262726, 0.04763476178050041, 0.060052163898944855, 0.04564856365323067, 0.049395911395549774, 0.038594648241996765, 0.031183848157525063, 0.030289728194475174, 0.01973407343029976, 0.027728522196412086, 0.02175278589129448, 0.022235151380300522, 0.01411490049213171], "accuracy": [0.6457458138465881, 0.8177777528762817, 0.8708333373069763, 0.9166666865348816, 0.9444444179534912, 0.9375, 0.9630555510520935, 0.9725000262260437, 0.976111114025116, 0.9794444441795349, 0.9680555462837219, 0.976111114025116, 0.9819444417953491, 0.9833333492279053, 0.9844444394111633, 0.9802777767181396, 0.9750000238418579, 0.9722222089767456, 0.9844444394111633, 0.9758333563804626, 0.9833333492279053, 0.9811111092567444, 0.988611102104187, 0.9897222518920898, 0.9902777671813965, 0.9933333396911621, 0.9897222518920898, 0.9930555820465088, 0.9916666746139526, 0.9952777624130249], "precision": [0.6099664568901062, 0.8191964030265808, 0.8718662858009338, 0.9285714030265808, 0.9535147547721863, 0.9446640610694885, 0.9669467806816101, 0.9722376465797424, 0.9782366156578064, 0.9799777269363403, 0.9677956700325012, 0.9729580283164978, 0.981142520904541, 0.9838709831237793, 0.982300877571106, 0.9784172773361206, 0.9781879186630249, 0.9727475047111511, 0.9866071343421936, 0.977158784866333, 0.9838709831237793, 0.9816462993621826, 0.9867182970046997, 0.9894502758979797, 0.9894620180130005, 0.9916943311691284, 0.9889073967933655, 0.993329644203186, 0.9916666746139526, 0.9950027465820312], "recall": [0.7040929198265076, 0.8155555725097656, 0.8694444298744202, 0.9027777910232544, 0.9344444274902344, 0.929444432258606, 0.9588888883590698, 0.972777783870697, 0.9738888740539551, 0.9788888692855835, 0.9683333039283752, 0.9794444441795349, 0.9827777743339539, 0.9827777743339539, 0.9866666793823242, 0.9822221994400024, 0.971666693687439, 0.971666693687439, 0.9822221994400024, 0.9744444489479065, 0.9827777743339539, 0.980555534362793, 0.9905555844306946, 0.9900000095367432, 0.9911110997200012, 0.9950000047683716, 0.9905555844306946, 0.9927777647972107, 0.9916666746139526, 0.995555579662323], "auc": [0.7117425203323364, 0.8855388760566711, 0.9409143328666687, 0.9754452109336853, 0.9881334900856018, 0.9843629002571106, 0.9939259886741638, 0.9957261085510254, 0.9965424537658691, 0.9968051314353943, 0.994135320186615, 0.997523307800293, 0.9975041747093201, 0.998171329498291, 0.9978224039077759, 0.9977557063102722, 0.9968212246894836, 0.9960682988166809, 0.9981077909469604, 0.9974035024642944, 0.9982030391693115, 0.9979259371757507, 0.99857497215271, 0.9988906979560852, 0.999109148979187, 0.9997329115867615, 0.9992884397506714, 0.9991587400436401, 0.9992014765739441, 0.9995937347412109], "val_loss": [0.5617357492446899, 0.12282514572143555, 0.1492525339126587, 0.03396361693739891, 0.017428923398256302, 0.025764107704162598, 0.016867129132151604, 0.02628493122756481, 0.02460631914436817, 0.009050531312823296, 0.036252133548259735, 0.026013288646936417, 0.016989797353744507, 0.019083041697740555, 0.0281373243778944, 0.037327125668525696, 0.015466348268091679, 0.019605083391070366, 0.016659541055560112, 0.017282618209719658, 0.018617894500494003, 0.020023856312036514, 0.06892950087785721, 0.07064898312091827, 0.05415141209959984, 0.08637178689241409, 0.043984320014715195, 0.07871122658252716, 0.042278166860342026, 0.03451499715447426], "val_accuracy": [0.7788461446762085, 0.9567307829856873, 0.9519230723381042, 0.9807692170143127, 0.9903846383094788, 0.9855769276618958, 0.9903846383094788, 0.9903846383094788, 0.9903846383094788, 0.995192289352417, 0.9855769276618958, 0.9903846383094788, 0.995192289352417, 0.995192289352417, 0.9903846383094788, 0.9855769276618958, 0.995192289352417, 0.995192289352417, 0.995192289352417, 0.995192289352417, 0.9903846383094788, 0.995192289352417, 0.9807692170143127, 0.9807692170143127, 0.9807692170143127, 0.9807692170143127, 0.9807692170143127, 0.9807692170143127, 0.9855769276618958, 0.9855769276618958], "val_precision": [0.1041666641831398, 0.4444444477558136, 0.4285714328289032, 1.0, 1.0, 1.0, 1.0, 1.0, 1.0, 1.0, 1.0, 1.0, 1.0, 1.0, 1.0, 1.0, 1.0, 1.0, 1.0, 1.0, 1.0, 1.0, 1.0, 1.0, 1.0, 1.0, 1.0, 1.0, 1.0, 1.0], "val_recall": [0.625, 0.5, 0.75, 0.5, 0.75, 0.625, 0.75, 0.75, 0.75, 0.875, 0.625, 0.75, 0.875, 0.875, 0.75, 0.625, 0.875, 0.875, 0.875, 0.875, 0.75, 0.875, 0.5, 0.5, 0.5, 0.5, 0.5, 0.5, 0.625, 0.625], "val_auc": [0.8675000071525574, 0.9050000309944153, 0.9621875286102295, 0.9999999403953552, 1.0, 1.0, 1.0, 1.0, 1.0, 1.0, 1.0, 1.0, 1.0, 1.0, 1.0, 1.0, 1.0, 1.0, 1.0, 1.0, 1.0, 0.9993749856948853, 0.9375, 0.9375, 0.9375, 0.9375, 0.9375, 0.9375, 0.9375, 1.0], "f1": [0.6536585351281328, 0.8173719334385102, 0.8706536736505656, 0.9154929521419155, 0.9438832761827577, 0.9369924473866933, 0.9629009769998035, 0.9725076402262535, 0.976057903246785, 0.9794329954841813, 0.9680644123340149, 0.9761904614228097, 0.9819594668243636, 0.9833240748857289, 0.9844789383193983, 0.9803160463701286, 0.9749164011634139, 0.972206798812559, 0.9844097838741278, 0.9757997293258351, 0.9833240748857289, 0.981100613690749, 0.988633217213602, 0.9897250663812504, 0.9902858723302523, 0.9933444178028722, 0.9897308044353968, 0.9930536278248692, 0.9916666746139526, 0.9952790863536618], "val_f1": [0.1785714249221646, 0.47058823715031767, 0.545454548902748, 0.6666666666666666, 0.8571428571428571, 0.7692307692307693, 0.8571428571428571, 0.8571428571428571, 0.8571428571428571, 0.9333333333333333, 0.7692307692307693, 0.8571428571428571, 0.9333333333333333, 0.9333333333333333, 0.8571428571428571, 0.7692307692307693, 0.9333333333333333, 0.9333333333333333, 0.9333333333333333, 0.9333333333333333, 0.8571428571428571, 0.9333333333333333, 0.6666666666666666, 0.6666666666666666, 0.6666666666666666, 0.6666666666666666, 0.6666666666666666, 0.6666666666666666, 0.7692307692307693, 0.7692307692307693]}