{"loss": [0.6180202960968018, 0.5010432004928589, 0.3410647511482239, 0.208883598446846, 0.221535786986351, 0.15584495663642883, 0.09374576061964035, 0.09553539752960205, 0.07162022590637207, 0.07329317927360535, 0.10122144967317581, 0.07926521450281143, 0.056807875633239746, 0.07631246745586395, 0.04157001152634621, 0.04437044635415077, 0.031179584562778473, 0.04815483093261719, 0.041115786880254745, 0.030760178342461586, 0.02702145278453827, 0.026330826804041862, 0.02464095503091812, 0.029796984046697617, 0.04270771145820618, 0.02091108448803425, 0.019848182797431946, 0.017041632905602455, 0.026761474087834358, 0.01742936298251152], "accuracy": [0.651352047920227, 0.7811111211776733, 0.8605555295944214, 0.9175000190734863, 0.9122222065925598, 0.9413889050483704, 0.9630555510520935, 0.9644444584846497, 0.9711111187934875, 0.9733333587646484, 0.9649999737739563, 0.9700000286102295, 0.9783333539962769, 0.9702777862548828, 0.9836111068725586, 0.9833333492279053, 0.9897222518920898, 0.9822221994400024, 0.9855555295944214, 0.9900000095367432, 0.9927777647972107, 0.9908333420753479, 0.9916666746139526, 0.9902777671813965, 0.9872221946716309, 0.9936110973358154, 0.9950000047683716, 0.9950000047683716, 0.9894444346427917, 0.9927777647972107], "precision": [0.6050677299499512, 0.7941860556602478, 0.860956609249115, 0.928205132484436, 0.9240000247955322, 0.948616623878479, 0.96538245677948, 0.964961051940918, 0.9742729067802429, 0.9686468839645386, 0.9696969985961914, 0.9689579010009766, 0.9783333539962769, 0.9705392122268677, 0.9796143174171448, 0.9827969074249268, 0.9856749176979065, 0.979557991027832, 0.9828729033470154, 0.9889135360717773, 0.9905973672866821, 0.9889319539070129, 0.9905765056610107, 0.9894620180130005, 0.9845303893089294, 0.992243766784668, 0.9928097128868103, 0.9939024448394775, 0.9878183603286743, 0.991685152053833], "recall": [0.7656163573265076, 0.7588889002799988, 0.8600000143051147, 0.9049999713897705, 0.8983333110809326, 0.9333333373069763, 0.9605555534362793, 0.9638888835906982, 0.9677777886390686, 0.9783333539962769, 0.9599999785423279, 0.9711111187934875, 0.9783333539962769, 0.9700000286102295, 0.9877777695655823, 0.9838888645172119, 0.9938889145851135, 0.9850000143051147, 0.9883333444595337, 0.9911110997200012, 0.9950000047683716, 0.9927777647972107, 0.9927777647972107, 0.9911110997200012, 0.9900000095367432, 0.9950000047683716, 0.9972222447395325, 0.9961110949516296, 0.9911110997200012, 0.9938889145851135], "auc": [0.7431250810623169, 0.8430504202842712, 0.9279480576515198, 0.9731667637825012, 0.9702571034431458, 0.9857896566390991, 0.9942185878753662, 0.9941446185112, 0.9967916011810303, 0.9960665106773376, 0.9935170412063599, 0.9960745573043823, 0.9978389739990234, 0.9959385991096497, 0.9989795684814453, 0.9983501434326172, 0.9991568922996521, 0.9981279969215393, 0.99851393699646, 0.9992280006408691, 0.9989067316055298, 0.999336838722229, 0.999621570110321, 0.9992120862007141, 0.9975693225860596, 0.9996464848518372, 0.9991512894630432, 0.9992806911468506, 0.9995498657226562, 0.9995555281639099], "val_loss": [0.6341066360473633, 0.34564560651779175, 0.1361781507730484, 0.0797305554151535, 0.14389711618423462, 0.04123339056968689, 0.038023680448532104, 0.03586787357926369, 0.036346063017845154, 0.05918632820248604, 0.026480410248041153, 0.03716026246547699, 0.043516866862773895, 0.028330165892839432, 0.05607021227478981, 0.04530198872089386, 0.05139489471912384, 0.05333507061004639, 0.06425976008176804, 0.05438842996954918, 0.056644659489393234, 0.04511313512921333, 0.06669942289590836, 0.06892050802707672, 0.03917652741074562, 0.062403805553913116, 0.04962945729494095, 0.07528192549943924, 0.04944545775651932, 0.0714479312300682], "val_accuracy": [0.6937798857688904, 0.8468899726867676, 0.9521530866622925, 0.980861246585846, 0.9760765433311462, 0.9904305934906006, 0.9952152967453003, 0.9952152967453003, 0.9952152967453003, 0.9904305934906006, 0.9952152967453003, 0.9952152967453003, 0.9952152967453003, 0.9952152967453003, 0.9952152967453003, 0.9952152967453003, 0.9952152967453003, 0.9952152967453003, 0.9952152967453003, 0.9952152967453003, 0.9952152967453003, 0.9952152967453003, 0.9904305934906006, 0.9904305934906006, 0.9952152967453003, 0.9952152967453003, 0.9952152967453003, 0.9904305934906006, 0.9952152967453003, 0.9904305934906006], "val_precision": [0.12328767031431198, 0.2195121943950653, 0.47058823704719543, 0.7272727489471436, 0.6666666865348816, 0.8888888955116272, 1.0, 1.0, 1.0, 1.0, 1.0, 1.0, 1.0, 1.0, 1.0, 1.0, 1.0, 1.0, 1.0, 1.0, 1.0, 1.0, 1.0, 1.0, 1.0, 1.0, 1.0, 1.0, 1.0, 1.0], "val_recall": [1.0, 1.0, 0.8888888955116272, 0.8888888955116272, 0.8888888955116272, 0.8888888955116272, 0.8888888955116272, 0.8888888955116272, 0.8888888955116272, 0.7777777910232544, 0.8888888955116272, 0.8888888955116272, 0.8888888955116272, 0.8888888955116272, 0.8888888955116272, 0.8888888955116272, 0.8888888955116272, 0.8888888955116272, 0.8888888955116272, 0.8888888955116272, 0.8888888955116272, 0.8888888955116272, 0.7777777910232544, 0.7777777910232544, 0.8888888955116272, 0.8888888955116272, 0.8888888955116272, 0.7777777910232544, 0.8888888955116272, 0.7777777910232544], "val_auc": [0.9416666626930237, 0.9630555510520935, 0.9883333444595337, 0.9944444298744202, 0.996666669845581, 0.9777777194976807, 0.9438889026641846, 0.9441666007041931, 0.9441666007041931, 0.9444444179534912, 0.9944444298744202, 0.9441666007041931, 0.9438888430595398, 0.9422221183776855, 0.9444444179534912, 0.9444444179534912, 0.9444444179534912, 0.9444444179534912, 0.9444444179534912, 0.9444444179534912, 0.9444444179534912, 0.9444444179534912, 0.9444444179534912, 0.9444444179534912, 0.9441666007041931, 0.9444444179534912, 0.9444444179534912, 0.9444444179534912, 0.9444444179534912, 0.9444444179534912], "f1": [0.6759394898361666, 0.7761363739624989, 0.8604780459151302, 0.9164556836187979, 0.9109859161021282, 0.9409129229256153, 0.962962956368055, 0.964424669778663, 0.9710144863660854, 0.9734660232808607, 0.9648241240708334, 0.9700333150049848, 0.9783333539962769, 0.9702695455117993, 0.9836791068696752, 0.9833425828290249, 0.9897648745731193, 0.982271465190545, 0.9855955609155921, 0.990011098394399, 0.9927938050740496, 0.990851127659911, 0.9916759136768503, 0.9902858723302523, 0.9872576237619465, 0.9936199743734168, 0.9950110868220462, 0.9950055442417527, 0.9894619906309137, 0.9927858103559546], "val_f1": [0.21951219366596328, 0.3599999990224838, 0.6153846184706547, 0.8000000157952307, 0.7619047773127652, 0.8888888955116272, 0.9411764743006353, 0.9411764743006353, 0.9411764743006353, 0.8750000083819031, 0.9411764743006353, 0.9411764743006353, 0.9411764743006353, 0.9411764743006353, 0.9411764743006353, 0.9411764743006353, 0.9411764743006353, 0.9411764743006353, 0.9411764743006353, 0.9411764743006353, 0.9411764743006353, 0.9411764743006353, 0.8750000083819031, 0.8750000083819031, 0.9411764743006353, 0.9411764743006353, 0.9411764743006353, 0.8750000083819031, 0.9411764743006353, 0.8750000083819031]}