{"loss": [0.6429250836372375, 0.4446240961551666, 0.3487379848957062, 0.23147420585155487, 0.19607003033161163, 0.10835698246955872, 0.10504454374313354, 0.08264962583780289, 0.08749113231897354, 0.06853118538856506, 0.08807270973920822, 0.06902959197759628, 0.04234708100557327, 0.03892751410603523, 0.0531466081738472, 0.06379638612270355, 0.054185595363378525, 0.026250112801790237, 0.022608311846852303, 0.04501157999038696, 0.02444281056523323, 0.03106571175158024, 0.02337113954126835, 0.013351114466786385, 0.024220651015639305, 0.01841491088271141, 0.03567999601364136, 0.0318620391190052, 0.05447884276509285, 0.031196659430861473], "accuracy": [0.6458387970924377, 0.7997221946716309, 0.8452777862548828, 0.9041666388511658, 0.9197221994400024, 0.9577777981758118, 0.9597222208976746, 0.9683333039283752, 0.9672222137451172, 0.9755555391311646, 0.9641666412353516, 0.976111114025116, 0.9836111068725586, 0.9850000143051147, 0.9813888669013977, 0.9766666889190674, 0.9802777767181396, 0.991944432258606, 0.9905555844306946, 0.9827777743339539, 0.991944432258606, 0.9891666769981384, 0.9930555820465088, 0.9952777624130249, 0.9933333396911621, 0.9930555820465088, 0.9877777695655823, 0.9888888597488403, 0.9808333516120911, 0.9891666769981384], "precision": [0.6303854584693909, 0.8046301603317261, 0.858626663684845, 0.9103214740753174, 0.9405247569084167, 0.9593088030815125, 0.9651489853858948, 0.972533643245697, 0.968262791633606, 0.9760845303535461, 0.9664991497993469, 0.976111114025116, 0.9801434278488159, 0.9844617247581482, 0.9816564917564392, 0.9714285731315613, 0.9816156029701233, 0.9922178983688354, 0.9883849620819092, 0.9795805811882019, 0.9911258816719055, 0.988895058631897, 0.9916897416114807, 0.9944536685943604, 0.991150438785553, 0.9895201325416565, 0.9872363805770874, 0.9861878156661987, 0.9821727275848389, 0.988895058631897], "recall": [0.6147042512893677, 0.7916666865348816, 0.8266666531562805, 0.8966666460037231, 0.8961111307144165, 0.9561111330986023, 0.9538888931274414, 0.9638888835906982, 0.9661111235618591, 0.9750000238418579, 0.9616666436195374, 0.976111114025116, 0.9872221946716309, 0.9855555295944214, 0.9811111092567444, 0.9822221994400024, 0.9788888692855835, 0.9916666746139526, 0.9927777647972107, 0.9861111044883728, 0.9927777647972107, 0.9894444346427917, 0.9944444298744202, 0.9961110949516296, 0.995555579662323, 0.996666669845581, 0.9883333444595337, 0.9916666746139526, 0.9794444441795349, 0.9894444346427917], "auc": [0.713966965675354, 0.8753401041030884, 0.9268172979354858, 0.9672700762748718, 0.9770563244819641, 0.9924846887588501, 0.9929302930831909, 0.9954239130020142, 0.9951229095458984, 0.9957795143127441, 0.9949917197227478, 0.9960384964942932, 0.9985208511352539, 0.999026894569397, 0.9974668622016907, 0.9969903230667114, 0.9972123503684998, 0.9995631575584412, 0.9994221925735474, 0.9980354309082031, 0.9992895126342773, 0.9991403818130493, 0.9993082880973816, 0.9998723268508911, 0.998999297618866, 0.9995246529579163, 0.9989503622055054, 0.9989386796951294, 0.9979271292686462, 0.9989248514175415], "val_loss": [0.20011095702648163, 0.11449041962623596, 0.29239434003829956, 0.05212463065981865, 0.06693053990602493, 0.041849568486213684, 0.010432320646941662, 0.006272987928241491, 0.020965615287423134, 0.01749902404844761, 0.025786777958273888, 0.005294537637382746, 0.011458718217909336, 0.0036651946138590574, 0.008888917975127697, 0.02281220816075802, 0.012429994530975819, 0.016554830595850945, 0.02690461091697216, 0.015531382523477077, 0.012066132389008999, 0.0208145622164011, 0.023423105478286743, 0.026915665715932846, 0.009847326204180717, 0.024564547464251518, 0.013840574771165848, 0.012957771308720112, 0.029446518048644066, 0.03517647460103035], "val_accuracy": [0.9425837397575378, 0.9617224931716919, 0.8612440228462219, 0.9952152967453003, 0.9856459498405457, 0.9856459498405457, 0.9952152967453003, 1.0, 0.9904305934906006, 0.9904305934906006, 0.9904305934906006, 1.0, 0.9904305934906006, 1.0, 0.9952152967453003, 0.9904305934906006, 0.9952152967453003, 0.9904305934906006, 0.9904305934906006, 0.9904305934906006, 0.9952152967453003, 0.9904305934906006, 0.9856459498405457, 0.9856459498405457, 0.9904305934906006, 0.9904305934906006, 0.9904305934906006, 0.9904305934906006, 0.9904305934906006, 0.9856459498405457], "val_precision": [0.3333333432674408, 0.5454545617103577, 0.2222222238779068, 1.0, 0.800000011920929, 1.0, 1.0, 1.0, 1.0, 1.0, 1.0, 1.0, 1.0, 1.0, 1.0, 1.0, 1.0, 1.0, 1.0, 1.0, 1.0, 1.0, 1.0, 1.0, 1.0, 1.0, 1.0, 1.0, 1.0, 1.0], "val_recall": [0.3333333432674408, 0.6666666865348816, 0.8888888955116272, 0.8888888955116272, 0.8888888955116272, 0.6666666865348816, 0.8888888955116272, 1.0, 0.7777777910232544, 0.7777777910232544, 0.7777777910232544, 1.0, 0.7777777910232544, 1.0, 0.8888888955116272, 0.7777777910232544, 0.8888888955116272, 0.7777777910232544, 0.7777777910232544, 0.7777777910232544, 0.8888888955116272, 0.7777777910232544, 0.6666666865348816, 0.6666666865348816, 0.7777777910232544, 0.7777777910232544, 0.7777777910232544, 0.7777777910232544, 0.7777777910232544, 0.6666666865348816], "val_auc": [0.9144444465637207, 0.9633333683013916, 0.9711110591888428, 0.9999999403953552, 0.9988888502120972, 1.0, 1.0, 1.0, 1.0, 1.0, 1.0, 1.0, 1.0, 1.0, 1.0, 1.0, 1.0, 1.0, 1.0, 1.0, 1.0, 1.0, 1.0, 1.0, 1.0, 1.0, 1.0, 1.0, 1.0, 1.0], "f1": [0.6224461068708239, 0.7980957854627373, 0.8423436125760267, 0.9034424674674405, 0.9177809374823468, 0.9577072989382107, 0.9594859045575909, 0.9681919670434507, 0.9671857609119587, 0.9755419756872964, 0.964076840924183, 0.976111114025116, 0.9836700762253223, 0.9850083235218328, 0.9813837247355044, 0.9767955697058378, 0.9802503399126976, 0.9919422099124358, 0.9905764933914226, 0.982834994815964, 0.9919511355202468, 0.9891696703577163, 0.9930651754220026, 0.9952816917522079, 0.9933481254449682, 0.993080544146292, 0.987784557965719, 0.9889196566406393, 0.9808066885878405, 0.9891696703577163], "val_f1": [0.3333333432674408, 0.6000000178813935, 0.3555555582046509, 0.9411764743006353, 0.8421052727342643, 0.8000000143051146, 0.9411764743006353, 1.0, 0.8750000083819031, 0.8750000083819031, 0.8750000083819031, 1.0, 0.8750000083819031, 1.0, 0.9411764743006353, 0.8750000083819031, 0.9411764743006353, 0.8750000083819031, 0.8750000083819031, 0.8750000083819031, 0.9411764743006353, 0.8750000083819031, 0.8000000143051146, 0.8000000143051146, 0.8750000083819031, 0.8750000083819031, 0.8750000083819031, 0.8750000083819031, 0.8750000083819031, 0.8000000143051146]}