{"loss": [0.6158497929573059, 0.380729615688324, 0.2817099988460541, 0.1916818469762802, 0.154336079955101, 0.12633049488067627, 0.08370624482631683, 0.06874991208314896, 0.08538951724767685, 0.07311039417982101, 0.06360244005918503, 0.059747062623500824, 0.04820776730775833, 0.03905806690454483, 0.05092303082346916, 0.03437158465385437, 0.030509183183312416, 0.051276568323373795, 0.041672833263874054, 0.06627126783132553, 0.02417982555925846, 0.03452705964446068, 0.027905849739909172, 0.027448605746030807, 0.02501530386507511, 0.031776063144207, 0.024791069328784943, 0.047392189502716064, 0.02520153485238552, 0.030918410047888756], "accuracy": [0.6402778029441833, 0.8355555534362793, 0.8811110854148865, 0.92166668176651, 0.9369444251060486, 0.9538888931274414, 0.9661111235618591, 0.9766666889190674, 0.9655555486679077, 0.9719444513320923, 0.9783333539962769, 0.9780555367469788, 0.9825000166893005, 0.9863888621330261, 0.9827777743339539, 0.9877777695655823, 0.9902777671813965, 0.9825000166893005, 0.98416668176651, 0.9788888692855835, 0.9925000071525574, 0.9850000143051147, 0.9902777671813965, 0.9902777671813965, 0.9902777671813965, 0.9872221946716309, 0.992222249507904, 0.9797222018241882, 0.9911110997200012, 0.9900000095367432], "precision": [0.6278480887413025, 0.8565525412559509, 0.8915525078773499, 0.9449003338813782, 0.9496855139732361, 0.9652619361877441, 0.969239354133606, 0.9771968722343445, 0.9650388360023499, 0.9722067713737488, 0.9815436005592346, 0.977790117263794, 0.982768177986145, 0.987200915813446, 0.9838529825210571, 0.9883203506469727, 0.9889196753501892, 0.983843982219696, 0.9817578792572021, 0.9815642237663269, 0.9905921220779419, 0.9855394959449768, 0.9851566553115845, 0.9900055527687073, 0.9889196753501892, 0.9883073568344116, 0.9916759133338928, 0.9821329116821289, 0.9894795417785645, 0.9894561767578125], "recall": [0.6888889074325562, 0.8061110973358154, 0.8677777647972107, 0.8955555558204651, 0.9227777719497681, 0.9416666626930237, 0.9627777934074402, 0.976111114025116, 0.9661111235618591, 0.971666693687439, 0.9750000238418579, 0.9783333539962769, 0.9822221994400024, 0.9855555295944214, 0.9816666841506958, 0.9872221946716309, 0.9916666746139526, 0.9811111092567444, 0.9866666793823242, 0.976111114025116, 0.9944444298744202, 0.9844444394111633, 0.995555579662323, 0.9905555844306946, 0.9916666746139526, 0.9861111044883728, 0.9927777647972107, 0.977222204208374, 0.9927777647972107, 0.9905555844306946], "auc": [0.713404655456543, 0.9114587903022766, 0.951998770236969, 0.9774056673049927, 0.9848296046257019, 0.9897666573524475, 0.995286762714386, 0.9969503879547119, 0.9952521324157715, 0.9958610534667969, 0.9968093633651733, 0.9975767731666565, 0.9985154271125793, 0.9984270930290222, 0.9980683922767639, 0.9989873766899109, 0.9988294243812561, 0.9974489808082581, 0.9989497661590576, 0.996842622756958, 0.9992645978927612, 0.999045729637146, 0.999210000038147, 0.9994627833366394, 0.999091386795044, 0.9990845322608948, 0.9990870356559753, 0.9982541799545288, 0.9994000196456909, 0.9989874958992004], "val_loss": [0.32617372274398804, 0.2621552348136902, 0.25828468799591064, 0.08143202215433121, 0.12339483946561813, 0.02463882602751255, 0.008745942264795303, 0.010084613226354122, 0.027477823197841644, 0.050092536956071854, 0.004770089406520128, 0.0035618585534393787, 0.019704047590494156, 0.002322001615539193, 0.006194467190653086, 0.02012714184820652, 0.002451902022585273, 0.020787440240383148, 0.0871584564447403, 0.027519816532731056, 0.03911186754703522, 0.005319062154740095, 0.010442931205034256, 0.019095415249466896, 0.04012509062886238, 0.005275834817439318, 0.03420287370681763, 0.01714487560093403, 0.03373393043875694, 0.005875930190086365], "val_accuracy": [0.9377990365028381, 0.880382776260376, 0.9186602830886841, 0.9712918400764465, 0.9856459498405457, 0.9904305934906006, 1.0, 0.9952152967453003, 0.9856459498405457, 0.980861246585846, 1.0, 1.0, 0.9904305934906006, 1.0, 0.9952152967453003, 0.9904305934906006, 1.0, 0.9904305934906006, 0.9760765433311462, 0.9856459498405457, 0.9904305934906006, 0.9952152967453003, 0.9904305934906006, 0.9904305934906006, 0.9856459498405457, 0.9952152967453003, 0.9904305934906006, 0.9904305934906006, 0.9904305934906006, 0.9952152967453003], "val_precision": [0.3571428656578064, 0.19230769574642181, 0.3181818127632141, 0.6363636255264282, 0.75, 0.8181818127632141, 1.0, 1.0, 1.0, 1.0, 1.0, 1.0, 1.0, 1.0, 1.0, 1.0, 1.0, 1.0, 1.0, 1.0, 1.0, 1.0, 1.0, 1.0, 1.0, 1.0, 1.0, 1.0, 1.0, 1.0], "val_recall": [0.5555555820465088, 0.5555555820465088, 0.7777777910232544, 0.7777777910232544, 1.0, 1.0, 1.0, 0.8888888955116272, 0.6666666865348816, 0.5555555820465088, 1.0, 1.0, 0.7777777910232544, 1.0, 0.8888888955116272, 0.7777777910232544, 1.0, 0.7777777910232544, 0.4444444477558136, 0.6666666865348816, 0.7777777910232544, 0.8888888955116272, 0.7777777910232544, 0.7777777910232544, 0.6666666865348816, 0.8888888955116272, 0.7777777910232544, 0.7777777910232544, 0.7777777910232544, 0.8888888955116272], "val_auc": [0.90666663646698, 0.8727777600288391, 0.9374999403953552, 0.9933333396911621, 0.9961110949516296, 0.9977777004241943, 1.0, 1.0, 1.0, 1.0, 1.0, 0.9999999403953552, 1.0, 1.0, 1.0, 1.0, 1.0, 1.0, 0.9444444179534912, 1.0, 1.0, 1.0, 1.0, 1.0, 1.0, 1.0, 1.0, 1.0, 1.0, 1.0], "f1": [0.6569536439598996, 0.8305666797915084, 0.8795044961160251, 0.9195664492031571, 0.9360383076405255, 0.9533183220473086, 0.9659977685436981, 0.9766536913670545, 0.9655746820836776, 0.9719366575041293, 0.978260869843902, 0.9780616601986651, 0.9824951128621748, 0.9863775365331152, 0.9827586173977596, 0.9877709674402243, 0.9902912699894016, 0.9824756452890283, 0.9842061586080085, 0.9788300740700433, 0.9925145379403891, 0.9849916633230977, 0.990328819824592, 0.990280492223662, 0.9902912699894016, 0.9872080091563106, 0.9922265331686038, 0.9796714041225735, 0.9911259093769319, 0.9900055753694931], "val_f1": [0.434782623117948, 0.2857142930128136, 0.451612900000581, 0.6999999988079069, 0.8571428571428571, 0.8999999967217446, 1.0, 0.9411764743006353, 0.8000000143051146, 0.7142857361812978, 1.0, 1.0, 0.8750000083819031, 1.0, 0.9411764743006353, 0.8750000083819031, 1.0, 0.8750000083819031, 0.6153846185588272, 0.8000000143051146, 0.8750000083819031, 0.9411764743006353, 0.8750000083819031, 0.8750000083819031, 0.8000000143051146, 0.9411764743006353, 0.8750000083819031, 0.8750000083819031, 0.8750000083819031, 0.9411764743006353]}