{"loss": [0.6392093896865845, 0.4766438603401184, 0.34832286834716797, 0.19510295987129211, 0.17710019648075104, 0.11873035132884979, 0.13549236953258514, 0.10310538113117218, 0.07508780807256699, 0.08342335373163223, 0.06342030316591263, 0.04777178913354874, 0.07414159178733826, 0.0412403866648674, 0.050195757299661636, 0.0538664348423481, 0.053844816982746124, 0.072108194231987, 0.037923067808151245, 0.040564071387052536, 0.03946850076317787, 0.016217432916164398, 0.031136753037571907, 0.02941756695508957, 0.02295651286840439, 0.04373018816113472, 0.031646862626075745, 0.0205962173640728, 0.0206607673317194, 0.014018978923559189], "accuracy": [0.6607142686843872, 0.800000011920929, 0.8536111116409302, 0.9202777743339539, 0.9280555844306946, 0.9591666460037231, 0.9422222375869751, 0.9588888883590698, 0.9691666960716248, 0.9711111187934875, 0.9783333539962769, 0.9830555319786072, 0.9738888740539551, 0.9888888597488403, 0.9811111092567444, 0.9802777767181396, 0.9811111092567444, 0.9736111164093018, 0.9883333444595337, 0.9852777719497681, 0.988611102104187, 0.9947222471237183, 0.987500011920929, 0.9897222518920898, 0.9908333420753479, 0.9838888645172119, 0.9888888597488403, 0.9933333396911621, 0.9925000071525574, 0.9952777624130249], "precision": [0.6546762585639954, 0.7937976121902466, 0.8790947198867798, 0.9300739169120789, 0.9355568289756775, 0.9672130942344666, 0.9527872800827026, 0.963004469871521, 0.9720514416694641, 0.970588207244873, 0.978865385055542, 0.9790633320808411, 0.9697136282920837, 0.98834627866745, 0.9816462993621826, 0.979478657245636, 0.9779249429702759, 0.9759910702705383, 0.9877913594245911, 0.9855475425720215, 0.9861801862716675, 0.9949972033500671, 0.9872292876243591, 0.9872857928276062, 0.9889319539070129, 0.9828159809112549, 0.9867256879806519, 0.9922394752502441, 0.9916805028915405, 0.9939058423042297], "recall": [0.6039823293685913, 0.8105555772781372, 0.8199999928474426, 0.9088888764381409, 0.9194444417953491, 0.9505555629730225, 0.9305555820465088, 0.9544444680213928, 0.9661111235618591, 0.971666693687439, 0.9777777791023254, 0.9872221946716309, 0.9783333539962769, 0.9894444346427917, 0.980555534362793, 0.9811111092567444, 0.9844444394111633, 0.9711111187934875, 0.9888888597488403, 0.9850000143051147, 0.9911110997200012, 0.9944444298744202, 0.9877777695655823, 0.992222249507904, 0.9927777647972107, 0.9850000143051147, 0.9911110997200012, 0.9944444298744202, 0.9933333396911621, 0.996666669845581], "auc": [0.7235418558120728, 0.860331654548645, 0.9271964430809021, 0.9770941734313965, 0.9803411364555359, 0.9907829165458679, 0.9890111684799194, 0.9936851859092712, 0.996356725692749, 0.9952107667922974, 0.9965415000915527, 0.9984785318374634, 0.9957141876220703, 0.9982467889785767, 0.9979490041732788, 0.9980600476264954, 0.9976258277893066, 0.9961870908737183, 0.9987088441848755, 0.9987673163414001, 0.9982773065567017, 0.9998164772987366, 0.9994230270385742, 0.9987121224403381, 0.9994017481803894, 0.9981089234352112, 0.999261736869812, 0.9994496703147888, 0.9997023344039917, 0.9996083378791809], "val_loss": [0.3712635636329651, 0.3333896994590759, 0.27406546473503113, 0.038963593542575836, 0.04648921266198158, 0.031155148521065712, 0.04010092467069626, 0.03247109055519104, 0.009227439761161804, 0.017919139936566353, 0.03359120339155197, 0.06296844780445099, 0.04515954479575157, 0.024558525532484055, 0.01919284276664257, 0.04546714574098587, 0.03060160204768181, 0.023345230147242546, 0.052288975566625595, 0.009896178729832172, 0.03429204598069191, 0.017265936359763145, 0.026424206793308258, 0.04616331309080124, 0.0384911447763443, 0.01389404572546482, 0.03103991597890854, 0.042271070182323456, 0.03959508612751961, 0.021204940974712372], "val_accuracy": [0.9519230723381042, 0.8990384340286255, 0.8846153616905212, 0.9903846383094788, 0.9807692170143127, 0.9807692170143127, 0.995192289352417, 0.9855769276618958, 0.995192289352417, 0.9903846383094788, 0.9807692170143127, 0.9807692170143127, 0.9807692170143127, 0.9855769276618958, 0.9903846383094788, 0.9807692170143127, 0.9903846383094788, 0.9855769276618958, 0.9807692170143127, 0.995192289352417, 0.9855769276618958, 0.9903846383094788, 0.9903846383094788, 0.9903846383094788, 0.9903846383094788, 0.9903846383094788, 0.995192289352417, 0.9807692170143127, 0.9855769276618958, 0.9903846383094788], "val_precision": [0.3333333432674408, 0.25925925374031067, 0.25, 0.875, 1.0, 1.0, 0.8888888955116272, 1.0, 0.8888888955116272, 1.0, 1.0, 1.0, 1.0, 1.0, 1.0, 1.0, 1.0, 1.0, 1.0, 1.0, 1.0, 1.0, 1.0, 1.0, 1.0, 1.0, 1.0, 1.0, 1.0, 1.0], "val_recall": [0.25, 0.875, 1.0, 0.875, 0.5, 0.5, 1.0, 0.625, 1.0, 0.75, 0.5, 0.5, 0.5, 0.625, 0.75, 0.5, 0.75, 0.625, 0.5, 0.875, 0.625, 0.75, 0.75, 0.75, 0.75, 0.75, 0.875, 0.5, 0.625, 0.75], "val_auc": [0.9143750071525574, 0.9303125143051147, 0.9650000333786011, 0.9956250190734863, 1.0, 1.0, 0.9978125095367432, 1.0, 1.0, 1.0, 1.0, 1.0, 1.0, 1.0, 1.0, 1.0, 1.0, 1.0, 1.0, 1.0, 1.0, 1.0, 1.0, 0.9375, 1.0, 1.0, 1.0, 0.9375, 1.0, 1.0], "f1": [0.6283084156749491, 0.8020890736709589, 0.8485196953610235, 0.9193593697527856, 0.9274306599561862, 0.9588119858457473, 0.9415402153397605, 0.9587053618844054, 0.9690721793082682, 0.9711271510376397, 0.9783212798044232, 0.9831258362723465, 0.9740044208466231, 0.988895051782988, 0.981100613690749, 0.9802942036343693, 0.9811738614676755, 0.9735449793094653, 0.9883398049074484, 0.9852737023715882, 0.9886394947091335, 0.9947207398171997, 0.9875034524351315, 0.9897478659503892, 0.990851127659911, 0.9839067856041466, 0.9889135320143441, 0.9933407289593015, 0.9925062331678159, 0.9952843415079488], "val_f1": [0.28571428936354965, 0.3999999934313248, 0.4, 0.875, 0.6666666666666666, 0.6666666666666666, 0.9411764743006353, 0.7692307692307693, 0.9411764743006353, 0.8571428571428571, 0.6666666666666666, 0.6666666666666666, 0.6666666666666666, 0.7692307692307693, 0.8571428571428571, 0.6666666666666666, 0.8571428571428571, 0.7692307692307693, 0.6666666666666666, 0.9333333333333333, 0.7692307692307693, 0.8571428571428571, 0.8571428571428571, 0.8571428571428571, 0.8571428571428571, 0.8571428571428571, 0.9333333333333333, 0.6666666666666666, 0.7692307692307693, 0.8571428571428571]}