{"loss": [0.6071290373802185, 0.3651634156703949, 0.24330411851406097, 0.14904578030109406, 0.1525374799966812, 0.16293206810951233, 0.11977435648441315, 0.10130004584789276, 0.05844610556960106, 0.1259775310754776, 0.09098970890045166, 0.0564022958278656, 0.07759052515029907, 0.09893747419118881, 0.05015816539525986, 0.03279203176498413, 0.06826389580965042, 0.03246471285820007, 0.031104320660233498, 0.03554319962859154, 0.043966926634311676, 0.05052788555622101, 0.03372230753302574, 0.028637884184718132, 0.021876920014619827, 0.027079204097390175, 0.04077180474996567, 0.023859664797782898, 0.02724188007414341, 0.03328876942396164], "accuracy": [0.6796218752861023, 0.8486111164093018, 0.8986111283302307, 0.9422222375869751, 0.9416666626930237, 0.9352777600288391, 0.9527778029441833, 0.9630555510520935, 0.9788888692855835, 0.9491666555404663, 0.9686111211776733, 0.9811111092567444, 0.9747222065925598, 0.9630555510520935, 0.9813888669013977, 0.9911110997200012, 0.972777783870697, 0.9877777695655823, 0.988611102104187, 0.9872221946716309, 0.9855555295944214, 0.9802777767181396, 0.9880555272102356, 0.9894444346427917, 0.9913889169692993, 0.992222249507904, 0.98416668176651, 0.9911110997200012, 0.9908333420753479, 0.9880555272102356], "precision": [0.6295154094696045, 0.8371843099594116, 0.9079022407531738, 0.9507361054420471, 0.9466292262077332, 0.9454235434532166, 0.9651826620101929, 0.9659027457237244, 0.9810267686843872, 0.959114134311676, 0.968350887298584, 0.9805771112442017, 0.9734072089195251, 0.9749287962913513, 0.9816564917564392, 0.9900221824645996, 0.9770179390907288, 0.986157238483429, 0.9905186891555786, 0.9850663542747498, 0.9850166440010071, 0.979478657245636, 0.9899609684944153, 0.9894444346427917, 0.9911160469055176, 0.9911308288574219, 0.9833610653877258, 0.9883977770805359, 0.9883913993835449, 0.9877845644950867], "recall": [0.7903761267662048, 0.8655555844306946, 0.8872222304344177, 0.9327777624130249, 0.9361110925674438, 0.9238888621330261, 0.9394444227218628, 0.9599999785423279, 0.9766666889190674, 0.9383333325386047, 0.9688888788223267, 0.9816666841506958, 0.976111114025116, 0.9505555629730225, 0.9811111092567444, 0.992222249507904, 0.9683333039283752, 0.9894444346427917, 0.9866666793823242, 0.9894444346427917, 0.9861111044883728, 0.9811111092567444, 0.9861111044883728, 0.9894444346427917, 0.9916666746139526, 0.9933333396911621, 0.9850000143051147, 0.9938889145851135, 0.9933333396911621, 0.9883333444595337], "auc": [0.7601243257522583, 0.9164807200431824, 0.9645522832870483, 0.9861560463905334, 0.98516845703125, 0.9837116003036499, 0.9916263818740845, 0.9936673641204834, 0.9974711537361145, 0.9907452464103699, 0.9948760271072388, 0.9977576732635498, 0.9951598644256592, 0.9940012097358704, 0.9981160163879395, 0.9988481998443604, 0.9969958662986755, 0.9994052648544312, 0.9989360570907593, 0.9989115595817566, 0.9984608888626099, 0.9984143376350403, 0.9990644454956055, 0.9994821548461914, 0.9994460344314575, 0.9986140727996826, 0.9986854195594788, 0.9995908737182617, 0.9990243911743164, 0.9989086985588074], "val_loss": [0.41603824496269226, 0.3187732398509979, 0.05293432995676994, 0.02171637862920761, 0.029697950929403305, 0.027016978710889816, 0.01868993416428566, 0.014049029909074306, 0.021296914666891098, 0.02427751012146473, 0.02610386721789837, 0.008899607695639133, 0.02118307165801525, 0.005158540327101946, 0.009173804894089699, 0.026215437799692154, 0.006711429916322231, 0.013748914934694767, 0.02385704778134823, 0.0014967311872169375, 0.0021745290141552687, 0.030956126749515533, 0.02010609395802021, 0.030636252835392952, 0.0030335388146340847, 0.0027449927292764187, 0.023846808820962906, 0.0012874408857896924, 0.0008096992969512939, 0.011020436882972717], "val_accuracy": [0.8269230723381042, 0.8413461446762085, 0.9759615659713745, 0.995192289352417, 0.9855769276618958, 0.9903846383094788, 0.995192289352417, 0.9903846383094788, 0.9903846383094788, 1.0, 0.9903846383094788, 0.995192289352417, 0.9903846383094788, 1.0, 0.995192289352417, 0.9855769276618958, 0.995192289352417, 0.9855769276618958, 0.9903846383094788, 1.0, 1.0, 0.9855769276618958, 0.9903846383094788, 0.9903846383094788, 1.0, 1.0, 0.9903846383094788, 1.0, 1.0, 0.995192289352417], "val_precision": [0.15000000596046448, 0.1621621549129486, 1.0, 1.0, 1.0, 1.0, 1.0, 1.0, 1.0, 1.0, 1.0, 1.0, 1.0, 1.0, 1.0, 1.0, 1.0, 1.0, 1.0, 1.0, 1.0, 1.0, 1.0, 1.0, 1.0, 1.0, 1.0, 1.0, 1.0, 1.0], "val_recall": [0.75, 0.75, 0.375, 0.875, 0.625, 0.75, 0.875, 0.75, 0.75, 1.0, 0.75, 0.875, 0.75, 1.0, 0.875, 0.625, 0.875, 0.625, 0.75, 1.0, 1.0, 0.625, 0.75, 0.75, 1.0, 1.0, 0.75, 1.0, 1.0, 0.875], "val_auc": [0.8596875667572021, 0.9006249904632568, 0.9881249666213989, 0.9999998807907104, 1.0, 0.9999999403953552, 1.0, 1.0, 1.0, 0.9999999403953552, 1.0, 1.0, 1.0, 0.9999999403953552, 1.0, 1.0, 1.0, 1.0, 1.0, 1.0, 1.0, 1.0, 1.0, 1.0, 1.0, 1.0, 1.0, 1.0, 1.0, 1.0], "f1": [0.7008337445200404, 0.8511335842550125, 0.8974431177182256, 0.941671322111809, 0.9413407790385909, 0.9345321618628369, 0.9521396351043455, 0.962942316333371, 0.9788418735228055, 0.9486099379894627, 0.9686198083575495, 0.9811215951944873, 0.9747572863673949, 0.9625879185758632, 0.9813837247355044, 0.9911209950735034, 0.9726562360931205, 0.9877981017864756, 0.9885889319704747, 0.9872505407026362, 0.9855635703973723, 0.9802942036343693, 0.9880322862605528, 0.9894444346427917, 0.9913912843038355, 0.9922308620164025, 0.9841798575138997, 0.9911357403257048, 0.9908562075377775, 0.9880588782775429], "val_f1": [0.25000000827842284, 0.2666666568650139, 0.5454545454545454, 0.9333333333333333, 0.7692307692307693, 0.8571428571428571, 0.9333333333333333, 0.8571428571428571, 0.8571428571428571, 1.0, 0.8571428571428571, 0.9333333333333333, 0.8571428571428571, 1.0, 0.9333333333333333, 0.7692307692307693, 0.9333333333333333, 0.7692307692307693, 0.8571428571428571, 1.0, 1.0, 0.7692307692307693, 0.8571428571428571, 0.8571428571428571, 1.0, 1.0, 0.8571428571428571, 1.0, 1.0, 0.9333333333333333]}