{"loss": [29.310745239257812, 9.831876754760742, 4.336480140686035, 1.9675029516220093, 0.9323471188545227, 0.5145823955535889, 0.33713245391845703, 0.2656594514846802, 0.2283468246459961, 0.20892786979675293, 0.20775331556797028, 0.19725599884986877, 0.1802195906639099, 0.1794660985469818, 0.19824616611003876, 0.1939052790403366, 0.15626011788845062, 0.15336038172245026, 0.1699938178062439, 0.14620259404182434, 0.14765167236328125, 0.1384512484073639, 0.11757232993841171, 0.17109934985637665, 0.1482446938753128, 0.1420033574104309, 0.13069242238998413, 0.1683090776205063, 0.14115941524505615, 0.12024981528520584], "accuracy": [0.6082961559295654, 0.7549999952316284, 0.8241666555404663, 0.8650000095367432, 0.9088888764381409, 0.92166668176651, 0.9363889098167419, 0.9363889098167419, 0.945277750492096, 0.949999988079071, 0.9474999904632568, 0.9497222304344177, 0.9513888955116272, 0.9558333158493042, 0.941944420337677, 0.9463889002799988, 0.9624999761581421, 0.9597222208976746, 0.9552778005599976, 0.9641666412353516, 0.961388885974884, 0.9633333086967468, 0.9713888764381409, 0.949999988079071, 0.961388885974884, 0.9641666412353516, 0.9666666388511658, 0.9519444704055786, 0.965833306312561, 0.9766666889190674], "precision": [0.5644571185112, 0.749456524848938, 0.8317225575447083, 0.8732954263687134, 0.9289044141769409, 0.9307605028152466, 0.9496279358863831, 0.9465605616569519, 0.9490196108818054, 0.9591836929321289, 0.9558573961257935, 0.9565708041191101, 0.9556926488876343, 0.9596638679504395, 0.945658266544342, 0.9526760578155518, 0.9663865566253662, 0.965672492980957, 0.9575656056404114, 0.9691184759140015, 0.962674081325531, 0.9664429426193237, 0.9748181104660034, 0.9560810923576355, 0.9631901979446411, 0.967543363571167, 0.965631902217865, 0.9562535285949707, 0.9745330810546875, 0.976137638092041], "recall": [0.7672747373580933, 0.7661111354827881, 0.8127777576446533, 0.8538888692855835, 0.8855555653572083, 0.9111111164093018, 0.92166668176651, 0.925000011920929, 0.9411110877990723, 0.9399999976158142, 0.9383333325386047, 0.9422222375869751, 0.9466666579246521, 0.9516666531562805, 0.9377777576446533, 0.9394444227218628, 0.9583333134651184, 0.95333331823349, 0.9527778029441833, 0.9588888883590698, 0.9599999785423279, 0.9599999785423279, 0.9677777886390686, 0.9433333277702332, 0.9594444632530212, 0.9605555534362793, 0.9677777886390686, 0.9472222328186035, 0.9566666483879089, 0.977222204208374], "auc": [0.667472243309021, 0.8239721059799194, 0.9005855917930603, 0.9368643164634705, 0.9650956392288208, 0.9754093885421753, 0.9832629561424255, 0.9853053092956543, 0.9876788854598999, 0.9892087578773499, 0.9883157014846802, 0.9893500208854675, 0.9912800788879395, 0.9905229210853577, 0.9871521592140198, 0.9877760410308838, 0.9944217205047607, 0.9934325814247131, 0.9905422329902649, 0.9946787357330322, 0.9942468404769897, 0.9947512745857239, 0.9970442652702332, 0.9896688461303711, 0.9944553971290588, 0.9950796365737915, 0.995526909828186, 0.9891570806503296, 0.9948484301567078, 0.9963165521621704], "val_loss": [14.62756061553955, 6.083310127258301, 3.0735065937042236, 1.095755696296692, 0.4983862042427063, 0.2776794135570526, 0.16386042535305023, 0.14110615849494934, 0.11721884459257126, 0.10217343270778656, 0.09308919310569763, 0.09142449498176575, 0.08313418924808502, 0.07700926810503006, 0.08684587478637695, 0.08728496730327606, 0.07889709621667862, 0.07054521888494492, 0.0834357738494873, 0.08857356756925583, 0.06341052800416946, 0.07846730202436447, 0.08087825030088425, 0.08053628355264664, 0.09494516998529434, 0.0815650001168251, 0.08484259247779846, 0.08759205043315887, 0.08645669370889664, 0.08301234245300293], "val_accuracy": [0.89952152967453, 0.8516746163368225, 0.6889952421188354, 0.9904305934906006, 0.9952152967453003, 0.9904305934906006, 0.9904305934906006, 0.9904305934906006, 0.9904305934906006, 0.9904305934906006, 0.9952152967453003, 0.9904305934906006, 0.9904305934906006, 0.9904305934906006, 0.9904305934906006, 0.9904305934906006, 0.9904305934906006, 0.9904305934906006, 0.9904305934906006, 0.9904305934906006, 0.9952152967453003, 0.9904305934906006, 0.9904305934906006, 0.9904305934906006, 0.980861246585846, 0.9904305934906006, 0.9904305934906006, 0.9856459498405457, 0.9904305934906006, 0.9904305934906006], "val_precision": [0.20000000298023224, 0.1944444477558136, 0.12162162363529205, 1.0, 1.0, 1.0, 1.0, 0.8888888955116272, 1.0, 1.0, 1.0, 1.0, 1.0, 1.0, 1.0, 1.0, 1.0, 1.0, 1.0, 1.0, 1.0, 1.0, 1.0, 1.0, 1.0, 1.0, 1.0, 1.0, 1.0, 1.0], "val_recall": [0.4444444477558136, 0.7777777910232544, 1.0, 0.7777777910232544, 0.8888888955116272, 0.7777777910232544, 0.7777777910232544, 0.8888888955116272, 0.7777777910232544, 0.7777777910232544, 0.8888888955116272, 0.7777777910232544, 0.7777777910232544, 0.7777777910232544, 0.7777777910232544, 0.7777777910232544, 0.7777777910232544, 0.7777777910232544, 0.7777777910232544, 0.7777777910232544, 0.8888888955116272, 0.7777777910232544, 0.7777777910232544, 0.7777777910232544, 0.5555555820465088, 0.7777777910232544, 0.7777777910232544, 0.6666666865348816, 0.7777777910232544, 0.7777777910232544], "val_auc": [0.8622221946716309, 0.9174999594688416, 0.9369444847106934, 0.9969444274902344, 0.9969444274902344, 0.9986111521720886, 0.9983333349227905, 0.9988889098167419, 0.9994444847106934, 0.9994444251060486, 0.9994444251060486, 0.9988888502120972, 0.9988888502120972, 0.9994444847106934, 0.9999999403953552, 0.9991666078567505, 0.9994444251060486, 1.0, 0.9994444847106934, 0.9997222423553467, 0.9994443655014038, 1.0, 1.0, 0.9999999403953552, 1.0, 0.9997222423553467, 0.9994444251060486, 0.9991666078567505, 0.9994444251060486, 0.9994444251060486], "f1": [0.6504217578738979, 0.7576923212010622, 0.8221410346471392, 0.8634831222707071, 0.9067121710454739, 0.9208309981851095, 0.935438407533037, 0.9356560970321455, 0.9450488042577645, 0.9494949578144223, 0.9470143025890597, 0.949342307108573, 0.9511582409125695, 0.9556485299450854, 0.9417015256251617, 0.9460139757287234, 0.9623430872102908, 0.9594632352652791, 0.955165704571369, 0.963976544153693, 0.9613351703296823, 0.9632106863747382, 0.9712851918473824, 0.9496644322740393, 0.9613136818223207, 0.9640367959037781, 0.9667036545715691, 0.9517164556103783, 0.9655172193554746, 0.9766796200577935], "val_f1": [0.27586207243832056, 0.3111111164093018, 0.21686747308081267, 0.8750000083819031, 0.9411764743006353, 0.8750000083819031, 0.8750000083819031, 0.8888888955116272, 0.8750000083819031, 0.8750000083819031, 0.9411764743006353, 0.8750000083819031, 0.8750000083819031, 0.8750000083819031, 0.8750000083819031, 0.8750000083819031, 0.8750000083819031, 0.8750000083819031, 0.8750000083819031, 0.8750000083819031, 0.9411764743006353, 0.8750000083819031, 0.8750000083819031, 0.8750000083819031, 0.7142857361812978, 0.8750000083819031, 0.8750000083819031, 0.8000000143051146, 0.8750000083819031, 0.8750000083819031]}