{"loss": [29.312057495117188, 9.903520584106445, 4.404289722442627, 2.0482449531555176, 0.9924132227897644, 0.5278621315956116, 0.3767579197883606, 0.3103816509246826, 0.26676398515701294, 0.2409508377313614, 0.227552592754364, 0.2256419062614441, 0.19343562424182892, 0.1758173108100891, 0.1771378070116043, 0.14501771330833435, 0.19730661809444427, 0.22225618362426758, 0.15971674025058746, 0.14118216931819916, 0.1316433995962143, 0.15894265472888947, 0.1572365015745163, 0.16770696640014648, 0.14042934775352478, 0.12368809431791306, 0.11924330145120621, 0.12113634496927261, 0.1502002626657486, 0.13380302488803864], "accuracy": [0.6179096698760986, 0.7488889098167419, 0.831944465637207, 0.8627777695655823, 0.9002777934074402, 0.9277777671813965, 0.9233333468437195, 0.925000011920929, 0.929722249507904, 0.9383333325386047, 0.9386110901832581, 0.9388889074325562, 0.9508333206176758, 0.9563888907432556, 0.956944465637207, 0.9697222113609314, 0.9447222352027893, 0.9369444251060486, 0.9611111283302307, 0.9683333039283752, 0.9688888788223267, 0.9583333134651184, 0.960277795791626, 0.9516666531562805, 0.9633333086967468, 0.9691666960716248, 0.9686111211776733, 0.9725000262260437, 0.9577777981758118, 0.9694444537162781], "precision": [0.5776506662368774, 0.7429500818252563, 0.8366197347640991, 0.8656215071678162, 0.9167148470878601, 0.9375, 0.9295377731323242, 0.9292929172515869, 0.937747597694397, 0.9452595710754395, 0.942793071269989, 0.9509132504463196, 0.9500831961631775, 0.9602240920066833, 0.96390300989151, 0.9720826148986816, 0.9499719142913818, 0.9533141255378723, 0.9595791697502136, 0.9704241156578064, 0.9715083837509155, 0.9588431715965271, 0.9600222110748291, 0.9593220353126526, 0.9648829698562622, 0.9689061641693115, 0.966795802116394, 0.9711911082267761, 0.9577777981758118, 0.9736546874046326], "recall": [0.7262167930603027, 0.7611111402511597, 0.824999988079071, 0.8588888645172119, 0.8805555701255798, 0.9166666865348816, 0.9161111116409302, 0.9200000166893005, 0.9205555319786072, 0.9305555820465088, 0.9338889122009277, 0.9255555272102356, 0.9516666531562805, 0.9522222280502319, 0.9494444727897644, 0.9672222137451172, 0.9388889074325562, 0.9188888669013977, 0.9627777934074402, 0.9661111235618591, 0.9661111235618591, 0.9577777981758118, 0.9605555534362793, 0.9433333277702332, 0.9616666436195374, 0.9694444537162781, 0.9705555438995361, 0.9738888740539551, 0.9577777981758118, 0.9649999737739563], "auc": [0.6756883263587952, 0.8212553858757019, 0.9028545022010803, 0.9321625828742981, 0.9599149227142334, 0.979478657245636, 0.9778422117233276, 0.9787531495094299, 0.9832848310470581, 0.9852715134620667, 0.9869548678398132, 0.9866339564323425, 0.9898597598075867, 0.9920042753219604, 0.9915270805358887, 0.995353639125824, 0.9875980615615845, 0.9840843081474304, 0.9933691024780273, 0.9945269823074341, 0.995871365070343, 0.9920016527175903, 0.992511510848999, 0.9912148118019104, 0.9950873851776123, 0.9965454339981079, 0.9963939785957336, 0.9962670803070068, 0.9922230243682861, 0.9950516819953918], "val_loss": [14.963048934936523, 6.4053144454956055, 2.7227418422698975, 1.1742701530456543, 0.561555027961731, 0.31545335054397583, 0.2050490379333496, 0.1644534021615982, 0.13767379522323608, 0.1259971559047699, 0.10846623033285141, 0.10210836678743362, 0.09032217413187027, 0.07910975068807602, 0.0873430147767067, 0.07762375473976135, 0.10475429892539978, 0.0831276923418045, 0.07909303158521652, 0.07388310134410858, 0.05842006206512451, 0.06555605679750443, 0.11335083097219467, 0.06786756217479706, 0.06113586947321892, 0.05108557268977165, 0.05477652698755264, 0.07877171784639359, 0.06684830784797668, 0.04949741065502167], "val_accuracy": [0.5192307829856873, 0.6971153616905212, 0.9182692170143127, 0.9615384340286255, 0.9807692170143127, 0.9807692170143127, 0.9807692170143127, 0.9807692170143127, 0.9807692170143127, 0.9807692170143127, 0.9903846383094788, 0.9903846383094788, 0.9903846383094788, 0.995192289352417, 0.9903846383094788, 0.9903846383094788, 0.9759615659713745, 0.9903846383094788, 0.9903846383094788, 0.9903846383094788, 0.995192289352417, 0.995192289352417, 0.9759615659713745, 1.0, 1.0, 0.995192289352417, 0.9903846383094788, 0.9855769276618958, 0.9903846383094788, 1.0], "val_precision": [0.06603773683309555, 0.08955223858356476, 0.2631579041481018, 0.5, 1.0, 0.75, 0.75, 1.0, 1.0, 1.0, 1.0, 1.0, 1.0, 1.0, 1.0, 1.0, 1.0, 1.0, 1.0, 1.0, 1.0, 1.0, 1.0, 1.0, 1.0, 1.0, 1.0, 1.0, 1.0, 1.0], "val_recall": [0.875, 0.75, 0.625, 0.375, 0.5, 0.75, 0.75, 0.5, 0.5, 0.5, 0.75, 0.75, 0.75, 0.875, 0.75, 0.75, 0.375, 0.75, 0.75, 0.75, 0.875, 0.875, 0.375, 1.0, 1.0, 0.875, 0.75, 0.625, 0.75, 1.0], "val_auc": [0.7809374928474426, 0.8474999666213989, 0.9050000309944153, 0.9518749713897705, 0.9878125190734863, 0.9878125190734863, 0.9943749904632568, 0.9940625429153442, 0.9965624809265137, 1.0, 0.9987500309944153, 0.9999999403953552, 0.9999999403953552, 1.0, 1.0, 1.0, 0.9984375238418579, 0.9999999403953552, 1.0, 1.0, 1.0, 1.0, 1.0, 1.0, 1.0, 1.0, 1.0, 1.0, 0.9999999403953552, 0.9999999403953552], "f1": [0.6434697197977685, 0.7519209665508999, 0.8307692328375691, 0.8622420434231337, 0.8982714644261247, 0.9269663022934314, 0.9227756044846048, 0.924623118046302, 0.9290720387573451, 0.9378499463373876, 0.9383198682714338, 0.9380630526101176, 0.9508742654415753, 0.9562064197345979, 0.9566191121378879, 0.9696463236086127, 0.9443978957503154, 0.9357849978385903, 0.961175820472306, 0.9682628167277465, 0.9688022365929395, 0.9583101887867989, 0.9602888082012566, 0.9512605020685239, 0.9632721219499274, 0.969175234199961, 0.9686720248162458, 0.9725381202814486, 0.9577777981758118, 0.969308012020204], "val_f1": [0.12280701924540806, 0.15999999964502123, 0.37037037969126124, 0.42857142857142855, 0.6666666666666666, 0.75, 0.75, 0.6666666666666666, 0.6666666666666666, 0.6666666666666666, 0.8571428571428571, 0.8571428571428571, 0.8571428571428571, 0.9333333333333333, 0.8571428571428571, 0.8571428571428571, 0.5454545454545454, 0.8571428571428571, 0.8571428571428571, 0.8571428571428571, 0.9333333333333333, 0.9333333333333333, 0.5454545454545454, 1.0, 1.0, 0.9333333333333333, 0.8571428571428571, 0.7692307692307693, 0.8571428571428571, 1.0]}