{"loss": [29.404895782470703, 9.982590675354004, 4.468871593475342, 1.999804139137268, 0.9805376529693604, 0.512905478477478, 0.3255641758441925, 0.2992359399795532, 0.2342609465122223, 0.24610896408557892, 0.18682730197906494, 0.22257378697395325, 0.2024286836385727, 0.1716420203447342, 0.18599212169647217, 0.1649157702922821, 0.21151843667030334, 0.18796850740909576, 0.17549850046634674, 0.14076955616474152, 0.12505729496479034, 0.11349790543317795, 0.20237255096435547, 0.1602242887020111, 0.1363493800163269, 0.13381971418857574, 0.1617611199617386, 0.11582522094249725, 0.1089467853307724, 0.12307100743055344], "accuracy": [0.6081932783126831, 0.7558333277702332, 0.8025000095367432, 0.866944432258606, 0.8872222304344177, 0.9186111092567444, 0.9369444251060486, 0.9202777743339539, 0.945555567741394, 0.9322222471237183, 0.9561111330986023, 0.9333333373069763, 0.9438889026641846, 0.9572222232818604, 0.9483333230018616, 0.9591666460037231, 0.9383333325386047, 0.9458333253860474, 0.949999988079071, 0.9655555486679077, 0.9736111164093018, 0.9758333563804626, 0.9397222399711609, 0.956944465637207, 0.9655555486679077, 0.964722216129303, 0.9563888907432556, 0.9741666913032532, 0.977222204208374, 0.9666666388511658], "precision": [0.5586488246917725, 0.7657241821289062, 0.7948023676872253, 0.878510057926178, 0.902890145778656, 0.9254658222198486, 0.9446014761924744, 0.9305634498596191, 0.9525959491729736, 0.937570333480835, 0.9566184878349304, 0.9431818127632141, 0.9509029388427734, 0.9602908492088318, 0.9528619647026062, 0.9589117169380188, 0.9477866291999817, 0.9567444324493408, 0.9470198750495911, 0.9671126008033752, 0.9707344174385071, 0.9766277074813843, 0.9484419226646423, 0.9607843160629272, 0.9665924310684204, 0.9649805426597595, 0.9571508169174194, 0.971807599067688, 0.9761641025543213, 0.9661487340927124], "recall": [0.832411527633667, 0.7372221946716309, 0.8155555725097656, 0.8516666889190674, 0.8677777647972107, 0.9105555415153503, 0.9283333420753479, 0.9083333611488342, 0.9377777576446533, 0.926111102104187, 0.9555555582046509, 0.9222221970558167, 0.9361110925674438, 0.9538888931274414, 0.9433333277702332, 0.9594444632530212, 0.9277777671813965, 0.9338889122009277, 0.95333331823349, 0.9638888835906982, 0.9766666889190674, 0.9750000238418579, 0.9300000071525574, 0.9527778029441833, 0.9644444584846497, 0.9644444584846497, 0.9555555582046509, 0.9766666889190674, 0.9783333539962769, 0.9672222137451172], "auc": [0.6826775670051575, 0.8166173696517944, 0.8721214532852173, 0.938732385635376, 0.9518177509307861, 0.9746723175048828, 0.9834871888160706, 0.9771806597709656, 0.986877977848053, 0.9820938110351562, 0.9915081262588501, 0.9845316410064697, 0.9888379573822021, 0.9916267991065979, 0.9894310235977173, 0.9925695657730103, 0.984433114528656, 0.9895285964012146, 0.9909234046936035, 0.9948334097862244, 0.9960137605667114, 0.996828556060791, 0.9848134517669678, 0.9921244382858276, 0.9945745468139648, 0.9948577284812927, 0.991273045539856, 0.9969996809959412, 0.9971411824226379, 0.9955201148986816], "val_loss": [15.005654335021973, 6.5387163162231445, 2.791504383087158, 1.1311135292053223, 0.499881774187088, 0.2535077631473541, 0.15427540242671967, 0.1400725394487381, 0.0977804958820343, 0.10228567570447922, 0.08954092115163803, 0.10100524872541428, 0.08939944952726364, 0.08019869774580002, 0.08849555999040604, 0.07335252314805984, 0.08333322405815125, 0.0927945077419281, 0.07799936830997467, 0.06056375801563263, 0.056426480412483215, 0.05522682145237923, 0.09115438908338547, 0.0791536495089531, 0.05041877180337906, 0.051396749913692474, 0.07986187189817429, 0.051750704646110535, 0.06002942472696304, 0.08708636462688446], "val_accuracy": [0.7836538553237915, 0.5240384340286255, 0.8942307829856873, 0.9807692170143127, 0.9855769276618958, 0.9855769276618958, 0.9855769276618958, 0.9855769276618958, 0.995192289352417, 0.9903846383094788, 0.9855769276618958, 1.0, 0.9855769276618958, 0.9855769276618958, 0.9807692170143127, 0.9855769276618958, 0.9855769276618958, 0.9807692170143127, 0.9855769276618958, 1.0, 0.995192289352417, 0.995192289352417, 0.9807692170143127, 0.9807692170143127, 1.0, 1.0, 0.9855769276618958, 1.0, 0.9855769276618958, 0.9807692170143127], "val_precision": [0.06976744532585144, 0.07476635277271271, 0.25, 0.75, 1.0, 1.0, 1.0, 1.0, 0.8888888955116272, 1.0, 1.0, 1.0, 1.0, 1.0, 1.0, 1.0, 1.0, 1.0, 1.0, 1.0, 1.0, 1.0, 1.0, 1.0, 1.0, 1.0, 1.0, 1.0, 1.0, 1.0], "val_recall": [0.375, 1.0, 0.875, 0.75, 0.625, 0.625, 0.625, 0.625, 1.0, 0.75, 0.625, 1.0, 0.625, 0.625, 0.5, 0.625, 0.625, 0.5, 0.625, 1.0, 0.875, 0.875, 0.5, 0.5, 1.0, 1.0, 0.625, 1.0, 0.625, 0.5], "val_auc": [0.7996875047683716, 0.890625, 0.9278124570846558, 0.9878125190734863, 0.9943749904632568, 0.9975000023841858, 0.9993749856948853, 1.0, 0.9993749856948853, 1.0, 0.9996874332427979, 1.0, 0.9987499713897705, 0.9987500309944153, 1.0, 1.0, 0.9999999403953552, 1.0, 1.0, 1.0, 1.0, 1.0, 1.0, 1.0, 1.0, 1.0, 1.0, 1.0, 1.0, 1.0], "f1": [0.6685917268723045, 0.7512029314897246, 0.8050452434593256, 0.8648801384949005, 0.8849858156704414, 0.9179501388709116, 0.9363967573992454, 0.9193140377569091, 0.9451287752628421, 0.9318054880635358, 0.9560867275918192, 0.9325842541466004, 0.9434490408536791, 0.9570791655272917, 0.9480737048939458, 0.9591780161210832, 0.9376754691015543, 0.9451785242258998, 0.9501661092318903, 0.9654980512740231, 0.973691517586478, 0.9758131869066548, 0.9391304366249312, 0.9567643095241102, 0.965517250136949, 0.9647124260976221, 0.9563525223124655, 0.9742310852133544, 0.9772475244743418, 0.9666851759009464], "val_f1": [0.11764706375048002, 0.13913043068352177, 0.3888888888888889, 0.75, 0.7692307692307693, 0.7692307692307693, 0.7692307692307693, 0.7692307692307693, 0.9411764743006353, 0.8571428571428571, 0.7692307692307693, 1.0, 0.7692307692307693, 0.7692307692307693, 0.6666666666666666, 0.7692307692307693, 0.7692307692307693, 0.6666666666666666, 0.7692307692307693, 1.0, 0.9333333333333333, 0.9333333333333333, 0.6666666666666666, 0.6666666666666666, 1.0, 1.0, 0.7692307692307693, 1.0, 0.7692307692307693, 0.6666666666666666]}