{"loss": [29.354095458984375, 9.801684379577637, 4.295036315917969, 1.9543455839157104, 0.9400846362113953, 0.5233955383300781, 0.3850902020931244, 0.2757321000099182, 0.30612310767173767, 0.2803044021129608, 0.21122829616069794, 0.2163761854171753, 0.1838863492012024, 0.16969142854213715, 0.15428125858306885, 0.344545841217041, 0.1924346536397934, 0.1534690409898758, 0.14136624336242676, 0.13541550934314728, 0.16122736036777496, 0.12959469854831696, 0.13347448408603668, 0.19342102110385895, 0.16962088644504547, 0.12751321494579315, 0.1645788550376892, 0.1268022209405899, 0.11738812923431396, 0.10082901269197464], "accuracy": [0.6033079624176025, 0.7619444727897644, 0.8349999785423279, 0.8608333468437195, 0.8969444632530212, 0.918055534362793, 0.9152777791023254, 0.9397222399711609, 0.9169444441795349, 0.9197221994400024, 0.9497222304344177, 0.9469444155693054, 0.9583333134651184, 0.9605555534362793, 0.9652777910232544, 0.8994444608688354, 0.9574999809265137, 0.9661111235618591, 0.9711111187934875, 0.9688888788223267, 0.9611111283302307, 0.9730555415153503, 0.9677777886390686, 0.9394444227218628, 0.9566666483879089, 0.9741666913032532, 0.9547222256660461, 0.9752777814865112, 0.9763888716697693, 0.9816666841506958], "precision": [0.5564393997192383, 0.7597796320915222, 0.8361204266548157, 0.8705077171325684, 0.9043576717376709, 0.9317269325256348, 0.9178311824798584, 0.9429211020469666, 0.9281232357025146, 0.9251547455787659, 0.9540100693702698, 0.948689341545105, 0.9593541026115417, 0.9590254426002502, 0.9697139859199524, 0.9108571410179138, 0.9634215235710144, 0.9666295647621155, 0.9695459604263306, 0.9662983417510986, 0.961624026298523, 0.9727928638458252, 0.9657079577445984, 0.9448819160461426, 0.9576837420463562, 0.975487470626831, 0.9575181603431702, 0.9703133702278137, 0.9761243462562561, 0.9779492616653442], "recall": [0.8120508790016174, 0.7661111354827881, 0.8333333134651184, 0.847777783870697, 0.8877778053283691, 0.902222216129303, 0.9122222065925598, 0.9361110925674438, 0.9038888812065125, 0.9133333563804626, 0.9449999928474426, 0.9449999928474426, 0.9572222232818604, 0.9622222185134888, 0.9605555534362793, 0.8855555653572083, 0.9511111378669739, 0.9655555486679077, 0.972777783870697, 0.971666693687439, 0.9605555534362793, 0.9733333587646484, 0.9700000286102295, 0.9333333373069763, 0.9555555582046509, 0.972777783870697, 0.9516666531562805, 0.980555534362793, 0.9766666889190674, 0.9855555295944214], "auc": [0.6717648506164551, 0.8361278176307678, 0.9053725600242615, 0.9319453835487366, 0.9559913277626038, 0.9712436199188232, 0.9705339670181274, 0.9850884675979614, 0.9738450646400452, 0.9773269891738892, 0.9895236492156982, 0.9876127243041992, 0.9923548102378845, 0.9937248826026917, 0.9951363205909729, 0.953822672367096, 0.9909138083457947, 0.9948961138725281, 0.9951982498168945, 0.9955464005470276, 0.9927585124969482, 0.9961352348327637, 0.9959864020347595, 0.9878362417221069, 0.9922307729721069, 0.9962548017501831, 0.9923796653747559, 0.9963066577911377, 0.9969883561134338, 0.9978570938110352], "val_loss": [15.038206100463867, 6.289122581481934, 2.9473876953125, 1.331705093383789, 0.5011958479881287, 0.24716173112392426, 0.19274073839187622, 0.1306677758693695, 0.12843647599220276, 0.1182556226849556, 0.10119619965553284, 0.10690395534038544, 0.09969610720872879, 0.09118880331516266, 0.17787644267082214, 0.13375134766101837, 0.093071848154068, 0.08707188069820404, 0.08404234051704407, 0.08383601903915405, 0.07942017912864685, 0.07941145449876785, 0.08477848768234253, 0.10943198204040527, 0.0828602984547615, 0.0727936252951622, 0.07788363099098206, 0.08176413178443909, 0.07810812443494797, 0.06717240065336227], "val_accuracy": [0.35885167121887207, 0.7368420958518982, 0.760765552520752, 0.8468899726867676, 0.9760765433311462, 0.9904305934906006, 0.980861246585846, 0.9952152967453003, 0.9952152967453003, 0.9904305934906006, 0.9952152967453003, 0.9952152967453003, 0.9952152967453003, 0.9952152967453003, 0.9665071964263916, 0.9856459498405457, 0.9952152967453003, 0.9952152967453003, 0.9952152967453003, 0.9952152967453003, 0.9952152967453003, 0.9952152967453003, 0.9952152967453003, 0.9904305934906006, 0.9952152967453003, 0.9952152967453003, 0.9952152967453003, 0.9952152967453003, 0.9952152967453003, 0.9952152967453003], "val_precision": [0.06293706595897675, 0.140625, 0.1525423675775528, 0.2195121943950653, 0.6666666865348816, 0.8888888955116272, 0.7272727489471436, 1.0, 1.0, 0.8888888955116272, 1.0, 1.0, 1.0, 1.0, 0.5714285969734192, 0.800000011920929, 1.0, 1.0, 1.0, 1.0, 1.0, 1.0, 1.0, 0.8888888955116272, 1.0, 1.0, 1.0, 1.0, 1.0, 1.0], "val_recall": [1.0, 1.0, 1.0, 1.0, 0.8888888955116272, 0.8888888955116272, 0.8888888955116272, 0.8888888955116272, 0.8888888955116272, 0.8888888955116272, 0.8888888955116272, 0.8888888955116272, 0.8888888955116272, 0.8888888955116272, 0.8888888955116272, 0.8888888955116272, 0.8888888955116272, 0.8888888955116272, 0.8888888955116272, 0.8888888955116272, 0.8888888955116272, 0.8888888955116272, 0.8888888955116272, 0.8888888955116272, 0.8888888955116272, 0.8888888955116272, 0.8888888955116272, 0.8888888955116272, 0.8888888955116272, 0.8888888955116272], "val_auc": [0.9013888835906982, 0.9624999761581421, 0.9647221565246582, 0.9830555319786072, 0.9955555200576782, 0.9972222447395325, 0.9977778196334839, 0.9950000047683716, 0.9955555200576782, 0.9941667318344116, 0.9952777624130249, 0.9422221779823303, 0.9422221779823303, 0.9913889169692993, 0.9961111545562744, 0.9955555200576782, 0.9924999475479126, 0.996666669845581, 0.9411110877990723, 0.9441666007041931, 0.9958333373069763, 0.9913888573646545, 0.9441666007041931, 0.9961111545562744, 0.9958332777023315, 0.9972221851348877, 0.9969444274902344, 0.9444444179534912, 0.9436110854148865, 0.996666669845581], "f1": [0.6603731289571104, 0.7629322478746621, 0.8347245435504791, 0.8589924117291216, 0.895991044562707, 0.9167372372425594, 0.9150180989917588, 0.9395037568509735, 0.9158457691386249, 0.9192060455004304, 0.9494836564251296, 0.9468410733402052, 0.9582869772622555, 0.9606211709892234, 0.9651130429493229, 0.8980281731600421, 0.9572267530196332, 0.9660922582160317, 0.9711591834405149, 0.9689750822903561, 0.9610894929039255, 0.9730630362497872, 0.9678492347447254, 0.939072122313932, 0.9566184664872458, 0.9741307429051668, 0.9545834395360444, 0.9754075663456834, 0.9763954422760799, 0.9817376629661108], "val_f1": [0.1184210579808791, 0.2465753424657534, 0.264705874367414, 0.3599999990224838, 0.7619047773127652, 0.8888888955116272, 0.8000000157952307, 0.9411764743006353, 0.9411764743006353, 0.8888888955116272, 0.9411764743006353, 0.9411764743006353, 0.9411764743006353, 0.9411764743006353, 0.6956521948704419, 0.8421052727342643, 0.9411764743006353, 0.9411764743006353, 0.9411764743006353, 0.9411764743006353, 0.9411764743006353, 0.9411764743006353, 0.9411764743006353, 0.8888888955116272, 0.9411764743006353, 0.9411764743006353, 0.9411764743006353, 0.9411764743006353, 0.9411764743006353, 0.9411764743006353]}