{"loss": [29.218454360961914, 9.729694366455078, 4.190051555633545, 1.8934372663497925, 0.8717465400695801, 0.489383727312088, 0.3475891053676605, 0.23530134558677673, 0.22703109681606293, 0.20181265473365784, 0.1787913739681244, 0.19604161381721497, 0.18034641444683075, 0.1602611094713211, 0.1899493783712387, 0.20473216474056244, 0.16383296251296997, 0.14640271663665771, 0.128676176071167, 0.1478639841079712, 0.12846551835536957, 0.1348346769809723, 0.13618172705173492, 0.14058071374893188, 0.10743559151887894, 0.10108229517936707, 0.1743246614933014, 0.1342809647321701, 0.12070998549461365, 0.10754595696926117], "accuracy": [0.587447464466095, 0.7347221970558167, 0.8463888764381409, 0.8822222352027893, 0.9244444370269775, 0.9227777719497681, 0.925000011920929, 0.9552778005599976, 0.9441666603088379, 0.9516666531562805, 0.9580555558204651, 0.9474999904632568, 0.9538888931274414, 0.9616666436195374, 0.9524999856948853, 0.945277750492096, 0.9597222208976746, 0.9622222185134888, 0.9691666960716248, 0.9638888835906982, 0.9702777862548828, 0.9661111235618591, 0.964722216129303, 0.9666666388511658, 0.9758333563804626, 0.977222204208374, 0.9466666579246521, 0.9686111211776733, 0.9700000286102295, 0.9752777814865112], "precision": [0.5374407768249512, 0.7366946935653687, 0.8500842452049255, 0.8922463059425354, 0.9360730648040771, 0.9348571300506592, 0.9336734414100647, 0.9570552110671997, 0.9473978877067566, 0.9546979665756226, 0.9598438143730164, 0.9502515196800232, 0.9559151530265808, 0.9642457962036133, 0.9578414559364319, 0.9500280618667603, 0.9693703651428223, 0.9627363681793213, 0.9683859944343567, 0.9633740186691284, 0.9700166583061218, 0.9655937552452087, 0.9681029915809631, 0.9666666388511658, 0.977158784866333, 0.977222204208374, 0.9527027010917664, 0.968350887298584, 0.9689579010009766, 0.9771332740783691], "recall": [0.9408186078071594, 0.730555534362793, 0.8411111235618591, 0.8694444298744202, 0.9111111164093018, 0.9088888764381409, 0.9150000214576721, 0.95333331823349, 0.9405555725097656, 0.9483333230018616, 0.9561111330986023, 0.9444444179534912, 0.9516666531562805, 0.9588888883590698, 0.9466666579246521, 0.9399999976158142, 0.9494444727897644, 0.9616666436195374, 0.9700000286102295, 0.9644444584846497, 0.9705555438995361, 0.9666666388511658, 0.9611111283302307, 0.9666666388511658, 0.9744444489479065, 0.977222204208374, 0.9399999976158142, 0.9688888788223267, 0.9711111187934875, 0.9733333587646484], "auc": [0.689376950263977, 0.813311755657196, 0.927849292755127, 0.9473162293434143, 0.9740455746650696, 0.9765002727508545, 0.9790189862251282, 0.9882364273071289, 0.9863364100456238, 0.9904501438140869, 0.9922968149185181, 0.9893439412117004, 0.990462064743042, 0.9930785298347473, 0.9885643720626831, 0.9855690002441406, 0.9925141334533691, 0.9939230680465698, 0.9956109523773193, 0.9927210807800293, 0.9956762194633484, 0.9939968585968018, 0.994656503200531, 0.9928366541862488, 0.9973463416099548, 0.9971468448638916, 0.9881501197814941, 0.9946232438087463, 0.9957689642906189, 0.9967423677444458], "val_loss": [14.457571029663086, 5.796429634094238, 2.5514700412750244, 1.0771269798278809, 0.46220481395721436, 0.2959959805011749, 0.16557110846042633, 0.11457602679729462, 0.11599723249673843, 0.11759316176176071, 0.08922132104635239, 0.09190648049116135, 0.10120005160570145, 0.10783494263887405, 0.07221060991287231, 0.08942043781280518, 0.06919609010219574, 0.06862927228212357, 0.0765676349401474, 0.0840415209531784, 0.06852205097675323, 0.059986285865306854, 0.057082220911979675, 0.0614667609333992, 0.05512606352567673, 0.045514561235904694, 0.07342492043972015, 0.06407599151134491, 0.05571916326880455, 0.04729646071791649], "val_accuracy": [0.9519230723381042, 0.9519230723381042, 0.9519230723381042, 0.9855769276618958, 0.9903846383094788, 0.9759615659713745, 0.9903846383094788, 0.9855769276618958, 0.9855769276618958, 0.9855769276618958, 0.9903846383094788, 0.9855769276618958, 0.9855769276618958, 0.9855769276618958, 0.995192289352417, 0.9855769276618958, 0.9903846383094788, 0.9903846383094788, 0.9855769276618958, 0.9855769276618958, 0.9855769276618958, 0.995192289352417, 0.9903846383094788, 0.9903846383094788, 0.9903846383094788, 1.0, 0.9855769276618958, 0.9903846383094788, 0.9903846383094788, 0.995192289352417], "val_precision": [0.0, 0.375, 0.4285714328289032, 1.0, 1.0, 0.6363636255264282, 1.0, 1.0, 1.0, 1.0, 1.0, 1.0, 1.0, 1.0, 1.0, 1.0, 1.0, 1.0, 1.0, 1.0, 1.0, 1.0, 1.0, 1.0, 1.0, 1.0, 1.0, 1.0, 1.0, 1.0], "val_recall": [0.0, 0.375, 0.75, 0.625, 0.75, 0.875, 0.75, 0.625, 0.625, 0.625, 0.75, 0.625, 0.625, 0.625, 0.875, 0.625, 0.75, 0.75, 0.625, 0.625, 0.625, 0.875, 0.75, 0.75, 0.75, 1.0, 0.625, 0.75, 0.75, 0.875], "val_auc": [0.8340624570846558, 0.8799999952316284, 0.9590624570846558, 0.9815624952316284, 0.9956250190734863, 0.9956248998641968, 0.9987499713897705, 1.0, 1.0, 1.0, 1.0, 1.0, 1.0, 1.0, 1.0, 1.0, 0.9999999403953552, 1.0, 1.0, 1.0, 1.0, 1.0, 0.9999999403953552, 1.0, 1.0, 1.0, 1.0, 1.0, 1.0, 1.0], "f1": [0.6840941294711744, 0.7336122704575687, 0.8455738796493243, 0.8806978035427083, 0.9234234287932113, 0.9216901282189598, 0.9242424214814289, 0.9551906390825472, 0.9439643311592824, 0.9515050015880646, 0.9579738377135963, 0.9473390696499324, 0.9537861720358373, 0.9615598814254054, 0.9522212725833147, 0.9449874264133322, 0.9593039589611337, 0.9622012085836834, 0.969192339544088, 0.9639089413908697, 0.9702860262801343, 0.9661298991899805, 0.9645943899903472, 0.9666666388511658, 0.9757997293258351, 0.977222204208374, 0.9463087228293742, 0.9686198083575495, 0.9700333150049848, 0.9752296149082021], "val_f1": [0, 0.375, 0.545454548902748, 0.7692307692307693, 0.8571428571428571, 0.7368420979983258, 0.8571428571428571, 0.7692307692307693, 0.7692307692307693, 0.7692307692307693, 0.8571428571428571, 0.7692307692307693, 0.7692307692307693, 0.7692307692307693, 0.9333333333333333, 0.7692307692307693, 0.8571428571428571, 0.8571428571428571, 0.7692307692307693, 0.7692307692307693, 0.7692307692307693, 0.9333333333333333, 0.8571428571428571, 0.8571428571428571, 0.8571428571428571, 1.0, 0.7692307692307693, 0.8571428571428571, 0.8571428571428571, 0.9333333333333333]}