{"loss": [29.292612075805664, 9.843623161315918, 4.292808532714844, 1.9883277416229248, 1.0152137279510498, 0.5272363424301147, 0.4050839841365814, 0.2982337772846222, 0.23335275053977966, 0.2536395788192749, 0.2549734115600586, 0.21003633737564087, 0.18704956769943237, 0.18402011692523956, 0.19374778866767883, 0.15305942296981812, 0.21457061171531677, 0.1573360115289688, 0.14241757988929749, 0.14686009287834167, 0.16814284026622772, 0.15768399834632874, 0.15525700151920319, 0.14241817593574524, 0.13493523001670837, 0.1382117122411728, 0.16243351995944977, 0.13156768679618835, 0.11878702044487, 0.10243372619152069], "accuracy": [0.6013655662536621, 0.7163888812065125, 0.8261111378669739, 0.8430555462837219, 0.8613888621330261, 0.9066666960716248, 0.8997222185134888, 0.9211111068725586, 0.9430555701255798, 0.929722249507904, 0.9302777647972107, 0.9449999928474426, 0.9527778029441833, 0.948888897895813, 0.9466666579246521, 0.9624999761581421, 0.9372222423553467, 0.9636111259460449, 0.9672222137451172, 0.9644444584846497, 0.9563888907432556, 0.9558333158493042, 0.9588888883590698, 0.9644444584846497, 0.9694444537162781, 0.9638888835906982, 0.9555555582046509, 0.9697222113609314, 0.9747222065925598, 0.9786111116409302], "precision": [0.583429217338562, 0.6944583058357239, 0.8381336331367493, 0.8526556491851807, 0.8723526000976562, 0.9197247624397278, 0.9229865074157715, 0.9311717748641968, 0.9467787146568298, 0.9367588758468628, 0.9469128847122192, 0.948991060256958, 0.9594137668609619, 0.9564971923828125, 0.9506726264953613, 0.9658645987510681, 0.9471591114997864, 0.967507004737854, 0.9714125394821167, 0.9665178656578064, 0.9633389711380005, 0.9565943479537964, 0.9614525437355042, 0.9654788374900818, 0.9699666500091553, 0.9649220705032349, 0.96275395154953, 0.9710306525230408, 0.9734072089195251, 0.9788771271705627], "recall": [0.5608407258987427, 0.772777795791626, 0.8083333373069763, 0.8294444680213928, 0.846666693687439, 0.8911111354827881, 0.8722222447395325, 0.9094444513320923, 0.9388889074325562, 0.92166668176651, 0.9116666913032532, 0.9405555725097656, 0.945555567741394, 0.9405555725097656, 0.9422222375869751, 0.9588888883590698, 0.926111102104187, 0.9594444632530212, 0.9627777934074402, 0.9622222185134888, 0.948888897895813, 0.9549999833106995, 0.9561111330986023, 0.9633333086967468, 0.9688888788223267, 0.9627777934074402, 0.9477777481079102, 0.9683333039283752, 0.976111114025116, 0.9783333539962769], "auc": [0.6404436230659485, 0.7913166284561157, 0.8995370268821716, 0.9133313894271851, 0.9216088056564331, 0.9653815031051636, 0.9626970887184143, 0.9776601791381836, 0.9870392084121704, 0.9812719821929932, 0.9803629517555237, 0.9874597787857056, 0.9907203316688538, 0.9905216097831726, 0.9885597825050354, 0.9946408867835999, 0.9839135408401489, 0.9933593273162842, 0.9944977760314941, 0.9935970902442932, 0.9906291365623474, 0.9929586052894592, 0.9932699203491211, 0.9941418170928955, 0.9936120510101318, 0.9943950176239014, 0.9918594360351562, 0.9952964186668396, 0.9961340427398682, 0.9977263808250427], "val_loss": [14.976430892944336, 6.0077595710754395, 2.72023344039917, 1.1490533351898193, 0.6469770073890686, 0.31249088048934937, 0.21091260015964508, 0.14479951560497284, 0.13885140419006348, 0.12101277709007263, 0.12389005720615387, 0.10203034430742264, 0.0886467769742012, 0.10997030138969421, 0.09543467313051224, 0.09573003649711609, 0.09743545204401016, 0.07504332065582275, 0.06904710829257965, 0.07087000459432602, 0.0701041966676712, 0.08932741731405258, 0.08567466586828232, 0.060665782541036606, 0.061791013926267624, 0.09077639877796173, 0.07268638908863068, 0.0640665739774704, 0.06631424278020859, 0.05197403207421303], "val_accuracy": [0.1866028755903244, 0.880382776260376, 0.8708133697509766, 0.9521530866622925, 0.9138755798339844, 0.9665071964263916, 0.9760765433311462, 0.980861246585846, 0.9760765433311462, 0.980861246585846, 0.980861246585846, 0.980861246585846, 0.9856459498405457, 0.980861246585846, 0.980861246585846, 0.9856459498405457, 0.980861246585846, 0.9856459498405457, 0.9856459498405457, 0.9904305934906006, 0.9904305934906006, 0.980861246585846, 0.980861246585846, 0.9904305934906006, 0.9904305934906006, 0.980861246585846, 0.9904305934906006, 0.9856459498405457, 0.9856459498405457, 0.9952152967453003], "val_precision": [0.05027933046221733, 0.19230769574642181, 0.1785714328289032, 0.4545454680919647, 0.2631579041481018, 0.5833333134651184, 0.75, 0.8571428656578064, 0.8333333134651184, 0.8571428656578064, 0.8571428656578064, 1.0, 0.875, 0.7777777910232544, 0.8571428656578064, 1.0, 1.0, 1.0, 0.875, 1.0, 1.0, 1.0, 1.0, 1.0, 1.0, 1.0, 0.8888888955116272, 1.0, 1.0, 1.0], "val_recall": [1.0, 0.5555555820465088, 0.5555555820465088, 0.5555555820465088, 0.5555555820465088, 0.7777777910232544, 0.6666666865348816, 0.6666666865348816, 0.5555555820465088, 0.6666666865348816, 0.6666666865348816, 0.5555555820465088, 0.7777777910232544, 0.7777777910232544, 0.6666666865348816, 0.6666666865348816, 0.5555555820465088, 0.6666666865348816, 0.7777777910232544, 0.7777777910232544, 0.7777777910232544, 0.5555555820465088, 0.5555555820465088, 0.7777777910232544, 0.7777777910232544, 0.5555555820465088, 0.8888888955116272, 0.6666666865348816, 0.6666666865348816, 0.8888888955116272], "val_auc": [0.7844444513320923, 0.883055567741394, 0.8774999380111694, 0.9047222137451172, 0.9191666841506958, 0.9719444513320923, 0.9688888788223267, 0.9916666746139526, 0.9938888549804688, 0.996666669845581, 0.9944444894790649, 0.9983333349227905, 0.9983333349227905, 0.9972221851348877, 0.9975000023841858, 0.9988889098167419, 0.9988888502120972, 0.9988888502120972, 0.9988888502120972, 0.9994444251060486, 0.9988888502120972, 1.0, 1.0, 0.9999999403953552, 0.9994443655014038, 1.0, 0.9988889098167419, 0.9999999403953552, 1.0, 1.0], "f1": [0.5719120172587383, 0.7315277456132544, 0.8229637993892637, 0.8408899138754233, 0.859317745094092, 0.9051918821905003, 0.8968866293638037, 0.920179874364521, 0.9428173052041867, 0.9291514972769458, 0.9289555827453267, 0.9447544871435063, 0.9524342597488491, 0.9484594008501839, 0.9464285696431403, 0.9623641028361928, 0.9365168593926434, 0.9634588667893158, 0.967075892529873, 0.9643652585006172, 0.9560593373059556, 0.9557965007425866, 0.9587743991158356, 0.964404879795816, 0.9694274648599686, 0.9638487393619392, 0.9552071523808932, 0.9696801024330243, 0.9747572863673949, 0.9786051650449767], "val_f1": [0.0957446823981386, 0.2857142930128136, 0.27027027828141315, 0.5000000189244747, 0.357142871283755, 0.6666666585571908, 0.7058823640783763, 0.7500000158324837, 0.6666666793823234, 0.7500000158324837, 0.7500000158324837, 0.7142857361812978, 0.8235294191895058, 0.7777777910232544, 0.7500000158324837, 0.8000000143051146, 0.7142857361812978, 0.8000000143051146, 0.8235294191895058, 0.8750000083819031, 0.8750000083819031, 0.7142857361812978, 0.7142857361812978, 0.8750000083819031, 0.8750000083819031, 0.7142857361812978, 0.8888888955116272, 0.8000000143051146, 0.8000000143051146, 0.9411764743006353]}