{"loss": [29.29513168334961, 9.749702453613281, 4.247336387634277, 1.8941746950149536, 0.9531359672546387, 0.5384071469306946, 0.34116047620773315, 0.2578297257423401, 0.24127134680747986, 0.238893523812294, 0.2106773853302002, 0.19516362249851227, 0.1933608055114746, 0.1948772370815277, 0.17692652344703674, 0.17823593318462372, 0.163408100605011, 0.16992901265621185, 0.13541632890701294, 0.17441974580287933, 0.1882452666759491, 0.1561206877231598, 0.12971875071525574, 0.14089666306972504, 0.15711034834384918, 0.15452484786510468, 0.12557245790958405, 0.12263361364603043, 0.12042359262704849, 0.10508936643600464], "accuracy": [0.6103964447975159, 0.7733333110809326, 0.840833306312561, 0.8872222304344177, 0.8894444704055786, 0.9063888788223267, 0.9269444346427917, 0.9449999928474426, 0.9402777552604675, 0.9380555748939514, 0.9461110830307007, 0.9494444727897644, 0.9449999928474426, 0.9461110830307007, 0.9574999809265137, 0.9519444704055786, 0.9611111283302307, 0.9497222304344177, 0.9683333039283752, 0.9530555605888367, 0.9502778053283691, 0.960277795791626, 0.9702777862548828, 0.9630555510520935, 0.9572222232818604, 0.9586111307144165, 0.9683333039283752, 0.971666693687439, 0.9744444489479065, 0.9786111116409302], "precision": [0.5659229159355164, 0.7676822543144226, 0.8507718443870544, 0.8973774313926697, 0.8894444704055786, 0.9341246485710144, 0.9404011368751526, 0.9464883208274841, 0.9459763765335083, 0.9503141045570374, 0.9501121044158936, 0.9534753561019897, 0.948991060256958, 0.9526493549346924, 0.9629005193710327, 0.9501937031745911, 0.9647256731987, 0.9545199275016785, 0.9698996543884277, 0.9548243284225464, 0.9535534381866455, 0.9646663069725037, 0.9721137881278992, 0.9638286232948303, 0.9613228440284729, 0.9619473814964294, 0.9704241156578064, 0.972191333770752, 0.9723451137542725, 0.9772853255271912], "recall": [0.7711442708969116, 0.7838888764381409, 0.8266666531562805, 0.8744444251060486, 0.8894444704055786, 0.8744444251060486, 0.9116666913032532, 0.9433333277702332, 0.9338889122009277, 0.9244444370269775, 0.9416666626930237, 0.9449999928474426, 0.9405555725097656, 0.9388889074325562, 0.9516666531562805, 0.9538888931274414, 0.9572222232818604, 0.9444444179534912, 0.9666666388511658, 0.9511111378669739, 0.9466666579246521, 0.9555555582046509, 0.9683333039283752, 0.9622222185134888, 0.9527778029441833, 0.9549999833106995, 0.9661111235618591, 0.9711111187934875, 0.9766666889190674, 0.9800000190734863], "auc": [0.6741251945495605, 0.8509870171546936, 0.9177972078323364, 0.9534507989883423, 0.9513294696807861, 0.970444917678833, 0.9800786972045898, 0.9853764176368713, 0.98493492603302, 0.9832892417907715, 0.9883299469947815, 0.9897154569625854, 0.9891299605369568, 0.9896036982536316, 0.9909106492996216, 0.9901627898216248, 0.9920032620429993, 0.9915521740913391, 0.9954832792282104, 0.9899876117706299, 0.9875209927558899, 0.9936345815658569, 0.9958666563034058, 0.9941083788871765, 0.9915920495986938, 0.9927197098731995, 0.9959191679954529, 0.9956785440444946, 0.9959615468978882, 0.9973729252815247], "val_loss": [14.951913833618164, 5.994109630584717, 2.729529857635498, 1.0633583068847656, 0.5606614351272583, 0.2329856902360916, 0.14852078258991241, 0.1330147534608841, 0.14164882898330688, 0.11204732954502106, 0.10421139746904373, 0.08282759040594101, 0.08836210519075394, 0.082584910094738, 0.07705825567245483, 0.07344246655702591, 0.07063833624124527, 0.0660322904586792, 0.058972518891096115, 0.06640104204416275, 0.07913180440664291, 0.07067854702472687, 0.05326305329799652, 0.05925658717751503, 0.06449418514966965, 0.05479172244668007, 0.054418761283159256, 0.05060352757573128, 0.04946812614798546, 0.051303453743457794], "val_accuracy": [0.46411484479904175, 0.8660287261009216, 0.8612440228462219, 0.9856459498405457, 0.9952152967453003, 0.9952152967453003, 0.9952152967453003, 0.9904305934906006, 0.980861246585846, 0.980861246585846, 0.9904305934906006, 0.9952152967453003, 0.9856459498405457, 0.9904305934906006, 0.9952152967453003, 0.9904305934906006, 1.0, 0.9952152967453003, 0.9952152967453003, 0.9952152967453003, 0.9952152967453003, 0.9904305934906006, 0.9952152967453003, 0.9904305934906006, 0.9952152967453003, 1.0, 0.9952152967453003, 0.9952152967453003, 0.9952152967453003, 0.9952152967453003], "val_precision": [0.07438016682863235, 0.22857142984867096, 0.2222222238779068, 0.800000011920929, 1.0, 1.0, 1.0, 0.8888888955116272, 0.7272727489471436, 0.7272727489471436, 1.0, 1.0, 1.0, 1.0, 0.8999999761581421, 0.8888888955116272, 1.0, 1.0, 1.0, 1.0, 1.0, 1.0, 1.0, 1.0, 1.0, 1.0, 1.0, 1.0, 1.0, 1.0], "val_recall": [1.0, 0.8888888955116272, 0.8888888955116272, 0.8888888955116272, 0.8888888955116272, 0.8888888955116272, 0.8888888955116272, 0.8888888955116272, 0.8888888955116272, 0.8888888955116272, 0.7777777910232544, 0.8888888955116272, 0.6666666865348816, 0.7777777910232544, 1.0, 0.8888888955116272, 1.0, 0.8888888955116272, 0.8888888955116272, 0.8888888955116272, 0.8888888955116272, 0.7777777910232544, 0.8888888955116272, 0.7777777910232544, 0.8888888955116272, 1.0, 0.8888888955116272, 0.8888888955116272, 0.8888888955116272, 0.8888888955116272], "val_auc": [0.8869444727897644, 0.9566667079925537, 0.957777738571167, 0.9847221970558167, 0.9877777695655823, 0.9958332777023315, 0.9983333349227905, 0.9983333349227905, 0.9977777600288391, 0.9983333349227905, 0.9997222423553467, 0.9988889098167419, 1.0, 0.9999999403953552, 0.9994444251060486, 0.9988888502120972, 0.9999998807907104, 1.0, 1.0, 1.0, 0.9988889098167419, 1.0, 0.9999999403953552, 1.0, 1.0, 1.0, 0.9999999403953552, 1.0, 0.9999999403953552, 1.0], "f1": [0.6527842709637032, 0.7757009238811369, 0.8385460500984753, 0.8857625152541663, 0.8894444704055786, 0.9032998553229987, 0.925811009628102, 0.9449081907219815, 0.9398937833927463, 0.9372007838873551, 0.9458705321202596, 0.9492187561931762, 0.9447544871435063, 0.9457190793503555, 0.9572506284881495, 0.952037712584714, 0.9609593011833132, 0.9494554434493605, 0.9682804479284324, 0.9529641160799786, 0.9500975685164433, 0.9600893190071947, 0.9702198633560248, 0.96302475100068, 0.9570312498479466, 0.9584610930277586, 0.9682628167277465, 0.9716509260549483, 0.9745011101876683, 0.9786407897028241], "val_f1": [0.13846154112875814, 0.363636365806884, 0.3555555582046509, 0.8421052727342643, 0.9411764743006353, 0.9411764743006353, 0.9411764743006353, 0.8888888955116272, 0.8000000157952307, 0.8000000157952307, 0.8750000083819031, 0.9411764743006353, 0.8000000143051146, 0.8750000083819031, 0.9473684078438459, 0.8888888955116272, 1.0, 0.9411764743006353, 0.9411764743006353, 0.9411764743006353, 0.9411764743006353, 0.8750000083819031, 0.9411764743006353, 0.8750000083819031, 0.9411764743006353, 1.0, 0.9411764743006353, 0.9411764743006353, 0.9411764743006353, 0.9411764743006353]}