{"loss": [29.296634674072266, 10.033682823181152, 4.411469459533691, 2.069019317626953, 1.0048565864562988, 0.5790370106697083, 0.36757609248161316, 0.34284457564353943, 0.316805362701416, 0.3405018150806427, 0.24779710173606873, 0.24218960106372833, 0.22559233009815216, 0.17333932220935822, 0.21067219972610474, 0.1790010929107666, 0.18240106105804443, 0.1676488220691681, 0.16594485938549042, 0.1707768589258194, 0.1478991061449051, 0.15797165036201477, 0.16841401159763336, 0.18351568281650543, 0.15049056708812714, 0.1275770515203476, 0.1269128918647766, 0.16270647943019867, 0.12076215445995331, 0.11914395540952682], "accuracy": [0.573792040348053, 0.6727777719497681, 0.8119444251060486, 0.823888897895813, 0.8700000047683716, 0.894444465637207, 0.9213888645172119, 0.9069444537162781, 0.9172222018241882, 0.9044444561004639, 0.9377777576446533, 0.9338889122009277, 0.9402777552604675, 0.9594444632530212, 0.9427777528762817, 0.9541666507720947, 0.9538888931274414, 0.9599999785423279, 0.9616666436195374, 0.9588888883590698, 0.9638888835906982, 0.9574999809265137, 0.9555555582046509, 0.9469444155693054, 0.964722216129303, 0.9719444513320923, 0.971666693687439, 0.9558333158493042, 0.9755555391311646, 0.9733333587646484], "precision": [0.5358666181564331, 0.6246992945671082, 0.8188529014587402, 0.8308740258216858, 0.8903868794441223, 0.9156908392906189, 0.9292586445808411, 0.9136081337928772, 0.9242937564849854, 0.9277320504188538, 0.9482366442680359, 0.9338889122009277, 0.9479932188987732, 0.9594444632530212, 0.9482564926147461, 0.95391446352005, 0.9564245939254761, 0.9610245227813721, 0.9658071994781494, 0.9624860286712646, 0.9628602862358093, 0.9547211527824402, 0.962232232093811, 0.9457063674926758, 0.9649805426597595, 0.9701161980628967, 0.9737723469734192, 0.9571030735969543, 0.9729281663894653, 0.9728080034255981], "recall": [0.7643805146217346, 0.8655555844306946, 0.801111102104187, 0.8133333325386047, 0.8438888788223267, 0.8688889145851135, 0.9122222065925598, 0.898888885974884, 0.9088888764381409, 0.8772222399711609, 0.926111102104187, 0.9338889122009277, 0.9316666722297668, 0.9594444632530212, 0.9366666674613953, 0.9544444680213928, 0.9511111378669739, 0.9588888883590698, 0.9572222232818604, 0.9549999833106995, 0.9649999737739563, 0.9605555534362793, 0.9483333230018616, 0.9483333230018616, 0.9644444584846497, 0.9738888740539551, 0.9694444537162781, 0.9544444680213928, 0.9783333539962769, 0.9738888740539551], "auc": [0.6487116813659668, 0.7700693607330322, 0.887293815612793, 0.8990693688392639, 0.9434603452682495, 0.9561193585395813, 0.977325975894928, 0.9688997268676758, 0.9693228602409363, 0.963056206703186, 0.9837841987609863, 0.9832084774971008, 0.9854521751403809, 0.9932135939598083, 0.9863245487213135, 0.9923422336578369, 0.99107426404953, 0.9926053881645203, 0.991910457611084, 0.9914623498916626, 0.9940638542175293, 0.9927899837493896, 0.991706371307373, 0.9893633127212524, 0.9942931532859802, 0.9963029623031616, 0.9955971837043762, 0.9923234581947327, 0.9968588948249817, 0.9967402219772339], "val_loss": [14.978384017944336, 6.111536026000977, 2.615161418914795, 1.1966559886932373, 0.4881705641746521, 0.2814120650291443, 0.19607368111610413, 0.13519011437892914, 0.13765142858028412, 0.1382654905319214, 0.11903193593025208, 0.0906999483704567, 0.08530999720096588, 0.07867373526096344, 0.0903143584728241, 0.08020450174808502, 0.07181110233068466, 0.0665021613240242, 0.06276841461658478, 0.062097493559122086, 0.05986353009939194, 0.05978007987141609, 0.06262682378292084, 0.07637336850166321, 0.06384068727493286, 0.059959158301353455, 0.04884044826030731, 0.056545063853263855, 0.06369248032569885, 0.04706507548689842], "val_accuracy": [0.6875, 0.9086538553237915, 0.9615384340286255, 0.9519230723381042, 0.9855769276618958, 0.9903846383094788, 0.9855769276618958, 0.9855769276618958, 0.9807692170143127, 0.995192289352417, 0.9903846383094788, 0.9903846383094788, 0.995192289352417, 0.995192289352417, 0.9903846383094788, 0.995192289352417, 1.0, 0.995192289352417, 1.0, 0.995192289352417, 0.995192289352417, 0.995192289352417, 1.0, 0.995192289352417, 0.995192289352417, 0.995192289352417, 1.0, 1.0, 0.995192289352417, 1.0], "val_precision": [0.0746268630027771, 0.260869562625885, 0.5, 0.4375, 0.8571428656578064, 0.875, 0.7272727489471436, 0.8571428656578064, 1.0, 0.8888888955116272, 0.800000011920929, 0.875, 1.0, 1.0, 0.875, 1.0, 1.0, 1.0, 1.0, 1.0, 1.0, 1.0, 1.0, 1.0, 1.0, 1.0, 1.0, 1.0, 1.0, 1.0], "val_recall": [0.625, 0.75, 0.875, 0.875, 0.75, 0.875, 1.0, 0.75, 0.5, 1.0, 1.0, 0.875, 0.875, 0.875, 0.875, 0.875, 1.0, 0.875, 1.0, 0.875, 0.875, 0.875, 1.0, 0.875, 0.875, 0.875, 1.0, 1.0, 0.875, 1.0], "val_auc": [0.7318750023841858, 0.9362500309944153, 0.9728124737739563, 0.9784375429153442, 0.9921875, 0.9959374666213989, 0.9984375238418579, 0.9987499713897705, 0.9993749856948853, 0.9987499713897705, 0.9993749856948853, 0.9993749856948853, 0.9993749260902405, 1.0, 0.9993749856948853, 1.0, 1.0, 1.0, 1.0, 1.0, 1.0, 0.9999999403953552, 1.0, 1.0, 1.0, 1.0, 1.0, 1.0, 1.0, 1.0], "f1": [0.6300433064287401, 0.7256637379588451, 0.809884847942352, 0.8220101155796399, 0.8665145457182474, 0.8916761693825208, 0.9206616193859345, 0.9061887425424824, 0.9165265901421568, 0.9017704123527838, 0.9370432838605736, 0.9338889122009277, 0.9397590401501061, 0.9594444632530212, 0.9424259488648934, 0.9541793921722053, 0.9537604655590216, 0.9599555177733237, 0.9614955484344413, 0.9587283928791288, 0.963928942610014, 0.9576294666046372, 0.9552322219221916, 0.9470180235073965, 0.9647124260976221, 0.9719988752953092, 0.9716035808465717, 0.9557719219972941, 0.9756232737404505, 0.9733481386721778], "val_f1": [0.13333332907358802, 0.38709677134046444, 0.6363636363636364, 0.5833333333333334, 0.8000000037087335, 0.875, 0.8421052776875586, 0.8000000037087335, 0.6666666666666666, 0.9411764743006353, 0.888888896247487, 0.875, 0.9333333333333333, 0.9333333333333333, 0.875, 0.9333333333333333, 1.0, 0.9333333333333333, 1.0, 0.9333333333333333, 0.9333333333333333, 0.9333333333333333, 1.0, 0.9333333333333333, 0.9333333333333333, 0.9333333333333333, 1.0, 1.0, 0.9333333333333333, 1.0]}