{"loss": [29.32356071472168, 10.013945579528809, 4.425729751586914, 2.00205659866333, 0.9659401178359985, 0.5773439407348633, 0.3384092450141907, 0.29235443472862244, 0.2599758803844452, 0.20999737083911896, 0.2592400014400482, 0.25727981328964233, 0.22105778753757477, 0.21635740995407104, 0.19964510202407837, 0.18398205935955048, 0.19773253798484802, 0.16495904326438904, 0.20255738496780396, 0.15552257001399994, 0.14706265926361084, 0.1428491622209549, 0.1294918954372406, 0.14714078605175018, 0.16227392852306366, 0.1444837898015976, 0.12871837615966797, 0.11568678170442581, 0.1156209334731102, 0.11517006903886795], "accuracy": [0.6265756487846375, 0.7758333086967468, 0.8294444680213928, 0.8797222375869751, 0.9002777934074402, 0.8986111283302307, 0.9375, 0.9311110973358154, 0.9363889098167419, 0.9511111378669739, 0.9233333468437195, 0.929444432258606, 0.9388889074325562, 0.9388889074325562, 0.9444444179534912, 0.9527778029441833, 0.9511111378669739, 0.9574999809265137, 0.9397222399711609, 0.9622222185134888, 0.964722216129303, 0.9652777910232544, 0.9683333039283752, 0.9619444608688354, 0.956944465637207, 0.9652777910232544, 0.9713888764381409, 0.9755555391311646, 0.9744444489479065, 0.9719444513320923], "precision": [0.5975732803344727, 0.7662198543548584, 0.8290787935256958, 0.8953152298927307, 0.9119496941566467, 0.9046813249588013, 0.9436619877815247, 0.9414107203483582, 0.9400560259819031, 0.9536312818527222, 0.9334471225738525, 0.9427262544631958, 0.9458239078521729, 0.9493743181228638, 0.9545454382896423, 0.9573512673377991, 0.9587570428848267, 0.9639436602592468, 0.9484419226646423, 0.9658454656600952, 0.969153106212616, 0.9686625599861145, 0.9693763852119446, 0.9679234623908997, 0.9602686166763306, 0.9645035862922668, 0.9721758365631104, 0.9745011329650879, 0.9733924865722656, 0.9722067713737488], "recall": [0.653761088848114, 0.7938888669013977, 0.8299999833106995, 0.8600000143051147, 0.8861111402511597, 0.8911111354827881, 0.9305555820465088, 0.9194444417953491, 0.9322222471237183, 0.9483333230018616, 0.9116666913032532, 0.9144444465637207, 0.9311110973358154, 0.9272222518920898, 0.9333333373069763, 0.9477777481079102, 0.9427777528762817, 0.9505555629730225, 0.9300000071525574, 0.9583333134651184, 0.9599999785423279, 0.9616666436195374, 0.9672222137451172, 0.9555555582046509, 0.95333331823349, 0.9661111235618591, 0.9705555438995361, 0.9766666889190674, 0.9755555391311646, 0.971666693687439], "auc": [0.6795435547828674, 0.8393746614456177, 0.9083342552185059, 0.9479449391365051, 0.9626574516296387, 0.9603728652000427, 0.9826474785804749, 0.9798699617385864, 0.9822808504104614, 0.9890018701553345, 0.9783034324645996, 0.9783096313476562, 0.9851109981536865, 0.98560631275177, 0.9887831807136536, 0.9904739260673523, 0.986327588558197, 0.9931039810180664, 0.9861913919448853, 0.9938538670539856, 0.9940233826637268, 0.9939783811569214, 0.9953309297561646, 0.9934533834457397, 0.9919787645339966, 0.9938514232635498, 0.9953421354293823, 0.9958438873291016, 0.9963586330413818, 0.9968313574790955], "val_loss": [14.916960716247559, 6.1455607414245605, 2.6463534832000732, 1.2582823038101196, 0.8333550095558167, 0.2554454803466797, 0.14473439753055573, 0.14117738604545593, 0.09955264627933502, 0.09265805780887604, 0.18264271318912506, 0.08192209899425507, 0.08524080365896225, 0.07805129140615463, 0.08021748811006546, 0.06460092961788177, 0.07663749903440475, 0.06586463004350662, 0.06816260516643524, 0.05836504325270653, 0.059470947831869125, 0.05621657893061638, 0.05382298678159714, 0.051196932792663574, 0.06242701783776283, 0.04992860555648804, 0.047904059290885925, 0.04685693606734276, 0.04524070769548416, 0.05248143896460533], "val_accuracy": [0.9182692170143127, 0.9086538553237915, 0.9759615659713745, 0.9086538553237915, 0.8317307829856873, 0.995192289352417, 0.995192289352417, 0.9855769276618958, 0.9903846383094788, 0.9903846383094788, 0.9903846383094788, 1.0, 1.0, 0.995192289352417, 1.0, 1.0, 0.9903846383094788, 0.9903846383094788, 0.995192289352417, 1.0, 0.995192289352417, 0.995192289352417, 0.995192289352417, 1.0, 0.995192289352417, 1.0, 1.0, 1.0, 1.0, 0.9903846383094788], "val_precision": [0.20000000298023224, 0.2380952388048172, 0.7142857313156128, 0.2800000011920929, 0.1860465109348297, 1.0, 1.0, 0.7777777910232544, 1.0, 1.0, 0.800000011920929, 1.0, 1.0, 1.0, 1.0, 1.0, 1.0, 1.0, 1.0, 1.0, 1.0, 1.0, 1.0, 1.0, 1.0, 1.0, 1.0, 1.0, 1.0, 1.0], "val_recall": [0.375, 0.625, 0.625, 0.875, 1.0, 0.875, 0.875, 0.875, 0.75, 0.75, 1.0, 1.0, 1.0, 0.875, 1.0, 1.0, 0.75, 0.75, 0.875, 1.0, 0.875, 0.875, 0.875, 1.0, 0.875, 1.0, 1.0, 1.0, 1.0, 0.75], "val_auc": [0.8340624570846558, 0.9250000715255737, 0.9390624761581421, 0.9834375381469727, 0.9937500357627869, 0.9990624785423279, 1.0, 0.9987499713897705, 0.9999999403953552, 1.0, 0.9993749856948853, 1.0, 1.0, 0.9999999403953552, 1.0, 1.0, 1.0, 1.0, 1.0, 0.9999999403953552, 1.0, 1.0, 1.0, 1.0, 1.0, 1.0, 1.0, 1.0, 1.0, 1.0], "f1": [0.6244057032864891, 0.7798090013641006, 0.8295391326766886, 0.8773023684041455, 0.8988447641783907, 0.897844957580311, 0.9370629583584299, 0.930297931703304, 0.9361227479389811, 0.9509749236443445, 0.922428354655554, 0.9283700066418312, 0.9384098376261898, 0.9381675392611258, 0.9438202188045384, 0.9525404536378814, 0.9507002579813143, 0.9572028001192245, 0.9391304366249312, 0.9620747255326287, 0.9645548282515141, 0.9651519244714887, 0.9682981013844315, 0.9616997476977359, 0.9567883999601733, 0.9653066856645581, 0.9713650145464751, 0.9755827091918906, 0.9744728125127858, 0.9719366575041293], "val_f1": [0.2608695677525605, 0.3448275869510687, 0.6666666740841335, 0.4242424256107586, 0.3137254892106883, 0.9333333333333333, 0.9333333333333333, 0.8235294191895058, 0.8571428571428571, 0.8571428571428571, 0.888888896247487, 1.0, 1.0, 0.9333333333333333, 1.0, 1.0, 0.8571428571428571, 0.8571428571428571, 0.9333333333333333, 1.0, 0.9333333333333333, 0.9333333333333333, 0.9333333333333333, 1.0, 0.9333333333333333, 1.0, 1.0, 1.0, 1.0, 0.8571428571428571]}