{"loss": [29.421628952026367, 9.961662292480469, 4.4457197189331055, 2.057546615600586, 1.0081106424331665, 0.5717194676399231, 0.36383703351020813, 0.3262794613838196, 0.3000360429286957, 0.25888267159461975, 0.22152499854564667, 0.22070492804050446, 0.274630069732666, 0.2143038958311081, 0.17141377925872803, 0.18609213829040527, 0.17558042705059052, 0.19271664321422577, 0.16576780378818512, 0.1554187685251236, 0.13930484652519226, 0.187349334359169, 0.1437581181526184, 0.1351345181465149, 0.16304300725460052, 0.12401077896356583, 0.1308434158563614, 0.15620864927768707, 0.1728164404630661, 0.1144355908036232], "accuracy": [0.6266736388206482, 0.7530555725097656, 0.8113889098167419, 0.8458333611488342, 0.8747222423553467, 0.8969444632530212, 0.9238888621330261, 0.9183333516120911, 0.9172222018241882, 0.9333333373069763, 0.945277750492096, 0.9438889026641846, 0.9205555319786072, 0.9416666626930237, 0.9627777934074402, 0.9577777981758118, 0.9552778005599976, 0.948888897895813, 0.9580555558204651, 0.9616666436195374, 0.9666666388511658, 0.9480555653572083, 0.9669444561004639, 0.9680555462837219, 0.9563888907432556, 0.9713888764381409, 0.9677777886390686, 0.9580555558204651, 0.9519444704055786, 0.9763888716697693], "precision": [0.5762711763381958, 0.738856852054596, 0.8197376132011414, 0.853091299533844, 0.879572331905365, 0.9061967134475708, 0.9340159296989441, 0.9202008843421936, 0.926220178604126, 0.9411764740943909, 0.9525691866874695, 0.9509029388427734, 0.9340596199035645, 0.9471316337585449, 0.9638084769248962, 0.9587973356246948, 0.9555308222770691, 0.9611872434616089, 0.9613878130912781, 0.9684329032897949, 0.9692737460136414, 0.9513150453567505, 0.9692909121513367, 0.9677956700325012, 0.9566425681114197, 0.9721758365631104, 0.970391035079956, 0.9613878130912781, 0.9506925344467163, 0.981471061706543], "recall": [0.8081812858581543, 0.7827777862548828, 0.7983333468437195, 0.8355555534362793, 0.8683333396911621, 0.8855555653572083, 0.9122222065925598, 0.9161111116409302, 0.9066666960716248, 0.9244444370269775, 0.9372222423553467, 0.9361110925674438, 0.9049999713897705, 0.9355555772781372, 0.9616666436195374, 0.9566666483879089, 0.9549999833106995, 0.9355555772781372, 0.9544444680213928, 0.9544444680213928, 0.9638888835906982, 0.9444444179534912, 0.9644444584846497, 0.9683333039283752, 0.9561111330986023, 0.9705555438995361, 0.9649999737739563, 0.9544444680213928, 0.95333331823349, 0.9711111187934875], "auc": [0.691679835319519, 0.8289438486099243, 0.8873686790466309, 0.9146143794059753, 0.943656325340271, 0.9625468850135803, 0.9780645966529846, 0.9734833240509033, 0.9760782718658447, 0.9812183380126953, 0.9875385165214539, 0.985624372959137, 0.9746733903884888, 0.9870110154151917, 0.9927086234092712, 0.9895400404930115, 0.9908403158187866, 0.9901867508888245, 0.9924301505088806, 0.9930350184440613, 0.9953259229660034, 0.9870681166648865, 0.9946346282958984, 0.9944975972175598, 0.9915198087692261, 0.9957638382911682, 0.9954694509506226, 0.9921894669532776, 0.9899404048919678, 0.997744619846344], "val_loss": [14.797245025634766, 6.2036237716674805, 2.6787121295928955, 1.1619635820388794, 0.5857194662094116, 0.30003225803375244, 0.1609683632850647, 0.15562066435813904, 0.11403299868106842, 0.09762250632047653, 0.08971317112445831, 0.11269044131040573, 0.11188165843486786, 0.07467924803495407, 0.0630708783864975, 0.06785421818494797, 0.07047057896852493, 0.06682096421718597, 0.05754570662975311, 0.06755244731903076, 0.061484452337026596, 0.06285964697599411, 0.05585259199142456, 0.07075068354606628, 0.05417892709374428, 0.05743904784321785, 0.0487198606133461, 0.05828821286559105, 0.056898653507232666, 0.05231567472219467], "val_accuracy": [0.8605769276618958, 0.8125, 0.9375, 0.9519230723381042, 0.9519230723381042, 0.9807692170143127, 1.0, 0.995192289352417, 1.0, 0.995192289352417, 1.0, 1.0, 1.0, 1.0, 1.0, 1.0, 0.995192289352417, 1.0, 1.0, 0.9903846383094788, 0.995192289352417, 0.995192289352417, 1.0, 0.9855769276618958, 1.0, 0.9903846383094788, 1.0, 1.0, 0.995192289352417, 1.0], "val_precision": [0.16129031777381897, 0.1702127605676651, 0.3684210479259491, 0.4285714328289032, 0.4444444477558136, 0.6666666865348816, 1.0, 0.8888888955116272, 1.0, 1.0, 1.0, 1.0, 1.0, 1.0, 1.0, 1.0, 1.0, 1.0, 1.0, 1.0, 1.0, 1.0, 1.0, 1.0, 1.0, 1.0, 1.0, 1.0, 1.0, 1.0], "val_recall": [0.625, 1.0, 0.875, 0.75, 1.0, 1.0, 1.0, 1.0, 1.0, 0.875, 1.0, 1.0, 1.0, 1.0, 1.0, 1.0, 0.875, 1.0, 1.0, 0.75, 0.875, 0.875, 1.0, 0.625, 1.0, 0.75, 1.0, 1.0, 0.875, 1.0], "val_auc": [0.8362500071525574, 0.9737499952316284, 0.9800000190734863, 0.9843750596046448, 0.9956249594688416, 0.9987499713897705, 1.0, 1.0, 0.9999999403953552, 1.0, 1.0, 1.0, 1.0, 1.0, 1.0, 0.9999999403953552, 1.0, 1.0, 1.0, 1.0, 1.0, 1.0, 1.0, 1.0, 1.0, 1.0, 1.0, 1.0, 1.0, 1.0], "f1": [0.6728025598757494, 0.7601834454203819, 0.8088939094023487, 0.8442323765444961, 0.8739167025709266, 0.8957572454571918, 0.9229904372943192, 0.9181514436890292, 0.9163391377533152, 0.9327354239551859, 0.9448333984645371, 0.9434490408536791, 0.9193002046166261, 0.9413080167378862, 0.962736369020806, 0.9577308069597181, 0.9552653290473612, 0.9481982233926621, 0.957903558546617, 0.9613878045322893, 0.9665738149822193, 0.9478672813622888, 0.9668616120689075, 0.9680644123340149, 0.9563767767786807, 0.9713650145464751, 0.9676879959850259, 0.957903558546617, 0.9520110950259436, 0.9762636065368497], "val_f1": [0.2564102503361473, 0.290909083037337, 0.518518513858073, 0.545454548902748, 0.6153846185588272, 0.8000000143051146, 1.0, 0.9411764743006353, 1.0, 0.9333333333333333, 1.0, 1.0, 1.0, 1.0, 1.0, 1.0, 0.9333333333333333, 1.0, 1.0, 0.8571428571428571, 0.9333333333333333, 0.9333333333333333, 1.0, 0.7692307692307693, 1.0, 0.8571428571428571, 1.0, 1.0, 0.9333333333333333, 1.0]}