{"loss": [0.6725874543190002, 0.46056637167930603, 0.28745463490486145, 0.22782689332962036, 0.18489545583724976, 0.16401056945323944, 0.11417169868946075, 0.1010526716709137, 0.10855760425329208, 0.07044800370931625, 0.03428136557340622, 0.07269765436649323, 0.12092246115207672, 0.04713209345936775, 0.03199625015258789, 0.053499601781368256, 0.043770771473646164, 0.03675558790564537, 0.032885026186704636, 0.025767281651496887, 0.019515031948685646, 0.03083062916994095, 0.012603500857949257, 0.02400580234825611, 0.02656371146440506, 0.01059185341000557, 0.021216869354248047, 0.01366871502250433, 0.031025752425193787, 0.028830451890826225], "accuracy": [0.586922287940979, 0.7961111068725586, 0.8869444727897644, 0.9044444561004639, 0.925000011920929, 0.9333333373069763, 0.9586111307144165, 0.9588888883590698, 0.9580555558204651, 0.9750000238418579, 0.9863888621330261, 0.9733333587646484, 0.9552778005599976, 0.9847221970558167, 0.988611102104187, 0.9797222018241882, 0.9833333492279053, 0.9869444370269775, 0.9877777695655823, 0.991944432258606, 0.9927777647972107, 0.9880555272102356, 0.9961110949516296, 0.9916666746139526, 0.9916666746139526, 0.9969444274902344, 0.9925000071525574, 0.995555579662323, 0.9900000095367432, 0.9905555844306946], "precision": [0.6185671091079712, 0.8014705777168274, 0.8850193619728088, 0.8991228342056274, 0.9288116693496704, 0.9266958236694336, 0.9588660597801208, 0.9563536047935486, 0.9578012228012085, 0.9771205186843872, 0.9855796098709106, 0.9770436882972717, 0.9591036438941956, 0.9844530820846558, 0.9883397817611694, 0.978924036026001, 0.9822616577148438, 0.9877573847770691, 0.986157238483429, 0.9922178983688354, 0.991685152053833, 0.9888703227043152, 0.9961110949516296, 0.9916666746139526, 0.9911209940910339, 0.9961175918579102, 0.9922265410423279, 0.995555579662323, 0.9905450344085693, 0.9905555844306946], "recall": [0.33904868364334106, 0.7872222065925598, 0.8894444704055786, 0.9111111164093018, 0.9205555319786072, 0.9411110877990723, 0.9583333134651184, 0.9616666436195374, 0.9583333134651184, 0.972777783870697, 0.9872221946716309, 0.9694444537162781, 0.9511111378669739, 0.9850000143051147, 0.9888888597488403, 0.980555534362793, 0.9844444394111633, 0.9861111044883728, 0.9894444346427917, 0.9916666746139526, 0.9938889145851135, 0.9872221946716309, 0.9961110949516296, 0.9916666746139526, 0.992222249507904, 0.9977777600288391, 0.9927777647972107, 0.995555579662323, 0.9894444346427917, 0.9905555844306946], "auc": [0.6775093674659729, 0.8670774698257446, 0.9484052658081055, 0.9683225750923157, 0.9790585041046143, 0.9832082390785217, 0.9914315342903137, 0.9936400651931763, 0.9927363991737366, 0.9967770576477051, 0.9993259310722351, 0.9964364767074585, 0.9906078577041626, 0.9984580278396606, 0.9991166591644287, 0.9980776309967041, 0.9988407492637634, 0.998975932598114, 0.9988735318183899, 0.9993614554405212, 0.9995018839836121, 0.9994181990623474, 0.9996336102485657, 0.9994089007377625, 0.9990134239196777, 0.9996533393859863, 0.9992356896400452, 0.9996094107627869, 0.9986507892608643, 0.9992427229881287], "val_loss": [0.8942162394523621, 0.11400465667247772, 0.2503308951854706, 0.09464257210493088, 0.1355983316898346, 0.04869747906923294, 0.038276996463537216, 0.06663045287132263, 0.02782479301095009, 0.031714364886283875, 0.04637254774570465, 0.03506993502378464, 0.05052444711327553, 0.020241882652044296, 0.005297520197927952, 0.08808764815330505, 0.06138820946216583, 0.023929230868816376, 0.006297450978308916, 0.04211076721549034, 0.06780222058296204, 0.039542339742183685, 0.043311383575201035, 0.0717993974685669, 0.039832953363657, 0.06962774693965912, 0.08974584937095642, 0.0038283271715044975, 0.01625959947705269, 0.03147529438138008], "val_accuracy": [0.08173076808452606, 0.9519230723381042, 0.8990384340286255, 0.9711538553237915, 0.9182692170143127, 0.9855769276618958, 0.9903846383094788, 0.9855769276618958, 0.9903846383094788, 0.9855769276618958, 0.9855769276618958, 0.9807692170143127, 0.9855769276618958, 0.9903846383094788, 0.995192289352417, 0.9855769276618958, 0.9855769276618958, 0.9903846383094788, 0.995192289352417, 0.9903846383094788, 0.9855769276618958, 0.9903846383094788, 0.9903846383094788, 0.9855769276618958, 0.9903846383094788, 0.9855769276618958, 0.9855769276618958, 1.0, 0.9903846383094788, 0.9903846383094788], "val_precision": [0.04020100459456444, 0.4166666567325592, 0.23999999463558197, 0.6000000238418579, 0.2857142984867096, 1.0, 1.0, 1.0, 1.0, 1.0, 1.0, 1.0, 1.0, 1.0, 1.0, 1.0, 1.0, 1.0, 1.0, 1.0, 1.0, 1.0, 1.0, 1.0, 1.0, 1.0, 1.0, 1.0, 1.0, 1.0], "val_recall": [1.0, 0.625, 0.75, 0.75, 0.75, 0.625, 0.75, 0.625, 0.75, 0.625, 0.625, 0.5, 0.625, 0.75, 0.875, 0.625, 0.625, 0.75, 0.875, 0.75, 0.625, 0.75, 0.75, 0.625, 0.75, 0.625, 0.625, 1.0, 0.75, 0.75], "val_auc": [0.4115625023841858, 0.9428125023841858, 0.947812557220459, 0.9665625095367432, 0.9706249833106995, 0.9837499260902405, 0.9940625429153442, 0.9353125095367432, 0.9978125095367432, 1.0, 1.0, 1.0, 1.0, 1.0, 1.0, 0.875, 1.0, 1.0, 1.0, 1.0, 0.9375, 1.0, 1.0, 0.9375, 1.0, 0.9375, 0.875, 1.0, 1.0, 1.0], "f1": [0.43801358681767033, 0.7942824980898058, 0.8872263985831754, 0.9050772790819723, 0.9246651717106457, 0.9338478290421545, 0.9585996126035479, 0.9590027654777731, 0.9580671942551373, 0.9749443152956765, 0.9864002184507213, 0.9732292370180723, 0.9550906702078088, 0.9847264722512503, 0.988614244515305, 0.9797391059867994, 0.9833518372645943, 0.9869335581029942, 0.9877981017864756, 0.9919422099124358, 0.9927858103559546, 0.9880455713906962, 0.9961110949516296, 0.9916666746139526, 0.991671316062301, 0.9969469847941743, 0.9925020763840089, 0.995555579662323, 0.989994428635204, 0.9905555844306946], "val_f1": [0.07729468519448977, 0.49999999284744256, 0.363636357478859, 0.6666666813838626, 0.4137931168433742, 0.7692307692307693, 0.8571428571428571, 0.7692307692307693, 0.8571428571428571, 0.7692307692307693, 0.7692307692307693, 0.6666666666666666, 0.7692307692307693, 0.8571428571428571, 0.9333333333333333, 0.7692307692307693, 0.7692307692307693, 0.8571428571428571, 0.9333333333333333, 0.8571428571428571, 0.7692307692307693, 0.8571428571428571, 0.8571428571428571, 0.7692307692307693, 0.8571428571428571, 0.7692307692307693, 0.7692307692307693, 1.0, 0.8571428571428571, 0.8571428571428571]}