{"loss": [0.6284435987472534, 0.423941045999527, 0.25109654664993286, 0.18787899613380432, 0.20873424410820007, 0.1358662098646164, 0.08950711786746979, 0.07353042811155319, 0.051934171468019485, 0.04144591465592384, 0.06352479010820389, 0.06789522618055344, 0.029184160754084587, 0.029628228396177292, 0.037493620067834854, 0.03702579066157341, 0.05182211101055145, 0.030914584174752235, 0.02450995333492756, 0.02151034027338028, 0.020521752536296844, 0.022179853171110153, 0.013844187371432781, 0.031190238893032074, 0.015225041657686234, 0.012995395809412003, 0.009883752092719078, 0.010421931743621826, 0.03805982694029808, 0.04538394883275032], "accuracy": [0.6911764740943909, 0.8349999785423279, 0.8869444727897644, 0.9236111044883728, 0.914722204208374, 0.9449999928474426, 0.9672222137451172, 0.972777783870697, 0.9813888669013977, 0.9861111044883728, 0.977222204208374, 0.9750000238418579, 0.9894444346427917, 0.9908333420753479, 0.9866666793823242, 0.9863888621330261, 0.9816666841506958, 0.9911110997200012, 0.991944432258606, 0.9936110973358154, 0.9933333396911621, 0.992222249507904, 0.9950000047683716, 0.9900000095367432, 0.9952777624130249, 0.9963889122009277, 0.9963889122009277, 0.9969444274902344, 0.9863888621330261, 0.9816666841506958], "precision": [0.7041343450546265, 0.8437856435775757, 0.8946175575256348, 0.9305477142333984, 0.9126589298248291, 0.9474860429763794, 0.9651548862457275, 0.9722530245780945, 0.9779371023178101, 0.985571563243866, 0.9740617871284485, 0.9718543291091919, 0.9889011979103088, 0.9883913993835449, 0.9872080087661743, 0.9834345579147339, 0.9832776188850403, 0.9867841601371765, 0.9900387525558472, 0.9933370351791382, 0.9927858114242554, 0.992222249507904, 0.9939024448394775, 0.9894561767578125, 0.9944536685943604, 0.9961132407188416, 0.9950138330459595, 0.9972206950187683, 0.987200915813446, 0.9811320900917053], "recall": [0.6028761267662048, 0.8222222328186035, 0.8772222399711609, 0.9155555367469788, 0.9172222018241882, 0.9422222375869751, 0.9694444537162781, 0.9733333587646484, 0.9850000143051147, 0.9866666793823242, 0.980555534362793, 0.9783333539962769, 0.9900000095367432, 0.9933333396911621, 0.9861111044883728, 0.9894444346427917, 0.9800000190734863, 0.995555579662323, 0.9938889145851135, 0.9938889145851135, 0.9938889145851135, 0.992222249507904, 0.9961110949516296, 0.9905555844306946, 0.9961110949516296, 0.996666669845581, 0.9977777600288391, 0.996666669845581, 0.9855555295944214, 0.9822221994400024], "auc": [0.7669707536697388, 0.8971091508865356, 0.96217280626297, 0.9786322712898254, 0.9733266830444336, 0.9885352849960327, 0.9944324493408203, 0.9964540600776672, 0.9980285167694092, 0.9985141158103943, 0.9971411228179932, 0.9964724779129028, 0.9991456866264343, 0.9988173842430115, 0.9986938238143921, 0.9986573457717896, 0.9978115558624268, 0.9986795783042908, 0.9991448521614075, 0.9996416568756104, 0.9995372295379639, 0.9994255900382996, 0.9998472929000854, 0.9984321594238281, 0.9998590350151062, 0.9996151328086853, 0.9999287128448486, 0.9996538162231445, 0.9986332058906555, 0.9983511567115784], "val_loss": [0.37353065609931946, 0.15885676443576813, 0.060171350836753845, 0.0459451861679554, 0.07589520514011383, 0.02091720513999462, 0.02605409361422062, 0.01261337473988533, 0.04691540449857712, 0.03587358817458153, 0.007569856476038694, 0.008471249602735043, 0.02672538533806801, 0.03743704408407211, 0.004676283337175846, 0.04203401505947113, 0.024139422923326492, 0.008012983947992325, 0.04460075870156288, 0.026484359055757523, 0.016786515712738037, 0.01846986636519432, 0.045474711805582047, 0.0017020179657265544, 0.0007361505413427949, 0.11616596579551697, 0.06016537919640541, 0.09504091739654541, 0.009056582115590572, 0.0024387578014284372], "val_accuracy": [0.8509615659713745, 0.9471153616905212, 0.9663461446762085, 0.9711538553237915, 0.9663461446762085, 0.9903846383094788, 0.995192289352417, 0.995192289352417, 0.9903846383094788, 0.9855769276618958, 0.995192289352417, 0.995192289352417, 0.995192289352417, 0.995192289352417, 1.0, 0.9903846383094788, 0.995192289352417, 0.995192289352417, 0.995192289352417, 0.995192289352417, 0.995192289352417, 0.995192289352417, 0.995192289352417, 1.0, 1.0, 0.9807692170143127, 0.995192289352417, 0.9855769276618958, 0.995192289352417, 1.0], "val_precision": [0.20512820780277252, 0.42105263471603394, 0.5384615659713745, 0.5714285969734192, 0.5333333611488342, 0.800000011920929, 1.0, 1.0, 1.0, 1.0, 1.0, 1.0, 1.0, 1.0, 1.0, 1.0, 1.0, 1.0, 1.0, 1.0, 1.0, 1.0, 1.0, 1.0, 1.0, 1.0, 1.0, 1.0, 1.0, 1.0], "val_recall": [1.0, 1.0, 0.875, 1.0, 1.0, 1.0, 0.875, 0.875, 0.75, 0.625, 0.875, 0.875, 0.875, 0.875, 1.0, 0.75, 0.875, 0.875, 0.875, 0.875, 0.875, 0.875, 0.875, 1.0, 1.0, 0.5, 0.875, 0.625, 0.875, 1.0], "val_auc": [0.9731249809265137, 0.9768750071525574, 0.9912500381469727, 0.9984374642372131, 1.0, 0.9987500309944153, 0.9987499713897705, 0.9993749856948853, 0.93687504529953, 1.0, 1.0, 1.0, 0.9993749856948853, 0.9375, 1.0, 0.9375, 1.0, 1.0, 0.9375, 1.0, 1.0, 0.9996874928474426, 0.9375, 1.0, 1.0, 0.875, 0.9375, 0.9375, 1.0, 1.0], "f1": [0.6495828393451221, 0.832864388832763, 0.8858345081071987, 0.9229907498631984, 0.9149348759873438, 0.9448468090847241, 0.967294914373807, 0.9727928917304476, 0.9814558516574087, 0.986118817272911, 0.9772978737867926, 0.9750830790595008, 0.9894502986585269, 0.9908562075377775, 0.9866592517604665, 0.9864303424942624, 0.9816360830797866, 0.9911504640938373, 0.9919600976107734, 0.9936128982499546, 0.9933370567551089, 0.992222249507904, 0.9950055442417527, 0.9900055753694931, 0.9952816917522079, 0.9963898784338356, 0.9963938798060178, 0.9969436054609531, 0.9863775365331152, 0.9816768421362171], "val_f1": [0.3404255355980235, 0.5925925956995562, 0.6666666877513026, 0.7272727479619425, 0.6956521975746223, 0.888888896247487, 0.9333333333333333, 0.9333333333333333, 0.8571428571428571, 0.7692307692307693, 0.9333333333333333, 0.9333333333333333, 0.9333333333333333, 0.9333333333333333, 1.0, 0.8571428571428571, 0.9333333333333333, 0.9333333333333333, 0.9333333333333333, 0.9333333333333333, 0.9333333333333333, 0.9333333333333333, 0.9333333333333333, 1.0, 1.0, 0.6666666666666666, 0.9333333333333333, 0.7692307692307693, 0.9333333333333333, 1.0]}