{"loss": [0.6931756734848022, 0.5249693393707275, 0.28642165660858154, 0.20759056508541107, 0.19974589347839355, 0.12725792825222015, 0.07258225232362747, 0.04283060133457184, 0.0407111681997776, 0.03104083426296711, 0.0781712681055069, 0.08696179836988449, 0.030510181561112404, 0.035596176981925964, 0.017683064565062523, 0.028203638270497322, 0.04662075638771057, 0.026110369712114334, 0.0177417304366827, 0.006670014932751656, 0.011316370218992233, 0.02787666767835617, 0.030562279745936394, 0.019576415419578552, 0.016943030059337616, 0.008030747063457966, 0.004125431180000305, 0.007377220783382654, 0.015117893926799297, 0.008446862921118736], "accuracy": [0.5326857566833496, 0.7583333253860474, 0.8877778053283691, 0.9166666865348816, 0.9211111068725586, 0.9519444704055786, 0.9741666913032532, 0.98416668176651, 0.9858333468437195, 0.9883333444595337, 0.976111114025116, 0.9633333086967468, 0.987500011920929, 0.988611102104187, 0.9936110973358154, 0.992222249507904, 0.9858333468437195, 0.9908333420753479, 0.9958333373069763, 0.9969444274902344, 0.9963889122009277, 0.9925000071525574, 0.9905555844306946, 0.9933333396911621, 0.9952777624130249, 0.9983333349227905, 0.9986110925674438, 0.9977777600288391, 0.9963889122009277, 0.9975000023841858], "precision": [0.506747305393219, 0.8233658075332642, 0.9067599177360535, 0.9067245125770569, 0.9146608114242554, 0.9645916819572449, 0.9739033579826355, 0.9817578792572021, 0.9839513301849365, 0.9877913594245911, 0.9713971614837646, 0.9744027256965637, 0.9866888523101807, 0.9888827204704285, 0.9927898049354553, 0.9938684701919556, 0.9855635762214661, 0.9889319539070129, 0.9955580234527588, 0.9966685175895691, 0.9950138330459595, 0.9933221936225891, 0.9883849620819092, 0.9938821196556091, 0.9950027465820312, 0.9983333349227905, 0.9977814555168152, 0.997225284576416, 0.9961132407188416, 0.9955727458000183], "recall": [0.6019900441169739, 0.6577777862548828, 0.8644444346427917, 0.9288889169692993, 0.9288889169692993, 0.9383333325386047, 0.9744444489479065, 0.9866666793823242, 0.9877777695655823, 0.9888888597488403, 0.9811111092567444, 0.9516666531562805, 0.9883333444595337, 0.9883333444595337, 0.9944444298744202, 0.9905555844306946, 0.9861111044883728, 0.9927777647972107, 0.9961110949516296, 0.9972222447395325, 0.9977777600288391, 0.9916666746139526, 0.9927777647972107, 0.9927777647972107, 0.995555579662323, 0.9983333349227905, 0.9994444251060486, 0.9983333349227905, 0.996666669845581, 0.9994444251060486], "auc": [0.5691167116165161, 0.8416941165924072, 0.9486587047576904, 0.9734075665473938, 0.9760842323303223, 0.9900177121162415, 0.9964699745178223, 0.9985277652740479, 0.9982337355613708, 0.9988987445831299, 0.9946574568748474, 0.9957531690597534, 0.9991379380226135, 0.9987038969993591, 0.9992600679397583, 0.9985489249229431, 0.9978113770484924, 0.9993007779121399, 0.9995331168174744, 0.9999781847000122, 0.9996620416641235, 0.9985867142677307, 0.9989001154899597, 0.9991952180862427, 0.9993022084236145, 0.9996916055679321, 0.9999935626983643, 0.9999702572822571, 0.999354898929596, 0.9996772408485413], "val_loss": [0.5755189657211304, 0.12618039548397064, 0.06731414049863815, 0.058756716549396515, 0.03186637535691261, 0.012681315653026104, 0.0044882651418447495, 0.023807333782315254, 0.013057529926300049, 0.01056468952447176, 0.057186443358659744, 0.03344530239701271, 0.013977940194308758, 0.012074170634150505, 0.03252985700964928, 0.055387530475854874, 0.020747391507029533, 0.055373433977365494, 0.03158038109540939, 0.03539876639842987, 0.059750135987997055, 0.011830030009150505, 0.05736592039465904, 0.06826439499855042, 0.03932041674852371, 0.057197168469429016, 0.04728281497955322, 0.03402773290872574, 0.045689377933740616, 0.04839770123362541], "val_accuracy": [0.9615384340286255, 0.9471153616905212, 0.9807692170143127, 0.9807692170143127, 0.9855769276618958, 1.0, 1.0, 0.9903846383094788, 0.9903846383094788, 0.995192289352417, 0.9759615659713745, 0.9855769276618958, 0.995192289352417, 0.995192289352417, 0.9903846383094788, 0.9903846383094788, 0.9903846383094788, 0.9903846383094788, 0.9903846383094788, 0.9903846383094788, 0.9855769276618958, 0.9903846383094788, 0.9903846383094788, 0.9855769276618958, 0.9903846383094788, 0.9855769276618958, 0.9903846383094788, 0.9903846383094788, 0.9855769276618958, 0.9903846383094788], "val_precision": [0.0, 0.4117647111415863, 0.699999988079071, 1.0, 1.0, 1.0, 1.0, 1.0, 1.0, 1.0, 0.800000011920929, 0.8571428656578064, 1.0, 1.0, 1.0, 1.0, 1.0, 1.0, 1.0, 1.0, 0.8571428656578064, 0.875, 1.0, 0.8571428656578064, 1.0, 0.8571428656578064, 1.0, 1.0, 0.8571428656578064, 1.0], "val_recall": [0.0, 0.875, 0.875, 0.5, 0.625, 1.0, 1.0, 0.75, 0.75, 0.875, 0.5, 0.75, 0.875, 0.875, 0.75, 0.75, 0.75, 0.75, 0.75, 0.75, 0.75, 0.875, 0.75, 0.75, 0.75, 0.75, 0.75, 0.75, 0.75, 0.75], "val_auc": [0.9825000166893005, 0.9828124642372131, 0.9925000667572021, 0.9965625405311584, 0.9981249570846558, 1.0, 1.0, 1.0, 1.0, 1.0, 0.9956250786781311, 0.9987500309944153, 0.9993749856948853, 1.0, 0.9375, 0.9375, 1.0, 0.9375, 1.0, 1.0, 0.9987500309944153, 0.9993749856948853, 0.875, 0.996874988079071, 1.0, 0.9987500309944153, 0.9375, 1.0, 0.9365625381469727, 0.9375], "f1": [0.5502779046175121, 0.7313156407368023, 0.8850967008875437, 0.9176729009717112, 0.9217199595244805, 0.9512813385447602, 0.974173828329961, 0.9842061586080085, 0.9858608369822622, 0.9883398049074484, 0.9762299713800809, 0.9629004967020497, 0.9875104137458608, 0.9886079561420119, 0.9936164285622133, 0.9922092619719205, 0.9858372643314238, 0.990851127659911, 0.9958344824103014, 0.9969453042762472, 0.9963938798060178, 0.992493743750876, 0.9905764933914226, 0.9933296352791405, 0.9952790863536618, 0.9983333349227905, 0.9986122479841689, 0.9977790021225664, 0.9963898784338356, 0.9975048286180379], "val_f1": [0, 0.560000004863739, 0.7777777704191796, 0.6666666666666666, 0.7692307692307693, 1.0, 1.0, 0.8571428571428571, 0.8571428571428571, 0.9333333333333333, 0.6153846189115174, 0.8000000037087335, 0.9333333333333333, 0.9333333333333333, 0.8571428571428571, 0.8571428571428571, 0.8571428571428571, 0.8571428571428571, 0.8571428571428571, 0.8571428571428571, 0.8000000037087335, 0.875, 0.8571428571428571, 0.8000000037087335, 0.8571428571428571, 0.8000000037087335, 0.8571428571428571, 0.8571428571428571, 0.8000000037087335, 0.8571428571428571]}