{"loss": [0.6523985266685486, 0.34848496317863464, 0.25334984064102173, 0.22474254667758942, 0.16997714340686798, 0.1393938958644867, 0.09612119197845459, 0.09634307026863098, 0.07577656209468842, 0.0618220679461956, 0.05135367810726166, 0.03982769325375557, 0.028712073341012, 0.026848886162042618, 0.015706883743405342, 0.03616296499967575, 0.0367145873606205, 0.025600824505090714, 0.03007662482559681, 0.009420854970812798, 0.02494688704609871, 0.02040419913828373, 0.013091648928821087, 0.022496463730931282, 0.017187099903821945, 0.009804570116102695, 0.012485649436712265, 0.009666002355515957, 0.011588984169065952, 0.029287904500961304], "accuracy": [0.5841666460037231, 0.8563888669013977, 0.8922222256660461, 0.9052777886390686, 0.9344444274902344, 0.9377777576446533, 0.9627777934074402, 0.965833306312561, 0.9680555462837219, 0.9783333539962769, 0.9813888669013977, 0.9855555295944214, 0.988611102104187, 0.9911110997200012, 0.9936110973358154, 0.9880555272102356, 0.9863888621330261, 0.992222249507904, 0.9897222518920898, 0.9969444274902344, 0.9894444346427917, 0.9958333373069763, 0.9941666722297668, 0.9911110997200012, 0.9941666722297668, 0.996666669845581, 0.995555579662323, 0.996666669845581, 0.9972222447395325, 0.9916666746139526], "precision": [0.6141672730445862, 0.8626342415809631, 0.8957399129867554, 0.9133144617080688, 0.9408117532730103, 0.944695234298706, 0.9643255472183228, 0.9640287756919861, 0.9688369631767273, 0.9767441749572754, 0.9832682609558105, 0.9818081855773926, 0.9872575998306274, 0.9911110997200012, 0.9938855171203613, 0.9877845644950867, 0.9866592288017273, 0.9905869364738464, 0.9894502758979797, 0.9961175918579102, 0.9899888634681702, 0.9955580234527588, 0.9933444261550903, 0.9900221824645996, 0.9917080998420715, 0.9961154460906982, 0.9944567680358887, 0.996666669845581, 0.9966703653335571, 0.9916666746139526], "recall": [0.45277777314186096, 0.847777783870697, 0.8877778053283691, 0.8955555558204651, 0.9272222518920898, 0.9300000071525574, 0.9611111283302307, 0.9677777886390686, 0.9672222137451172, 0.9800000190734863, 0.9794444441795349, 0.9894444346427917, 0.9900000095367432, 0.9911110997200012, 0.9933333396911621, 0.9883333444595337, 0.9861111044883728, 0.9938889145851135, 0.9900000095367432, 0.9977777600288391, 0.9888888597488403, 0.9961110949516296, 0.9950000047683716, 0.992222249507904, 0.996666669845581, 0.9972222447395325, 0.996666669845581, 0.996666669845581, 0.9977777600288391, 0.9916666746139526], "auc": [0.6553606986999512, 0.9262823462486267, 0.9611507058143616, 0.9696211218833923, 0.9821479916572571, 0.9885122179985046, 0.9941946268081665, 0.9940581321716309, 0.9963276386260986, 0.9973316192626953, 0.9979480504989624, 0.9990376830101013, 0.9992067813873291, 0.9992814064025879, 0.9998554587364197, 0.9986625909805298, 0.9989060163497925, 0.9990923404693604, 0.9994373321533203, 0.9999324083328247, 0.999407172203064, 0.9992245435714722, 0.9998922348022461, 0.999683141708374, 0.9998107552528381, 0.9996734857559204, 0.9990858435630798, 0.9999378323554993, 0.9996305704116821, 0.9987784624099731], "val_loss": [0.16115474700927734, 0.13288186490535736, 0.1220054104924202, 0.11139083653688431, 0.07420308887958527, 0.057139232754707336, 0.05238819867372513, 0.06524811685085297, 0.054016903042793274, 0.038000088185071945, 0.026770569384098053, 0.11276061832904816, 0.09941493719816208, 0.05635268986225128, 0.05415579676628113, 0.08495072275400162, 0.024676451459527016, 0.05761754885315895, 0.08228781819343567, 0.08960791677236557, 0.07107031345367432, 0.054485052824020386, 0.036529283970594406, 0.05775540694594383, 0.08689954876899719, 0.07443462312221527, 0.06997892260551453, 0.04357560724020004, 0.07037828862667084, 0.039993997663259506], "val_accuracy": [0.9186602830886841, 0.9473684430122375, 0.9473684430122375, 0.9473684430122375, 0.9712918400764465, 0.9665071964263916, 0.980861246585846, 0.9856459498405457, 0.9760765433311462, 0.9856459498405457, 0.9904305934906006, 0.980861246585846, 0.980861246585846, 0.9904305934906006, 0.9856459498405457, 0.9904305934906006, 0.9904305934906006, 0.9856459498405457, 0.9856459498405457, 0.9856459498405457, 0.9856459498405457, 0.9904305934906006, 0.9904305934906006, 0.9856459498405457, 0.9856459498405457, 0.9856459498405457, 0.9856459498405457, 0.9856459498405457, 0.9904305934906006, 0.980861246585846], "val_precision": [0.2777777910232544, 0.4166666567325592, 0.4166666567325592, 0.4166666567325592, 0.7142857313156128, 0.6000000238418579, 1.0, 1.0, 0.699999988079071, 1.0, 1.0, 1.0, 1.0, 1.0, 1.0, 1.0, 1.0, 1.0, 1.0, 1.0, 1.0, 1.0, 1.0, 1.0, 1.0, 1.0, 1.0, 1.0, 1.0, 1.0], "val_recall": [0.5555555820465088, 0.5555555820465088, 0.5555555820465088, 0.5555555820465088, 0.5555555820465088, 0.6666666865348816, 0.5555555820465088, 0.6666666865348816, 0.7777777910232544, 0.6666666865348816, 0.7777777910232544, 0.5555555820465088, 0.5555555820465088, 0.7777777910232544, 0.6666666865348816, 0.7777777910232544, 0.7777777910232544, 0.6666666865348816, 0.6666666865348816, 0.6666666865348816, 0.6666666865348816, 0.7777777910232544, 0.7777777910232544, 0.6666666865348816, 0.6666666865348816, 0.6666666865348816, 0.6666666865348816, 0.6666666865348816, 0.7777777910232544, 0.5555555820465088], "val_auc": [0.9363888502120972, 0.9649999737739563, 0.9633333086967468, 0.9691666960716248, 0.9763888120651245, 0.9897222518920898, 0.9908332824707031, 0.9888888597488403, 0.9894444346427917, 0.9941666722297668, 0.996666669845581, 0.8883333802223206, 0.8888888955116272, 0.8877778053283691, 0.9438888430595398, 0.8888888955116272, 0.9988888502120972, 0.9444444179534912, 0.8888888955116272, 0.8888888955116272, 0.9444444179534912, 0.9444444179534912, 1.0, 0.9444444179534912, 0.8888888955116272, 0.8888888955116272, 0.8888888955116272, 1.0, 0.8888888955116272, 1.0], "f1": [0.5212663786568492, 0.855141491916688, 0.8917410866516564, 0.9043478331421193, 0.9339675723935729, 0.9372900247772071, 0.9627156546196138, 0.9658996443535598, 0.9680289150786832, 0.9783693883013493, 0.9813526277294169, 0.9856115194386199, 0.9886269028548693, 0.9911110997200012, 0.9936093516905292, 0.9880588782775429, 0.9863850904982584, 0.9922351784415168, 0.9897250663812504, 0.9969469847941743, 0.9894385558775931, 0.9958344824103014, 0.9941715262097829, 0.9911209950735034, 0.9941812020515141, 0.9966685381407246, 0.995560492581305, 0.996666669845581, 0.9972237552470273, 0.9916666746139526], "val_f1": [0.37037038803100586, 0.4761904794342658, 0.4761904794342658, 0.4761904794342658, 0.6250000232830643, 0.6315789694931369, 0.7142857361812978, 0.8000000143051146, 0.7368421046027184, 0.8000000143051146, 0.8750000083819031, 0.7142857361812978, 0.7142857361812978, 0.8750000083819031, 0.8000000143051146, 0.8750000083819031, 0.8750000083819031, 0.8000000143051146, 0.8000000143051146, 0.8000000143051146, 0.8000000143051146, 0.8750000083819031, 0.8750000083819031, 0.8000000143051146, 0.8000000143051146, 0.8000000143051146, 0.8000000143051146, 0.8000000143051146, 0.8750000083819031, 0.7142857361812978]}