{"loss": [0.6511868238449097, 0.3463533818721771, 0.2560511827468872, 0.2091948240995407, 0.1356177031993866, 0.08121002465486526, 0.031921468675136566, 0.06565109640359879, 0.02600925602018833, 0.038850247859954834, 0.14566916227340698, 0.056385528296232224, 0.06225215643644333, 0.02526990883052349, 0.022326940670609474, 0.041282590478658676, 0.04734942689538002, 0.01768631674349308, 0.017602398991584778, 0.006635017693042755, 0.020301783457398415, 0.01475951075553894, 0.015217912383377552, 0.009811855852603912, 0.01065577007830143, 0.015901001170277596, 0.011836090125143528, 0.006080856546759605, 0.0054955556988716125, 0.010934465564787388], "accuracy": [0.6151220798492432, 0.8497222065925598, 0.8919444680213928, 0.9113888740539551, 0.9436110854148865, 0.9702777862548828, 0.9908333420753479, 0.9758333563804626, 0.992222249507904, 0.9869444370269775, 0.9472222328186035, 0.9797222018241882, 0.9766666889190674, 0.9933333396911621, 0.991944432258606, 0.9847221970558167, 0.980555534362793, 0.9941666722297668, 0.9947222471237183, 0.9980555772781372, 0.9930555820465088, 0.9958333373069763, 0.9952777624130249, 0.9969444274902344, 0.9972222447395325, 0.9944444298744202, 0.9969444274902344, 0.9983333349227905, 0.9980555772781372, 0.996666669845581], "precision": [0.5987334251403809, 0.8526610732078552, 0.9047619104385376, 0.9143816232681274, 0.9409165978431702, 0.9705392122268677, 0.99056077003479, 0.9745152592658997, 0.9905869364738464, 0.9888455271720886, 0.9467258453369141, 0.9783933758735657, 0.9740331768989563, 0.9922394752502441, 0.9927657246589661, 0.9855314493179321, 0.9794900417327881, 0.9927977919578552, 0.9949972033500671, 0.9977790117263794, 0.9922351837158203, 0.9950082898139954, 0.9950027465820312, 0.9972206950187683, 0.9972222447395325, 0.9928017854690552, 0.9966685175895691, 0.9983333349227905, 0.9983323812484741, 0.9950166344642639], "recall": [0.5749032497406006, 0.8455555438995361, 0.8761110901832581, 0.9077777862548828, 0.9466666579246521, 0.9700000286102295, 0.9911110997200012, 0.977222204208374, 0.9938889145851135, 0.9850000143051147, 0.9477777481079102, 0.9811111092567444, 0.9794444441795349, 0.9944444298744202, 0.9911110997200012, 0.9838888645172119, 0.9816666841506958, 0.995555579662323, 0.9944444298744202, 0.9983333349227905, 0.9938889145851135, 0.996666669845581, 0.995555579662323, 0.996666669845581, 0.9972222447395325, 0.9961110949516296, 0.9972222447395325, 0.9983333349227905, 0.9977777600288391, 0.9983333349227905], "auc": [0.6881658434867859, 0.926098644733429, 0.9605188369750977, 0.9735981225967407, 0.9887402057647705, 0.9954833984375, 0.9992835521697998, 0.99697345495224, 0.9987316131591797, 0.9986052513122559, 0.9856191277503967, 0.9974240064620972, 0.9969481825828552, 0.99904865026474, 0.9996890425682068, 0.9986447095870972, 0.9986821413040161, 0.9997726678848267, 0.9997787475585938, 0.9999721646308899, 0.9994693398475647, 0.9993481636047363, 0.9993585348129272, 0.9999484419822693, 0.999659538269043, 0.9990932941436768, 0.9996424317359924, 0.9999660849571228, 0.9999850392341614, 0.9996374249458313], "val_loss": [0.12274494022130966, 0.088648721575737, 0.10576784610748291, 0.16706161201000214, 0.040210574865341187, 0.03506207466125488, 0.027913274243474007, 0.04618289694190025, 0.043367043137550354, 0.02655876614153385, 0.027127522975206375, 0.017167270183563232, 0.0467267781496048, 0.039923302829265594, 0.03352323919534683, 0.039873652160167694, 0.08573007583618164, 0.11790461838245392, 0.061623651534318924, 0.0792970359325409, 0.042307298630476, 0.04323346167802811, 0.038576941937208176, 0.033333469182252884, 0.05696079879999161, 0.055568113923072815, 0.07708441466093063, 0.10749439150094986, 0.07492145895957947, 0.06423560529947281], "val_accuracy": [0.9760765433311462, 0.9760765433311462, 0.9617224931716919, 0.9377990365028381, 0.9856459498405457, 0.9904305934906006, 0.9952152967453003, 0.9904305934906006, 0.9904305934906006, 0.9856459498405457, 0.9904305934906006, 0.9952152967453003, 0.9904305934906006, 0.9904305934906006, 0.9952152967453003, 0.9952152967453003, 0.980861246585846, 0.9760765433311462, 0.9952152967453003, 0.9904305934906006, 0.9904305934906006, 0.9952152967453003, 0.9952152967453003, 0.9952152967453003, 0.9904305934906006, 0.9904305934906006, 0.9904305934906006, 0.9904305934906006, 0.9904305934906006, 0.9904305934906006], "val_precision": [0.75, 0.6666666865348816, 0.5333333611488342, 0.4000000059604645, 0.800000011920929, 1.0, 1.0, 1.0, 1.0, 0.800000011920929, 0.8888888955116272, 1.0, 1.0, 1.0, 1.0, 1.0, 1.0, 1.0, 1.0, 1.0, 1.0, 1.0, 1.0, 1.0, 1.0, 1.0, 1.0, 1.0, 1.0, 1.0], "val_recall": [0.6666666865348816, 0.8888888955116272, 0.8888888955116272, 0.8888888955116272, 0.8888888955116272, 0.7777777910232544, 0.8888888955116272, 0.7777777910232544, 0.7777777910232544, 0.8888888955116272, 0.8888888955116272, 0.8888888955116272, 0.7777777910232544, 0.7777777910232544, 0.8888888955116272, 0.8888888955116272, 0.5555555820465088, 0.4444444477558136, 0.8888888955116272, 0.7777777910232544, 0.7777777910232544, 0.8888888955116272, 0.8888888955116272, 0.8888888955116272, 0.7777777910232544, 0.7777777910232544, 0.7777777910232544, 0.7777777910232544, 0.7777777910232544, 0.7777777910232544], "val_auc": [0.9866666793823242, 0.9863889217376709, 0.988611102104187, 0.9869444370269775, 0.9933333396911621, 0.9424999356269836, 0.9427778124809265, 0.9444444179534912, 0.9444444179534912, 0.9977778196334839, 0.9983333349227905, 0.9977777004241943, 0.9444444179534912, 0.9444444179534912, 0.9444444179534912, 0.9444444179534912, 0.9444444179534912, 0.8888888955116272, 0.9444444179534912, 0.9444444179534912, 0.9444444179534912, 0.9444444179534912, 0.9444444179534912, 0.9444444179534912, 0.9444444179534912, 0.9444444179534912, 0.9444444179534912, 0.8888888955116272, 0.9444444179534912, 0.9444444179534912], "f1": [0.586576406836353, 0.8490934433868369, 0.8902060320234305, 0.9110677380084676, 0.9437828698090449, 0.9702695455117993, 0.9908358584614241, 0.9758668545505125, 0.9922351784415168, 0.9869190247592686, 0.9472515046935547, 0.979750357885942, 0.9767313157480931, 0.9933407289593015, 0.9919377221809975, 0.9847094719229041, 0.9805771550392441, 0.9941747733248308, 0.9947207398171997, 0.9980560963564207, 0.993061360667358, 0.995836789399777, 0.9952790863536618, 0.9969436054609531, 0.9972222447395325, 0.9944536870658082, 0.9969453042762472, 0.9983333349227905, 0.9980549935876235, 0.9966722253933289], "val_f1": [0.7058823640783763, 0.7619047773127652, 0.6666666902601716, 0.5517241448766411, 0.8421052727342643, 0.8750000083819031, 0.9411764743006353, 0.8750000083819031, 0.8750000083819031, 0.8421052727342643, 0.8888888955116272, 0.9411764743006353, 0.8750000083819031, 0.8750000083819031, 0.9411764743006353, 0.9411764743006353, 0.7142857361812978, 0.6153846185588272, 0.9411764743006353, 0.8750000083819031, 0.8750000083819031, 0.9411764743006353, 0.9411764743006353, 0.9411764743006353, 0.8750000083819031, 0.8750000083819031, 0.8750000083819031, 0.8750000083819031, 0.8750000083819031, 0.8750000083819031]}