{"loss": [0.5954485535621643, 0.32404670119285583, 0.21868036687374115, 0.13359157741069794, 0.15506011247634888, 0.08383797854185104, 0.06385956704616547, 0.06094055622816086, 0.039979927241802216, 0.04214272275567055, 0.045725658535957336, 0.02442525513470173, 0.0310346819460392, 0.05906590446829796, 0.05757756531238556, 0.058412034064531326, 0.027022330090403557, 0.03441837802529335, 0.028757693246006966, 0.012300658971071243, 0.03388546034693718, 0.017634594812989235, 0.011243417859077454, 0.010623730719089508, 0.05126248300075531, 0.016728756949305534, 0.011945564299821854, 0.00768565246835351, 0.0178188756108284, 0.026920432224869728], "accuracy": [0.6643907427787781, 0.8619444370269775, 0.9116666913032532, 0.9541666507720947, 0.9394444227218628, 0.9708333611488342, 0.9758333563804626, 0.9777777791023254, 0.9855555295944214, 0.9844444394111633, 0.9816666841506958, 0.9900000095367432, 0.9900000095367432, 0.9813888669013977, 0.9780555367469788, 0.9794444441795349, 0.9911110997200012, 0.9850000143051147, 0.9925000071525574, 0.9950000047683716, 0.9891666769981384, 0.9933333396911621, 0.996666669845581, 0.9963889122009277, 0.9827777743339539, 0.992222249507904, 0.996666669845581, 0.9980555772781372, 0.9938889145851135, 0.9916666746139526], "precision": [0.6914739608764648, 0.8589531779289246, 0.9239130616188049, 0.9584969282150269, 0.9448819160461426, 0.9695290923118591, 0.9766277074813843, 0.9756637215614319, 0.9823399782180786, 0.9828349947929382, 0.9795354008674622, 0.9894561767578125, 0.9878318309783936, 0.9789938926696777, 0.977790117263794, 0.9783813953399658, 0.9873208403587341, 0.9855394959449768, 0.9911357164382935, 0.9950000047683716, 0.9883527159690857, 0.991150438785553, 0.9977728128433228, 0.9955629706382751, 0.9865621328353882, 0.9911308288574219, 0.9961154460906982, 0.9972268342971802, 0.9955406785011292, 0.9911209940910339], "recall": [0.5293141603469849, 0.8661110997200012, 0.8972222208976746, 0.9494444727897644, 0.9333333373069763, 0.9722222089767456, 0.9750000238418579, 0.9800000190734863, 0.9888888597488403, 0.9861111044883728, 0.9838888645172119, 0.9905555844306946, 0.992222249507904, 0.9838888645172119, 0.9783333539962769, 0.980555534362793, 0.9950000047683716, 0.9844444394111633, 0.9938889145851135, 0.9950000047683716, 0.9900000095367432, 0.995555579662323, 0.995555579662323, 0.9972222447395325, 0.9788888692855835, 0.9933333396911621, 0.9972222447395325, 0.9988889098167419, 0.992222249507904, 0.992222249507904], "auc": [0.7655491828918457, 0.9358360171318054, 0.9702709913253784, 0.9885222315788269, 0.9848507642745972, 0.994744598865509, 0.9972316026687622, 0.9974215626716614, 0.9984799027442932, 0.9978696703910828, 0.9984718561172485, 0.9996484518051147, 0.998944103717804, 0.9970368146896362, 0.9976168274879456, 0.9973831176757812, 0.9994552135467529, 0.9990919828414917, 0.9992498755455017, 0.9999114274978638, 0.998760998249054, 0.9998146295547485, 0.9996545910835266, 0.9996597766876221, 0.9972583651542664, 0.9998804330825806, 0.999641478061676, 0.9994159936904907, 0.9995903968811035, 0.9982595443725586], "val_loss": [0.28704196214675903, 0.15365101397037506, 0.04452855885028839, 0.056467488408088684, 0.01784585602581501, 0.07992912828922272, 0.007285228930413723, 0.043007392436265945, 0.008573734201490879, 0.00756362359970808, 0.018794845789670944, 0.014141623862087727, 0.05215488374233246, 0.002008882351219654, 0.03032994084060192, 0.007386282552033663, 0.05649537220597267, 0.06999512016773224, 0.07548791915178299, 0.0007833745912648737, 0.02899191901087761, 0.03588800132274628, 0.02047969587147236, 0.04531840980052948, 0.018386850133538246, 0.01975638046860695, 0.01801360584795475, 0.027480244636535645, 0.019794199615716934, 0.042263470590114594], "val_accuracy": [0.870192289352417, 0.9471153616905212, 0.9807692170143127, 0.9855769276618958, 0.995192289352417, 0.9759615659713745, 1.0, 0.9855769276618958, 0.995192289352417, 0.995192289352417, 0.9903846383094788, 0.9903846383094788, 0.9903846383094788, 1.0, 0.9903846383094788, 1.0, 0.9807692170143127, 0.9807692170143127, 0.9759615659713745, 1.0, 0.9855769276618958, 0.9903846383094788, 0.995192289352417, 0.9903846383094788, 0.9855769276618958, 0.9903846383094788, 0.995192289352417, 0.995192289352417, 0.995192289352417, 0.9807692170143127], "val_precision": [0.21212121844291687, 0.4117647111415863, 1.0, 1.0, 1.0, 1.0, 1.0, 1.0, 1.0, 1.0, 1.0, 1.0, 1.0, 1.0, 1.0, 1.0, 1.0, 1.0, 1.0, 1.0, 1.0, 1.0, 1.0, 1.0, 1.0, 1.0, 1.0, 1.0, 1.0, 1.0], "val_recall": [0.875, 0.875, 0.5, 0.625, 0.875, 0.375, 1.0, 0.625, 0.875, 0.875, 0.75, 0.75, 0.75, 1.0, 0.75, 1.0, 0.5, 0.5, 0.375, 1.0, 0.625, 0.75, 0.875, 0.75, 0.625, 0.75, 0.875, 0.875, 0.875, 0.5], "val_auc": [0.94468754529953, 0.9724999666213989, 0.9949999451637268, 0.9946874976158142, 0.9987499713897705, 0.9375, 1.0, 1.0, 1.0, 1.0, 1.0, 1.0, 0.9375, 1.0, 1.0, 1.0, 1.0, 0.9375, 1.0, 1.0, 1.0, 1.0, 1.0, 0.9375, 1.0, 1.0, 1.0, 1.0, 1.0, 1.0], "f1": [0.599624050463933, 0.8625172884084433, 0.9103720487107667, 0.9539492252754355, 0.939072122313932, 0.9708737830319656, 0.9758131869066548, 0.9778270628764553, 0.9856035405282345, 0.9844703240975996, 0.9817073062658525, 0.9900055753694931, 0.9900221727561811, 0.9814352751343104, 0.9780616601986651, 0.9794672583601395, 0.9911455486933176, 0.9849916633230977, 0.9925104061902983, 0.9950000047683716, 0.9891756769358548, 0.9933481254449682, 0.9966629631085508, 0.9963919168993189, 0.9827105225712126, 0.9922308620164025, 0.9966685381407246, 0.9980571800893132, 0.9938786940637888, 0.991671316062301], "val_f1": [0.3414634228249095, 0.560000004863739, 0.6666666666666666, 0.7692307692307693, 0.9333333333333333, 0.5454545454545454, 1.0, 0.7692307692307693, 0.9333333333333333, 0.9333333333333333, 0.8571428571428571, 0.8571428571428571, 0.8571428571428571, 1.0, 0.8571428571428571, 1.0, 0.6666666666666666, 0.6666666666666666, 0.5454545454545454, 1.0, 0.7692307692307693, 0.8571428571428571, 0.9333333333333333, 0.8571428571428571, 0.7692307692307693, 0.8571428571428571, 0.9333333333333333, 0.9333333333333333, 0.9333333333333333, 0.6666666666666666]}