{"loss": [0.6672210693359375, 0.39998534321784973, 0.2559082508087158, 0.17067782580852509, 0.16420722007751465, 0.06942446529865265, 0.07868306338787079, 0.07196895778179169, 0.0454338975250721, 0.03217897564172745, 0.3395824134349823, 0.07600931078195572, 0.037682462483644485, 0.0350320003926754, 0.041228536516427994, 0.021441778168082237, 0.025154246017336845, 0.03694386035203934, 0.01562428567558527, 0.015240277163684368, 0.010837607085704803, 0.02824944257736206, 0.027730250731110573, 0.012529391795396805, 0.052925728261470795, 0.019824109971523285, 0.009392313659191132, 0.012227881699800491, 0.016091184690594673, 0.00806816853582859], "accuracy": [0.616172194480896, 0.8344444632530212, 0.8952777981758118, 0.9316666722297668, 0.934166669845581, 0.9702777862548828, 0.9719444513320923, 0.9750000238418579, 0.9836111068725586, 0.9905555844306946, 0.8833333253860474, 0.9702777862548828, 0.9852777719497681, 0.9883333444595337, 0.9888888597488403, 0.9933333396911621, 0.9905555844306946, 0.987500011920929, 0.9944444298744202, 0.995555579662323, 0.9975000023841858, 0.9900000095367432, 0.9902777671813965, 0.9950000047683716, 0.9811111092567444, 0.9941666722297668, 0.9969444274902344, 0.996666669845581, 0.9963889122009277, 0.9977777600288391], "precision": [0.6117192506790161, 0.837822675704956, 0.9143855571746826, 0.9370078444480896, 0.9383062124252319, 0.9774393439292908, 0.9706371426582336, 0.975528359413147, 0.9828064441680908, 0.9873068332672119, 0.9156626462936401, 0.9731693863868713, 0.9844703078269958, 0.987250566482544, 0.98834627866745, 0.9927858114242554, 0.9894678592681885, 0.9861496090888977, 0.9922566413879395, 0.9944567680358887, 0.9983305335044861, 0.9878318309783936, 0.9889196753501892, 0.9961024522781372, 0.9784530401229858, 0.9927977919578552, 0.9961175918579102, 0.9955654144287109, 0.9961132407188416, 0.9966740608215332], "recall": [0.5251520276069641, 0.8294444680213928, 0.8722222447395325, 0.9255555272102356, 0.929444432258606, 0.9627777934074402, 0.9733333587646484, 0.9744444489479065, 0.9844444394111633, 0.9938889145851135, 0.8444444537162781, 0.9672222137451172, 0.9861111044883728, 0.9894444346427917, 0.9894444346427917, 0.9938889145851135, 0.9916666746139526, 0.9888888597488403, 0.996666669845581, 0.996666669845581, 0.996666669845581, 0.992222249507904, 0.9916666746139526, 0.9938889145851135, 0.9838888645172119, 0.995555579662323, 0.9977777600288391, 0.9977777600288391, 0.996666669845581, 0.9988889098167419], "auc": [0.671211838722229, 0.9025838375091553, 0.9601609110832214, 0.9816640615463257, 0.9832690954208374, 0.9969170093536377, 0.9957876205444336, 0.9962469339370728, 0.9981176257133484, 0.998590886592865, 0.9361560344696045, 0.9961923956871033, 0.9986823201179504, 0.999026894569397, 0.9977932572364807, 0.9994341135025024, 0.9993520975112915, 0.9983370900154114, 0.9998281598091125, 0.9995666146278381, 0.9993929266929626, 0.9987384676933289, 0.9989945292472839, 0.9998887181282043, 0.9972938895225525, 0.9997771978378296, 0.9996475577354431, 0.9996100068092346, 0.9995805621147156, 0.9999492764472961], "val_loss": [0.4799465239048004, 0.20920881628990173, 0.0728984847664833, 0.02073805220425129, 0.018074944615364075, 0.0167552400380373, 0.02315486967563629, 0.03899020701646805, 0.06029603257775307, 0.29051369428634644, 0.017670759931206703, 0.022700248286128044, 0.07414398342370987, 0.07192801684141159, 0.051093690097332, 0.017486855387687683, 0.07461690157651901, 0.025495873764157295, 0.08699555695056915, 0.05081390589475632, 0.015011809766292572, 0.015301700681447983, 0.03216356039047241, 0.005583581048995256, 0.00689802598208189, 0.04332135245203972, 0.052057765424251556, 0.06229243054986, 0.03194689750671387, 0.018071116879582405], "val_accuracy": [0.779904305934906, 0.9282296895980835, 0.9904305934906006, 0.9952152967453003, 0.9904305934906006, 0.9952152967453003, 0.9856459498405457, 0.9856459498405457, 0.980861246585846, 0.9617224931716919, 0.9952152967453003, 0.9904305934906006, 0.9856459498405457, 0.9856459498405457, 0.9856459498405457, 0.9904305934906006, 0.9856459498405457, 0.9904305934906006, 0.9856459498405457, 0.9856459498405457, 0.9952152967453003, 0.9952152967453003, 0.9856459498405457, 0.9952152967453003, 0.9952152967453003, 0.9856459498405457, 0.9904305934906006, 0.9904305934906006, 0.9904305934906006, 0.9904305934906006], "val_precision": [0.16363635659217834, 0.3636363744735718, 0.8888888955116272, 1.0, 1.0, 1.0, 1.0, 1.0, 1.0, 1.0, 1.0, 1.0, 1.0, 1.0, 1.0, 1.0, 1.0, 1.0, 1.0, 1.0, 1.0, 1.0, 1.0, 1.0, 1.0, 1.0, 1.0, 1.0, 1.0, 1.0], "val_recall": [1.0, 0.8888888955116272, 0.8888888955116272, 0.8888888955116272, 0.7777777910232544, 0.8888888955116272, 0.6666666865348816, 0.6666666865348816, 0.5555555820465088, 0.1111111119389534, 0.8888888955116272, 0.7777777910232544, 0.6666666865348816, 0.6666666865348816, 0.6666666865348816, 0.7777777910232544, 0.6666666865348816, 0.7777777910232544, 0.6666666865348816, 0.6666666865348816, 0.8888888955116272, 0.8888888955116272, 0.6666666865348816, 0.8888888955116272, 0.8888888955116272, 0.6666666865348816, 0.7777777910232544, 0.7777777910232544, 0.7777777910232544, 0.7777777910232544], "val_auc": [0.9555555582046509, 0.9774999618530273, 0.9949999451637268, 0.9999998807907104, 1.0, 1.0, 1.0, 1.0, 0.9444444179534912, 0.7222222089767456, 0.9999998807907104, 1.0, 0.9444444179534912, 0.9444444179534912, 1.0, 1.0, 0.9444444179534912, 1.0, 0.8888888955116272, 1.0, 1.0, 1.0, 1.0, 1.0, 1.0, 1.0, 0.9444444179534912, 0.8888888955116272, 1.0, 1.0], "f1": [0.5651398024666935, 0.8336125211382642, 0.8928063813242034, 0.931246477478104, 0.9338542994211277, 0.9700531725326526, 0.971983380934794, 0.9749861029296858, 0.9836247598663302, 0.9905869401770563, 0.8786127197981047, 0.970186686219483, 0.9852900230563247, 0.9883462831119478, 0.988895051782988, 0.9933370567551089, 0.9905660467339513, 0.9875173348370896, 0.9944567664511279, 0.995560492581305, 0.9974979078288791, 0.9900221727561811, 0.9902912699894016, 0.9949944523335412, 0.9811634235131221, 0.9941747733248308, 0.9969469847941743, 0.9966703595242038, 0.9963898784338356, 0.9977802562033081], "val_f1": [0.28124998959538056, 0.5161290442906359, 0.8888888955116272, 0.9411764743006353, 0.8750000083819031, 0.9411764743006353, 0.8000000143051146, 0.8000000143051146, 0.7142857361812978, 0.20000000134110452, 0.9411764743006353, 0.8750000083819031, 0.8000000143051146, 0.8000000143051146, 0.8000000143051146, 0.8750000083819031, 0.8000000143051146, 0.8750000083819031, 0.8000000143051146, 0.8000000143051146, 0.9411764743006353, 0.9411764743006353, 0.8000000143051146, 0.9411764743006353, 0.9411764743006353, 0.8000000143051146, 0.8750000083819031, 0.8750000083819031, 0.8750000083819031, 0.8750000083819031]}