{"loss": [0.6601181626319885, 0.38871070742607117, 0.2345561534166336, 0.22693118453025818, 0.17169247567653656, 0.14086836576461792, 0.10715349018573761, 0.06453757733106613, 0.06811344623565674, 0.054058656096458435, 0.04187239333987236, 0.03966543450951576, 0.03956220671534538, 0.03835461661219597, 0.028376929461956024, 0.025195108726620674, 0.03166190907359123, 0.01850997842848301, 0.01772080361843109, 0.04099969565868378, 0.019476715475320816, 0.167184516787529, 0.1533953696489334, 0.0750502496957779, 0.04028462991118431, 0.027881544083356857, 0.027819519862532616, 0.023465421050786972, 0.01829548366367817, 0.04360799863934517], "accuracy": [0.5976890921592712, 0.8536111116409302, 0.9002777934074402, 0.9038888812065125, 0.9269444346427917, 0.9427777528762817, 0.9586111307144165, 0.9763888716697693, 0.9744444489479065, 0.9825000166893005, 0.9855555295944214, 0.9880555272102356, 0.9863888621330261, 0.9877777695655823, 0.9897222518920898, 0.9900000095367432, 0.9891666769981384, 0.9947222471237183, 0.9933333396911621, 0.9863888621330261, 0.9925000071525574, 0.9583333134651184, 0.9399999976158142, 0.9708333611488342, 0.9861111044883728, 0.9902777671813965, 0.9888888597488403, 0.9908333420753479, 0.991944432258606, 0.9855555295944214], "precision": [0.7379310131072998, 0.8449864387512207, 0.9167148470878601, 0.9070548415184021, 0.9329577684402466, 0.9472503066062927, 0.9650704264640808, 0.9793180823326111, 0.978163480758667, 0.9800994992256165, 0.9888142943382263, 0.9867035746574402, 0.9855796098709106, 0.9877777695655823, 0.9905397891998291, 0.9900000095367432, 0.988895058631897, 0.9933518171310425, 0.9922394752502441, 0.9850415587425232, 0.9905921220779419, 0.9588431715965271, 0.9332603812217712, 0.9710950255393982, 0.9877368807792664, 0.9894620180130005, 0.9899777173995972, 0.9916527271270752, 0.9922178983688354, 0.9871794581413269], "recall": [0.23672565817832947, 0.8661110997200012, 0.8805555701255798, 0.8999999761581421, 0.9200000166893005, 0.9377777576446533, 0.9516666531562805, 0.9733333587646484, 0.9705555438995361, 0.9850000143051147, 0.9822221994400024, 0.9894444346427917, 0.9872221946716309, 0.9877777695655823, 0.9888888597488403, 0.9900000095367432, 0.9894444346427917, 0.9961110949516296, 0.9944444298744202, 0.9877777695655823, 0.9944444298744202, 0.9577777981758118, 0.9477777481079102, 0.9705555438995361, 0.9844444394111633, 0.9911110997200012, 0.9877777695655823, 0.9900000095367432, 0.9916666746139526, 0.9838888645172119], "auc": [0.6953935623168945, 0.9071386456489563, 0.9675717353820801, 0.9688444137573242, 0.982109010219574, 0.9875626564025879, 0.9927850365638733, 0.9975244998931885, 0.9970026612281799, 0.9978613257408142, 0.9986504316329956, 0.9985421895980835, 0.9985837936401367, 0.9986114501953125, 0.9987309575080872, 0.9991199374198914, 0.998117208480835, 0.9996689558029175, 0.9990072846412659, 0.9983270168304443, 0.9998041391372681, 0.9833880066871643, 0.9876203536987305, 0.9960586428642273, 0.998498797416687, 0.999275267124176, 0.9992472529411316, 0.9996845722198486, 0.9998224973678589, 0.998008668422699], "val_loss": [0.29715362191200256, 0.19053210318088531, 0.13551098108291626, 0.171432763338089, 0.06345216184854507, 0.06475810706615448, 0.04559271037578583, 0.05190610513091087, 0.07247857749462128, 0.10153944045305252, 0.020467210561037064, 0.07252076268196106, 0.09582342207431793, 0.06506472826004028, 0.06478267163038254, 0.025448160246014595, 0.01239466667175293, 0.09860916435718536, 0.0899294763803482, 0.011943073011934757, 0.028228381648659706, 0.27699553966522217, 0.03496803343296051, 0.019185729324817657, 0.044282350689172745, 0.029180854558944702, 0.05177165940403938, 0.0047544208355247974, 0.1040300577878952, 0.03149261698126793], "val_accuracy": [0.9086538553237915, 0.932692289352417, 0.9471153616905212, 0.9230769276618958, 0.9711538553237915, 0.9759615659713745, 0.9759615659713745, 0.9759615659713745, 0.9759615659713745, 0.9759615659713745, 0.9903846383094788, 0.9759615659713745, 0.9759615659713745, 0.9759615659713745, 0.9759615659713745, 0.9855769276618958, 0.995192289352417, 0.9759615659713745, 0.9759615659713745, 0.995192289352417, 0.9903846383094788, 0.8990384340286255, 0.9855769276618958, 0.9903846383094788, 0.9759615659713745, 0.9903846383094788, 0.9759615659713745, 1.0, 0.9759615659713745, 0.9855769276618958], "val_precision": [0.260869562625885, 0.2857142984867096, 0.4000000059604645, 0.30000001192092896, 0.6666666865348816, 1.0, 1.0, 1.0, 1.0, 1.0, 1.0, 1.0, 1.0, 1.0, 1.0, 1.0, 1.0, 1.0, 1.0, 1.0, 1.0, 0.27586206793785095, 1.0, 1.0, 1.0, 1.0, 1.0, 1.0, 1.0, 0.8571428656578064], "val_recall": [0.75, 0.5, 0.75, 0.75, 0.5, 0.375, 0.375, 0.375, 0.375, 0.375, 0.75, 0.375, 0.375, 0.375, 0.375, 0.625, 0.875, 0.375, 0.375, 0.875, 0.75, 1.0, 0.625, 0.75, 0.375, 0.75, 0.375, 1.0, 0.375, 0.75], "val_auc": [0.9028124809265137, 0.9362499713897705, 0.9618750214576721, 0.9706249833106995, 0.9824999570846558, 0.9956249594688416, 0.9978125095367432, 1.0, 1.0, 0.9375, 1.0, 1.0, 1.0, 0.9375, 1.0, 1.0, 1.0, 0.875, 0.9375, 1.0, 0.9993749856948853, 0.9856249690055847, 0.9987500309944153, 1.0, 1.0, 1.0, 1.0, 1.0, 0.9375, 0.9962500333786011], "f1": [0.3584589526024674, 0.8554183700938284, 0.8982714644261247, 0.9035136375003014, 0.9264335857229807, 0.942490231635302, 0.9583216734087329, 0.97631654919438, 0.9743446613673877, 0.9825436463755662, 0.9855072233197172, 0.9880721039034553, 0.9864002184507213, 0.9877777695655823, 0.9897136360009074, 0.9900000095367432, 0.9891696703577163, 0.9947295425565345, 0.9933407289593015, 0.9864077666539723, 0.9925145379403891, 0.9583101887867989, 0.9404630440191077, 0.9708252097728098, 0.9860879118260645, 0.9902858723302523, 0.9888765199313205, 0.9908256791406642, 0.9919422099124358, 0.985531414593838], "val_f1": [0.38709677134046444, 0.36363637398097126, 0.521739135505121, 0.42857144073564163, 0.5714285787270993, 0.5454545454545454, 0.5454545454545454, 0.5454545454545454, 0.5454545454545454, 0.5454545454545454, 0.8571428571428571, 0.5454545454545454, 0.5454545454545454, 0.5454545454545454, 0.5454545454545454, 0.7692307692307693, 0.9333333333333333, 0.5454545454545454, 0.5454545454545454, 0.9333333333333333, 0.8571428571428571, 0.4324324311698067, 0.7692307692307693, 0.8571428571428571, 0.5454545454545454, 0.8571428571428571, 0.5454545454545454, 1.0, 0.5454545454545454, 0.8000000037087335]}