{"loss": [0.6399355530738831, 0.36474207043647766, 0.22606217861175537, 0.17551468312740326, 0.112857885658741, 0.11532758176326752, 0.07746917009353638, 0.047750432044267654, 0.03784048184752464, 0.044392578303813934, 0.02083675190806389, 0.08035802096128464, 0.028559109196066856, 0.14831453561782837, 0.0881243646144867, 0.046417202800512314, 0.02610287256538868, 0.023697271943092346, 0.02438070811331272, 0.016833685338497162, 0.012020655907690525, 0.010190549306571484, 0.013256375677883625, 0.01190310437232256, 0.005644116550683975, 0.023634832352399826, 0.08621913194656372, 0.024615047499537468, 0.014871487393975258, 0.008961185812950134], "accuracy": [0.6271008253097534, 0.8483333587646484, 0.9055555462837219, 0.9275000095367432, 0.9527778029441833, 0.9577777981758118, 0.9702777862548828, 0.9827777743339539, 0.9847221970558167, 0.9858333468437195, 0.9938889145851135, 0.9705555438995361, 0.991944432258606, 0.9472222328186035, 0.9661111235618591, 0.98416668176651, 0.9930555820465088, 0.9936110973358154, 0.9925000071525574, 0.9950000047683716, 0.9961110949516296, 0.9963889122009277, 0.995555579662323, 0.9969444274902344, 0.9988889098167419, 0.9927777647972107, 0.9649999737739563, 0.9905555844306946, 0.9958333373069763, 0.9977777600288391], "precision": [0.6070640087127686, 0.869693398475647, 0.9200230240821838, 0.9175257682800293, 0.9473106265068054, 0.9567627310752869, 0.9689750671386719, 0.9822419285774231, 0.9849916696548462, 0.9855635762214661, 0.9933407306671143, 0.9705555438995361, 0.9900387525558472, 0.9527559280395508, 0.9718785285949707, 0.9822911024093628, 0.9906025528907776, 0.9938855171203613, 0.9927737712860107, 0.9939024448394775, 0.9961110949516296, 0.9950138330459595, 0.9950055480003357, 0.9966685175895691, 0.9983351826667786, 0.9927777647972107, 0.9665551781654358, 0.9916480779647827, 0.9950082898139954, 0.997225284576416], "recall": [0.6084070801734924, 0.8194444179534912, 0.8883333206176758, 0.9394444227218628, 0.9588888883590698, 0.9588888883590698, 0.971666693687439, 0.9833333492279053, 0.9844444394111633, 0.9861111044883728, 0.9944444298744202, 0.9705555438995361, 0.9938889145851135, 0.9411110877990723, 0.9599999785423279, 0.9861111044883728, 0.995555579662323, 0.9933333396911621, 0.992222249507904, 0.9961110949516296, 0.9961110949516296, 0.9977777600288391, 0.9961110949516296, 0.9972222447395325, 0.9994444251060486, 0.9927777647972107, 0.9633333086967468, 0.9894444346427917, 0.996666669845581, 0.9983333349227905], "auc": [0.7034896612167358, 0.9195104837417603, 0.9699667096138, 0.9805774688720703, 0.9920463562011719, 0.9913231730461121, 0.9960471987724304, 0.9985685348510742, 0.998762845993042, 0.9978924989700317, 0.9994480609893799, 0.9951639175415039, 0.9991539716720581, 0.9855788946151733, 0.9952572584152222, 0.9985042214393616, 0.9986172914505005, 0.9994093775749207, 0.999090313911438, 0.9994929432868958, 0.9999233484268188, 0.9999021887779236, 0.9996087551116943, 0.9996081590652466, 0.9997013807296753, 0.999163806438446, 0.9950000047683716, 0.9996546506881714, 0.9995697736740112, 0.9996479153633118], "val_loss": [0.5304514169692993, 0.2168782353401184, 0.14465771615505219, 0.0805128738284111, 0.06418433785438538, 0.04898828640580177, 0.07413462549448013, 0.03639949858188629, 0.048344116657972336, 0.021543379873037338, 0.0017373040318489075, 0.05649755150079727, 0.054467882961034775, 0.08840176463127136, 0.02402239851653576, 0.016731740906834602, 0.0813797190785408, 0.02800404652953148, 0.012096337042748928, 0.005815002601593733, 0.01987529546022415, 0.031729020178318024, 0.06088472157716751, 0.019867343828082085, 0.03268324211239815, 0.023968718945980072, 0.08010948449373245, 0.019895805045962334, 0.018269622698426247, 0.011740192770957947], "val_accuracy": [0.7355769276618958, 0.942307710647583, 0.9567307829856873, 0.9807692170143127, 0.9903846383094788, 0.9903846383094788, 0.9807692170143127, 0.9903846383094788, 0.995192289352417, 0.995192289352417, 1.0, 0.9903846383094788, 0.9807692170143127, 0.9759615659713745, 0.995192289352417, 0.995192289352417, 0.9807692170143127, 0.995192289352417, 0.995192289352417, 1.0, 0.995192289352417, 0.995192289352417, 0.9855769276618958, 0.995192289352417, 0.995192289352417, 0.995192289352417, 0.9759615659713745, 0.995192289352417, 0.995192289352417, 0.995192289352417], "val_precision": [0.1147540956735611, 0.375, 0.46666666865348816, 1.0, 1.0, 1.0, 1.0, 1.0, 1.0, 1.0, 1.0, 1.0, 1.0, 1.0, 1.0, 1.0, 1.0, 1.0, 1.0, 1.0, 1.0, 1.0, 1.0, 1.0, 1.0, 1.0, 1.0, 1.0, 1.0, 1.0], "val_recall": [0.875, 0.75, 0.875, 0.5, 0.75, 0.75, 0.5, 0.75, 0.875, 0.875, 1.0, 0.75, 0.5, 0.375, 0.875, 0.875, 0.5, 0.875, 0.875, 1.0, 0.875, 0.875, 0.625, 0.875, 0.875, 0.875, 0.375, 0.875, 0.875, 0.875], "val_auc": [0.8681250214576721, 0.9074999690055847, 0.9034374356269836, 0.9271875023841858, 0.9303125739097595, 0.9334374666213989, 0.9359374642372131, 0.9365625381469727, 0.9375, 1.0, 1.0, 0.9375, 0.9375, 0.93687504529953, 0.9990624785423279, 1.0, 0.9375, 1.0, 1.0, 1.0, 1.0, 0.9375, 0.9375, 1.0, 0.9375, 1.0, 0.9375, 1.0, 1.0, 1.0], "f1": [0.6077348024094593, 0.8438214973109243, 0.9039005065821701, 0.9283557376321799, 0.9530645942334734, 0.9578246298197614, 0.9703190138002615, 0.9827873358872952, 0.9847179785059282, 0.9858372643314238, 0.9938922738614117, 0.9705555438995361, 0.9919600976107734, 0.9468977075428616, 0.9659027347216225, 0.984197396783677, 0.9930728904152738, 0.9936093516905292, 0.9924979337780956, 0.9950055442417527, 0.9961110949516296, 0.9963938798060178, 0.9955580145542194, 0.9969453042762472, 0.9988894959398352, 0.9927777647972107, 0.9649415540417966, 0.9905450307063304, 0.995836789399777, 0.9977790021225664], "val_f1": [0.20289854652439437, 0.5, 0.6086956538640258, 0.6666666666666666, 0.8571428571428571, 0.8571428571428571, 0.6666666666666666, 0.8571428571428571, 0.9333333333333333, 0.9333333333333333, 1.0, 0.8571428571428571, 0.6666666666666666, 0.5454545454545454, 0.9333333333333333, 0.9333333333333333, 0.6666666666666666, 0.9333333333333333, 0.9333333333333333, 1.0, 0.9333333333333333, 0.9333333333333333, 0.7692307692307693, 0.9333333333333333, 0.9333333333333333, 0.9333333333333333, 0.5454545454545454, 0.9333333333333333, 0.9333333333333333, 0.9333333333333333]}