{"loss": [0.6533119678497314, 0.4035951793193817, 0.3152044415473938, 0.196309894323349, 0.12098939716815948, 0.16284944117069244, 0.10022152960300446, 0.07361617684364319, 0.07055441290140152, 0.036604296416044235, 0.035086795687675476, 0.03758634254336357, 0.0751609355211258, 0.02635243535041809, 0.03980619087815285, 0.030207600444555283, 0.01437078695744276, 0.020942211151123047, 0.040107447654008865, 0.24369767308235168, 0.04462515935301781, 0.030819151550531387, 0.0567895770072937, 0.041322268545627594, 0.015478969551622868, 0.013360880315303802, 0.01673750765621662, 0.01662214659154415, 0.009787989780306816, 0.005238420329988003], "accuracy": [0.6324494481086731, 0.8324999809265137, 0.8650000095367432, 0.9169444441795349, 0.9527778029441833, 0.9355555772781372, 0.9597222208976746, 0.9766666889190674, 0.971666693687439, 0.9866666793823242, 0.9880555272102356, 0.9872221946716309, 0.9688888788223267, 0.9900000095367432, 0.9861111044883728, 0.9911110997200012, 0.9958333373069763, 0.991944432258606, 0.987500011920929, 0.9188888669013977, 0.9836111068725586, 0.9883333444595337, 0.9791666865348816, 0.9847221970558167, 0.9952777624130249, 0.9952777624130249, 0.9947222471237183, 0.9947222471237183, 0.9977777600288391, 0.9986110925674438], "precision": [0.6055756211280823, 0.8371831178665161, 0.8819767236709595, 0.9330640435218811, 0.9553072452545166, 0.9375, 0.9672501683235168, 0.97508305311203, 0.9711431860923767, 0.9866666793823242, 0.9867035746574402, 0.9845303893089294, 0.9704570770263672, 0.9894561767578125, 0.9850332736968994, 0.98893803358078, 0.9961089491844177, 0.9900387525558472, 0.9834710955619812, 0.9308571219444275, 0.9849582314491272, 0.987250566482544, 0.9799666404724121, 0.9839156866073608, 0.9933591485023499, 0.9944536685943604, 0.9933518171310425, 0.9933518171310425, 0.997225284576416, 0.9983342289924622], "recall": [0.6484245657920837, 0.8255555629730225, 0.8427777886390686, 0.8983333110809326, 0.949999988079071, 0.9333333373069763, 0.9516666531562805, 0.9783333539962769, 0.9722222089767456, 0.9866666793823242, 0.9894444346427917, 0.9900000095367432, 0.9672222137451172, 0.9905555844306946, 0.9872221946716309, 0.9933333396911621, 0.995555579662323, 0.9938889145851135, 0.9916666746139526, 0.9049999713897705, 0.9822221994400024, 0.9894444346427917, 0.9783333539962769, 0.9855555295944214, 0.9972222447395325, 0.9961110949516296, 0.9961110949516296, 0.9961110949516296, 0.9983333349227905, 0.9988889098167419], "auc": [0.6895319223403931, 0.900079607963562, 0.9392083883285522, 0.9768598079681396, 0.9908239841461182, 0.9833710193634033, 0.9939171075820923, 0.9958765506744385, 0.9966651797294617, 0.999132513999939, 0.9987193942070007, 0.9987735748291016, 0.9962027072906494, 0.9995531439781189, 0.9983810782432556, 0.9988232851028442, 0.9998406767845154, 0.9994418621063232, 0.9979668855667114, 0.9658554792404175, 0.9984868168830872, 0.998995304107666, 0.9978597164154053, 0.9989730715751648, 0.999542772769928, 0.9996115565299988, 0.9992645382881165, 0.9992682933807373, 0.9996435642242432, 0.9999876022338867], "val_loss": [0.2293948084115982, 0.16570422053337097, 0.0858716070652008, 0.03184685483574867, 0.01813020184636116, 0.057088159024715424, 0.01890392228960991, 0.02498830482363701, 0.0098989587277174, 0.013420061208307743, 0.030371064320206642, 0.0038992890622466803, 0.0053414637222886086, 0.024661419913172722, 0.003276184434071183, 0.03269108757376671, 0.026540707796812057, 0.0554259829223156, 0.040534187108278275, 0.013793852180242538, 0.012004351243376732, 0.019642211496829987, 0.0069772712886333466, 0.0235062874853611, 0.028549998998641968, 0.014353626407682896, 0.015675682574510574, 0.03524584323167801, 0.021838149055838585, 0.03026818111538887], "val_accuracy": [0.9665071964263916, 0.9665071964263916, 0.980861246585846, 0.9952152967453003, 0.9952152967453003, 0.9952152967453003, 0.9904305934906006, 0.9904305934906006, 0.9952152967453003, 0.9904305934906006, 0.9856459498405457, 1.0, 0.9952152967453003, 0.9904305934906006, 1.0, 0.9904305934906006, 0.9904305934906006, 0.9904305934906006, 0.9904305934906006, 0.9952152967453003, 0.9952152967453003, 0.9904305934906006, 0.9952152967453003, 0.9904305934906006, 0.9904305934906006, 0.9952152967453003, 0.9904305934906006, 0.9904305934906006, 0.9952152967453003, 0.9904305934906006], "val_precision": [0.5714285969734192, 0.5714285969734192, 0.7272727489471436, 1.0, 0.8999999761581421, 0.8999999761581421, 1.0, 1.0, 1.0, 1.0, 1.0, 1.0, 1.0, 1.0, 1.0, 1.0, 1.0, 1.0, 1.0, 1.0, 1.0, 1.0, 1.0, 1.0, 1.0, 1.0, 1.0, 1.0, 1.0, 1.0], "val_recall": [0.8888888955116272, 0.8888888955116272, 0.8888888955116272, 0.8888888955116272, 1.0, 1.0, 0.7777777910232544, 0.7777777910232544, 0.8888888955116272, 0.7777777910232544, 0.6666666865348816, 1.0, 0.8888888955116272, 0.7777777910232544, 1.0, 0.7777777910232544, 0.7777777910232544, 0.7777777910232544, 0.7777777910232544, 0.8888888955116272, 0.8888888955116272, 0.7777777910232544, 0.8888888955116272, 0.7777777910232544, 0.7777777910232544, 0.8888888955116272, 0.7777777910232544, 0.7777777910232544, 0.8888888955116272, 0.7777777910232544], "val_auc": [0.9830555319786072, 0.980555534362793, 0.9855555295944214, 0.9950000047683716, 1.0, 0.9988888502120972, 1.0, 1.0, 1.0, 1.0, 1.0, 1.0, 1.0, 1.0, 1.0, 1.0, 1.0, 0.9444444179534912, 0.9444444179534912, 0.9999999403953552, 1.0, 1.0, 1.0, 1.0, 1.0, 1.0, 1.0, 0.9444444179534912, 1.0, 1.0], "f1": [0.6262680233703137, 0.8313286845926212, 0.8619318140655261, 0.915369359424854, 0.9526462249511078, 0.9354120287217392, 0.9593951339104266, 0.9767054994569114, 0.97168239797937, 0.9866666793823242, 0.9880721039034553, 0.9872576237619465, 0.968836945160659, 0.9900055753694931, 0.9861265194899442, 0.9911308137623412, 0.9958321875485193, 0.9919600976107734, 0.9875518818396337, 0.9177464539984392, 0.9835883127540344, 0.9883462831119478, 0.9791493161270778, 0.9847349254087553, 0.9952869480898365, 0.9952816917522079, 0.9947295425565345, 0.9947295425565345, 0.9977790021225664, 0.9986114923799545], "val_f1": [0.6956521948704419, 0.6956521948704419, 0.8000000157952307, 0.9411764743006353, 0.9473684078438459, 0.9473684078438459, 0.8750000083819031, 0.8750000083819031, 0.9411764743006353, 0.8750000083819031, 0.8000000143051146, 1.0, 0.9411764743006353, 0.8750000083819031, 1.0, 0.8750000083819031, 0.8750000083819031, 0.8750000083819031, 0.8750000083819031, 0.9411764743006353, 0.9411764743006353, 0.8750000083819031, 0.9411764743006353, 0.8750000083819031, 0.8750000083819031, 0.9411764743006353, 0.8750000083819031, 0.8750000083819031, 0.9411764743006353, 0.8750000083819031]}