{"loss": [0.5886475443840027, 0.33821502327919006, 0.2919608950614929, 0.2740192711353302, 0.2216956913471222, 0.18478038907051086, 0.17134329676628113, 0.13731415569782257, 0.12322299182415009, 0.09847696125507355, 0.11754219979047775, 0.10311338305473328, 0.08493876457214355, 0.07011556625366211, 0.0761907622218132, 0.10170972347259521, 0.05764666944742203, 0.07133427262306213, 0.054365091025829315, 0.05867177993059158, 0.059377823024988174, 0.06455843895673752, 0.049095991998910904, 0.041206177324056625, 0.06746724247932434, 0.0296286940574646, 0.04171713441610336, 0.043594781309366226, 0.031751926988363266, 0.041418418288230896], "accuracy": [0.6627777814865112, 0.8622221946716309, 0.8791666626930237, 0.882777750492096, 0.9108333587646484, 0.9247221946716309, 0.9319444298744202, 0.9461110830307007, 0.9524999856948853, 0.9608333110809326, 0.9549999833106995, 0.9588888883590698, 0.9683333039283752, 0.9708333611488342, 0.9747222065925598, 0.9630555510520935, 0.9777777791023254, 0.9750000238418579, 0.9813888669013977, 0.980555534362793, 0.9775000214576721, 0.977222204208374, 0.9850000143051147, 0.9836111068725586, 0.9747222065925598, 0.9913889169692993, 0.9866666793823242, 0.9861111044883728, 0.988611102104187, 0.9844444394111633], "precision": [0.6845088005065918, 0.8618202209472656, 0.900293231010437, 0.9110978245735168, 0.938352108001709, 0.9263803958892822, 0.9405099153518677, 0.9402412176132202, 0.9537604451179504, 0.9545205235481262, 0.9519867300987244, 0.9588888883590698, 0.9657458662986755, 0.965915322303772, 0.9718387722969055, 0.9572134017944336, 0.970459520816803, 0.9744728207588196, 0.9753153920173645, 0.9752747416496277, 0.9735537171363831, 0.9709429740905762, 0.9833887219429016, 0.978559672832489, 0.971318244934082, 0.9905712604522705, 0.9813186526298523, 0.9844961166381836, 0.9867182970046997, 0.9796479940414429], "recall": [0.6038888692855835, 0.8627777695655823, 0.8527777791023254, 0.8483333587646484, 0.879444420337677, 0.9227777719497681, 0.9222221970558167, 0.9527778029441833, 0.9511111378669739, 0.9677777886390686, 0.9583333134651184, 0.9588888883590698, 0.9711111187934875, 0.976111114025116, 0.9777777791023254, 0.9694444537162781, 0.9855555295944214, 0.9755555391311646, 0.9877777695655823, 0.9861111044883728, 0.9816666841506958, 0.9838888645172119, 0.9866666793823242, 0.9888888597488403, 0.9783333539962769, 0.992222249507904, 0.992222249507904, 0.9877777695655823, 0.9905555844306946, 0.9894444346427917], "auc": [0.7486096620559692, 0.9283374547958374, 0.9479175806045532, 0.9530557990074158, 0.9695150256156921, 0.9789763689041138, 0.9823142290115356, 0.9880642890930176, 0.989926815032959, 0.9938818216323853, 0.9913650751113892, 0.9931929707527161, 0.995410680770874, 0.9963610172271729, 0.995646595954895, 0.9928655028343201, 0.9975811243057251, 0.995984673500061, 0.9978447556495667, 0.9964718222618103, 0.9974098801612854, 0.996870756149292, 0.9978725910186768, 0.9987226724624634, 0.9965443015098572, 0.9991512298583984, 0.9981333017349243, 0.998497486114502, 0.999226450920105, 0.9984455108642578], "val_loss": [0.2945813536643982, 0.2817663252353668, 0.16027115285396576, 0.3526519238948822, 0.2413802295923233, 0.07692879438400269, 0.061949506402015686, 0.05545207858085632, 0.03939521685242653, 0.06872769445180893, 0.0861794650554657, 0.0516185499727726, 0.03512812405824661, 0.03161124140024185, 0.04646266624331474, 0.05158030241727829, 0.09717271476984024, 0.03563139960169792, 0.06578733026981354, 0.06225917488336563, 0.0488329716026783, 0.021660061553120613, 0.033158574253320694, 0.11944474279880524, 0.04142049327492714, 0.08006035536527634, 0.11756797134876251, 0.10199610143899918, 0.05312226340174675, 0.038349296897649765], "val_accuracy": [0.8708133697509766, 0.8899521827697754, 0.9330143332481384, 0.9090909361839294, 0.8947368264198303, 0.9712918400764465, 0.9712918400764465, 0.9760765433311462, 0.980861246585846, 0.9712918400764465, 0.9712918400764465, 0.9904305934906006, 0.9856459498405457, 0.9856459498405457, 0.9904305934906006, 0.9856459498405457, 0.980861246585846, 0.9856459498405457, 0.980861246585846, 0.9856459498405457, 0.9904305934906006, 0.9904305934906006, 0.9856459498405457, 0.980861246585846, 0.980861246585846, 0.9856459498405457, 0.980861246585846, 0.980861246585846, 0.9856459498405457, 0.9904305934906006], "val_precision": [0.1785714328289032, 0.2083333283662796, 0.3333333432674408, 0.3076923191547394, 0.27586206793785095, 0.7142857313156128, 0.6666666865348816, 0.8333333134651184, 0.7777777910232544, 0.7142857313156128, 0.7142857313156128, 0.8181818127632141, 0.800000011920929, 0.875, 0.8181818127632141, 0.75, 1.0, 0.875, 1.0, 0.875, 1.0, 0.8181818127632141, 0.875, 1.0, 0.7777777910232544, 0.875, 1.0, 1.0, 0.875, 1.0], "val_recall": [0.5555555820465088, 0.5555555820465088, 0.5555555820465088, 0.8888888955116272, 0.8888888955116272, 0.5555555820465088, 0.6666666865348816, 0.5555555820465088, 0.7777777910232544, 0.5555555820465088, 0.5555555820465088, 1.0, 0.8888888955116272, 0.7777777910232544, 1.0, 1.0, 0.5555555820465088, 0.7777777910232544, 0.5555555820465088, 0.7777777910232544, 0.7777777910232544, 1.0, 0.7777777910232544, 0.5555555820465088, 0.7777777910232544, 0.7777777910232544, 0.5555555820465088, 0.5555555820465088, 0.7777777910232544, 0.7777777910232544], "val_auc": [0.8886111378669739, 0.9200000166893005, 0.9522222280502319, 0.9397222399711609, 0.9705556035041809, 0.9761111736297607, 0.9888889193534851, 0.9930555820465088, 0.9961110949516296, 0.9922221899032593, 0.9899999499320984, 0.9955554604530334, 0.9977777600288391, 0.9988889098167419, 0.9972222447395325, 0.9955555200576782, 0.8866666555404663, 0.9977778196334839, 0.9416666626930237, 0.9413888454437256, 0.9433333277702332, 0.9988888502120972, 0.996666669845581, 0.8866666555404663, 0.9972221851348877, 0.8872222304344177, 0.8849999904632568, 0.8855555653572083, 0.9944444894790649, 0.9969444870948792], "f1": [0.6416764873855055, 0.8622987294265432, 0.875891572735041, 0.8785960883302825, 0.9079437800974043, 0.9245755745119809, 0.9312762846692645, 0.946467998289109, 0.9524339491559569, 0.9611034412644844, 0.9551494792760825, 0.9588888883590698, 0.9684210614516449, 0.9709864538097266, 0.9747992298690881, 0.9632901044036416, 0.9779492716965285, 0.9750138793649856, 0.9815070231033326, 0.9806629884287039, 0.9775933687217438, 0.9773730521693333, 0.9850249735806823, 0.9836971519594417, 0.9748131788115248, 0.991396067625391, 0.9867403304808655, 0.9861342129420377, 0.988633217213602, 0.9845218451842612], "val_f1": [0.27027027828141315, 0.30303030171670176, 0.41666668187826866, 0.4571428706694622, 0.4210526311248954, 0.6250000232830643, 0.6666666865348816, 0.6666666793823234, 0.7777777910232544, 0.6250000232830643, 0.6250000232830643, 0.8999999967217446, 0.8421052727342643, 0.8235294191895058, 0.8999999967217446, 0.8571428571428571, 0.7142857361812978, 0.8235294191895058, 0.7142857361812978, 0.8235294191895058, 0.8750000083819031, 0.8999999967217446, 0.8235294191895058, 0.7142857361812978, 0.7777777910232544, 0.8235294191895058, 0.7142857361812978, 0.7142857361812978, 0.8235294191895058, 0.8750000083819031]}