{"loss": [0.5681736469268799, 0.2981581389904022, 0.26562726497650146, 0.22916710376739502, 0.189191535115242, 0.1654805988073349, 0.11330682784318924, 0.13894718885421753, 0.11272457242012024, 0.11193682253360748, 0.0866161361336708, 0.057869598269462585, 0.05513137951493263, 0.05136646330356598, 0.05897410959005356, 0.05515637248754501, 0.055218879133462906, 0.050623100250959396, 0.07429046928882599, 0.057897914201021194], "accuracy": [0.747413158416748, 0.8766666650772095, 0.8886111378669739, 0.9041666388511658, 0.926111102104187, 0.9366666674613953, 0.9541666507720947, 0.9466666579246521, 0.9566666483879089, 0.956944465637207, 0.9661111235618591, 0.9816666841506958, 0.9808333516120911, 0.9811111092567444, 0.9800000190734863, 0.9811111092567444, 0.9802777767181396, 0.9802777767181396, 0.9719444513320923, 0.9791666865348816], "precision": [0.8383172750473022, 0.8779264092445374, 0.8845519423484802, 0.9084783792495728, 0.9289709329605103, 0.931394100189209, 0.9479451775550842, 0.9446902871131897, 0.946739137172699, 0.9551743268966675, 0.9584699273109436, 0.9784768223762512, 0.9758108854293823, 0.9784530401229858, 0.978935718536377, 0.9773980379104614, 0.9742183089256287, 0.9768339991569519, 0.968044102191925, 0.9752066135406494], "recall": [0.6121391654014587, 0.875, 0.8938888907432556, 0.898888885974884, 0.9227777719497681, 0.9427777528762817, 0.9611111283302307, 0.948888897895813, 0.9677777886390686, 0.9588888883590698, 0.9744444489479065, 0.9850000143051147, 0.9861111044883728, 0.9838888645172119, 0.9811111092567444, 0.9850000143051147, 0.9866666793823242, 0.9838888645172119, 0.976111114025116, 0.9833333492279053], "auc": [0.8529812097549438, 0.944861888885498, 0.9569939970970154, 0.9684863686561584, 0.9774386286735535, 0.9828184843063354, 0.9911825060844421, 0.9874332547187805, 0.9918581247329712, 0.9912720918655396, 0.9951327443122864, 0.9974260926246643, 0.9970815777778625, 0.9981288313865662, 0.9974880218505859, 0.9973046183586121, 0.9977514147758484, 0.9981986880302429, 0.9961155652999878, 0.9972138404846191], "val_loss": [0.385069340467453, 0.2081882208585739, 0.19306603074073792, 0.09595109522342682, 0.13296376168727875, 0.12578079104423523, 0.0793580710887909, 0.12577193975448608, 0.09234907478094101, 0.09205148369073868, 0.12892094254493713, 0.07162149995565414, 0.0791877880692482, 0.13075262308120728, 0.14139989018440247, 0.07870800793170929, 0.08239637315273285, 0.0766390785574913, 0.07661093026399612, 0.07390473037958145], "val_accuracy": [0.8421052694320679, 0.9186602830886841, 0.9186602830886841, 0.9521530866622925, 0.9473684430122375, 0.9425837397575378, 0.9712918400764465, 0.9377990365028381, 0.9617224931716919, 0.9569377899169922, 0.9617224931716919, 0.9856459498405457, 0.980861246585846, 0.9760765433311462, 0.9712918400764465, 0.9856459498405457, 0.9760765433311462, 0.9760765433311462, 0.9760765433311462, 0.9856459498405457], "val_precision": [0.2142857164144516, 0.3181818127632141, 0.3181818127632141, 0.4545454680919647, 0.4444444477558136, 0.4000000059604645, 0.6666666865348816, 0.4000000059604645, 0.5454545617103577, 0.5, 0.5454545617103577, 0.875, 1.0, 0.699999988079071, 0.6363636255264282, 0.875, 0.699999988079071, 0.699999988079071, 0.699999988079071, 1.0], "val_recall": [1.0, 0.7777777910232544, 0.7777777910232544, 0.5555555820465088, 0.8888888955116272, 0.6666666865348816, 0.6666666865348816, 0.8888888955116272, 0.6666666865348816, 0.7777777910232544, 0.6666666865348816, 0.7777777910232544, 0.5555555820465088, 0.7777777910232544, 0.7777777910232544, 0.7777777910232544, 0.7777777910232544, 0.7777777910232544, 0.7777777910232544, 0.6666666865348816], "val_auc": [0.9152777194976807, 0.9552778601646423, 0.9572222232818604, 0.972777783870697, 0.9774999618530273, 0.9758333563804626, 0.98333340883255, 0.9805555939674377, 0.9822221994400024, 0.980555534362793, 0.979722261428833, 0.9352777004241943, 0.8822221755981445, 0.9324999451637268, 0.9811111092567444, 0.8833333253860474, 0.9883333444595337, 0.9880555272102356, 0.934999942779541, 0.9372221827507019], "f1": [0.7075935860994358, 0.8764607618867889, 0.8891959067045213, 0.903658192740921, 0.9258639959625969, 0.9370513545834633, 0.954482752956476, 0.9467849377394291, 0.9571428658982115, 0.9570280032623628, 0.9663911776158027, 0.9817275824519814, 0.9809339565462372, 0.9811634235131221, 0.9800222066996919, 0.9811843017645184, 0.9804029808913549, 0.9803487398023805, 0.9720608716156278, 0.9792531209080588], "val_f1": [0.35294117935801045, 0.451612900000581, 0.451612900000581, 0.5000000189244747, 0.5925925970077515, 0.5000000102445483, 0.6666666865348816, 0.5517241448766411, 0.6000000178813935, 0.6086956562301837, 0.6000000178813935, 0.8235294191895058, 0.7142857361812978, 0.7368421046027184, 0.6999999988079069, 0.8235294191895058, 0.7368421046027184, 0.7368421046027184, 0.7368421046027184, 0.8000000143051146]}