{"loss": [1.1328636407852173, 0.6434997320175171, 0.6407304406166077, 0.6087820529937744, 0.49511051177978516, 0.3480035066604614, 0.3395501375198364, 0.33013224601745605, 0.23262351751327515, 0.25522086024284363, 0.24168436229228973, 0.19090703129768372, 0.21343646943569183, 0.20218734443187714, 0.1446661651134491, 0.15860451757907867, 0.1702493280172348, 0.10709145665168762, 0.17013277113437653, 0.13491475582122803, 0.09818423539400101, 0.13323482871055603, 0.13778096437454224, 0.12388762831687927, 0.102171391248703, 0.06867441534996033, 0.15541791915893555, 0.07008300721645355, 0.21570296585559845, 0.04547924920916557], "accuracy": [0.5189075469970703, 0.5, 0.5, 0.5161111354827881, 0.7438889145851135, 0.8083333373069763, 0.8127777576446533, 0.8194444179534912, 0.8686110973358154, 0.8486111164093018, 0.8594444394111633, 0.89083331823349, 0.8627777695655823, 0.8949999809265137, 0.9194444417953491, 0.9194444417953491, 0.9105555415153503, 0.9397222399711609, 0.9122222065925598, 0.929444432258606, 0.9486111402511597, 0.9372222423553467, 0.9238888621330261, 0.9377777576446533, 0.9405555725097656, 0.9661111235618591, 0.9302777647972107, 0.9619444608688354, 0.9516666531562805, 0.9788888692855835], "precision": [0.49652978777885437, 0.5, 0.5, 0.5085545778274536, 0.6775889992713928, 0.7484332919120789, 0.7486749291419983, 0.7508726119995117, 0.8116486668586731, 0.7820224761962891, 0.7989833354949951, 0.8351595997810364, 0.79256272315979, 0.8408437371253967, 0.8715550899505615, 0.8745039701461792, 0.861545979976654, 0.8991427421569824, 0.8651574850082397, 0.8849601745605469, 0.9138903021812439, 0.9019407629966736, 0.8838028311729431, 0.9008138179779053, 0.9021298289299011, 0.9443855881690979, 0.8886101245880127, 0.9360251426696777, 0.9324468374252319, 0.9634408354759216], "recall": [0.9496681690216064, 1.0, 1.0, 0.9577777981758118, 0.9305555820465088, 0.9288889169692993, 0.9416666626930237, 0.9561111330986023, 0.9599999785423279, 0.9666666388511658, 0.9605555534362793, 0.9738888740539551, 0.9827777743339539, 0.9744444489479065, 0.9838888645172119, 0.9794444441795349, 0.9783333539962769, 0.9905555844306946, 0.9766666889190674, 0.9872221946716309, 0.9905555844306946, 0.9811111092567444, 0.976111114025116, 0.9838888645172119, 0.9883333444595337, 0.9905555844306946, 0.9838888645172119, 0.9916666746139526, 0.9738888740539551, 0.995555579662323], "auc": [0.4865846335887909, 0.4716041684150696, 0.5642887353897095, 0.7035897970199585, 0.8552541732788086, 0.9175501465797424, 0.9198651313781738, 0.9266560077667236, 0.9630035758018494, 0.9551368951797485, 0.9597993493080139, 0.9750518202781677, 0.9655879735946655, 0.9724844098091125, 0.9838972687721252, 0.9827035069465637, 0.9808274507522583, 0.9909999966621399, 0.9789289832115173, 0.9838077425956726, 0.9917376041412354, 0.9865307211875916, 0.9851976633071899, 0.9871881604194641, 0.9925278425216675, 0.9951722621917725, 0.9792031049728394, 0.9952742457389832, 0.9845082759857178, 0.9966797232627869], "val_loss": [1.4790540933609009, 0.9908297061920166, 1.1825213432312012, 0.9284024834632874, 0.26858875155448914, 0.09892416000366211, 0.14492520689964294, 0.13199350237846375, 0.1637478619813919, 0.07758107781410217, 0.06585930287837982, 0.9625324606895447, 0.09523703157901764, 0.06926070898771286, 0.2357538640499115, 0.028722921386361122, 0.25781315565109253, 0.03383332118391991, 0.09859078377485275, 0.03544355928897858, 0.030527440831065178, 0.010766292922198772, 0.02459738962352276, 0.06968775391578674, 0.04618129879236221, 0.01873614266514778, 0.01586167886853218, 0.005422795191407204, 0.01546426210552454, 0.008298887871205807], "val_accuracy": [0.03846153989434242, 0.03846153989434242, 0.03846153989434242, 0.32692307233810425, 0.9663461446762085, 0.9615384340286255, 0.9615384340286255, 0.9615384340286255, 0.942307710647583, 0.9615384340286255, 0.9663461446762085, 0.45673078298568726, 0.9615384340286255, 0.9663461446762085, 0.9375, 0.9903846383094788, 0.9663461446762085, 0.9855769276618958, 0.9855769276618958, 0.9807692170143127, 0.9855769276618958, 0.995192289352417, 0.9903846383094788, 0.9759615659713745, 0.9807692170143127, 0.9903846383094788, 0.9903846383094788, 1.0, 0.995192289352417, 0.995192289352417], "val_precision": [0.03846153989434242, 0.03846153989434242, 0.03846153989434242, 0.054054055362939835, 1.0, 0.5, 0.5, 0.5, 0.4000000059604645, 0.5, 0.5333333611488342, 0.06611569970846176, 0.5, 0.5333333611488342, 0.380952388048172, 0.875, 0.5333333611488342, 0.7272727489471436, 0.7272727489471436, 0.6666666865348816, 0.7777777910232544, 0.8888888955116272, 0.875, 0.6153846383094788, 0.6666666865348816, 0.875, 0.875, 1.0, 0.8888888955116272, 0.8888888955116272], "val_recall": [1.0, 1.0, 1.0, 1.0, 0.125, 0.125, 1.0, 1.0, 1.0, 0.875, 1.0, 1.0, 1.0, 1.0, 1.0, 0.875, 1.0, 1.0, 1.0, 1.0, 0.875, 1.0, 0.875, 1.0, 1.0, 0.875, 0.875, 1.0, 1.0, 1.0], "val_auc": [0.11406250298023224, 0.38093751668930054, 0.9478124976158142, 0.9628124833106995, 0.9821875095367432, 0.9815624952316284, 0.9853124618530273, 0.9884375333786011, 0.9890625476837158, 0.9871875047683716, 0.9943749308586121, 0.9884375333786011, 0.9956249594688416, 0.9962500333786011, 0.9937500357627869, 0.997499942779541, 0.9990625381469727, 0.9999999403953552, 0.9946874976158142, 0.996874988079071, 0.996874988079071, 0.9993749856948853, 0.9975000023841858, 0.9959374666213989, 0.9981250166893005, 0.9993749856948853, 0.9993749856948853, 1.0, 0.9999999403953552, 1.0], "f1": [0.6521078697522901, 0.6666666666666666, 0.6666666666666666, 0.6643545375863996, 0.7841760410479621, 0.8289538959978612, 0.8341535525984857, 0.8411534860049834, 0.8796131273443017, 0.8645962647857139, 0.8723511424961019, 0.8992049179996638, 0.877480156833724, 0.9027277523871564, 0.9243214765402372, 0.9240041938104762, 0.9162330949090055, 0.9426381469599118, 0.9175365469059094, 0.9332983154680131, 0.9506798263437845, 0.939861631542407, 0.9276663238555444, 0.9405204255753924, 0.9432661831379943, 0.9669197508055201, 0.9338254509789402, 0.9630428808836052, 0.9527173992985809, 0.9792349715605753], "val_f1": [0.07407407673134561, 0.07407407673134561, 0.07407407673134561, 0.10256410492026907, 0.2222222222222222, 0.2, 0.6666666666666666, 0.6666666666666666, 0.571428577510678, 0.6363636363636364, 0.6956521975746223, 0.12403100287622, 0.6666666666666666, 0.6956521975746223, 0.5517241453727558, 0.875, 0.6956521975746223, 0.8421052776875586, 0.8421052776875586, 0.8000000143051146, 0.8235294191895058, 0.9411764743006353, 0.875, 0.7619047794752919, 0.8000000143051146, 0.875, 0.875, 1.0, 0.9411764743006353, 0.9411764743006353]}