{"loss": [0.6999568939208984, 0.658076822757721, 0.5569424033164978, 0.46655791997909546, 0.3338222801685333, 0.3216610252857208, 0.2720993161201477, 0.26275864243507385, 0.24103745818138123, 0.21595336496829987, 0.23271232843399048, 0.16980795562267303, 0.17916959524154663, 0.15782056748867035, 0.25665438175201416, 0.10727693140506744, 0.13892212510108948, 0.12317224591970444, 0.15265753865242004, 0.09625233709812164, 0.1427774727344513, 0.09995025396347046, 0.06812243908643723, 0.1315421164035797, 0.23242823779582977, 0.05657905712723732, 0.06435494869947433, 0.098444864153862, 0.0858510360121727, 0.11934993416070938], "accuracy": [0.5252100825309753, 0.5, 0.5263888835906982, 0.7266666889190674, 0.7969444394111633, 0.7958333492279053, 0.8263888955116272, 0.8336111307144165, 0.8641666769981384, 0.8752777576446533, 0.8802777528762817, 0.9044444561004639, 0.9036111235618591, 0.9166666865348816, 0.8666666746139526, 0.9372222423553467, 0.9319444298744202, 0.9355555772781372, 0.9247221946716309, 0.9522222280502319, 0.9211111068725586, 0.945277750492096, 0.9661111235618591, 0.9361110925674438, 0.9350000023841858, 0.9725000262260437, 0.9674999713897705, 0.9544444680213928, 0.9649999737739563, 0.9586111307144165], "precision": [0.5, 0.5, 0.5137323141098022, 0.6655844449996948, 0.7304872870445251, 0.7253491282463074, 0.7535606622695923, 0.7623416185379028, 0.7986332774162292, 0.8128763437271118, 0.8224210739135742, 0.8523717522621155, 0.8484412431716919, 0.8683693408966064, 0.8058387637138367, 0.8978766202926636, 0.8901153802871704, 0.8987792730331421, 0.8794044852256775, 0.9257321953773499, 0.8771144151687622, 0.9116589426994324, 0.9443855881690979, 0.8980730175971985, 0.9040247797966003, 0.9531166553497314, 0.9454737901687622, 0.9291710257530212, 0.9461620450019836, 0.938396155834198], "recall": [0.9811946749687195, 1.0, 0.9872221946716309, 0.9111111164093018, 0.9411110877990723, 0.9522222280502319, 0.9700000286102295, 0.9694444537162781, 0.9738888740539551, 0.9750000238418579, 0.9700000286102295, 0.9783333539962769, 0.9827777743339539, 0.9822221994400024, 0.9661111235618591, 0.9866666793823242, 0.9855555295944214, 0.9816666841506958, 0.9844444394111633, 0.9833333492279053, 0.9794444441795349, 0.9861111044883728, 0.9905555844306946, 0.9838888645172119, 0.9733333587646484, 0.9938889145851135, 0.992222249507904, 0.9838888645172119, 0.9861111044883728, 0.9816666841506958], "auc": [0.5665702819824219, 0.5560188293457031, 0.7363460063934326, 0.852510929107666, 0.9258533716201782, 0.9293157458305359, 0.9471214413642883, 0.9520413279533386, 0.9602177143096924, 0.9660592675209045, 0.9629834890365601, 0.9778964519500732, 0.9725471138954163, 0.9809127449989319, 0.955096960067749, 0.9912991523742676, 0.9832513928413391, 0.9884663224220276, 0.9800022840499878, 0.9924924373626709, 0.984811544418335, 0.991901159286499, 0.9959279298782349, 0.9873093962669373, 0.9758935570716858, 0.9962708950042725, 0.9951058030128479, 0.9916517734527588, 0.9917958974838257, 0.9905634522438049], "val_loss": [1.3092968463897705, 2.1446642875671387, 0.38562697172164917, 0.642183244228363, 0.692841649055481, 0.3444958031177521, 0.14147554337978363, 0.08391901105642319, 0.061614420264959335, 0.05811143293976784, 0.07372109591960907, 0.058915652334690094, 0.03597412630915642, 0.524291455745697, 0.10039590299129486, 0.02480950951576233, 0.01794387772679329, 0.02428790181875229, 0.027147885411977768, 0.06486140191555023, 0.026897123083472252, 0.005707224365323782, 0.022344768047332764, 0.005755712278187275, 0.008063784800469875, 0.015619741752743721, 0.028860289603471756, 0.014709079638123512, 0.004632709547877312, 0.03351152315735817], "val_accuracy": [0.03846153989434242, 0.03846153989434242, 0.9615384340286255, 0.817307710647583, 0.745192289352417, 0.9278846383094788, 0.9375, 0.9663461446762085, 0.9759615659713745, 0.9663461446762085, 0.9519230723381042, 0.9615384340286255, 0.9855769276618958, 0.7740384340286255, 0.9759615659713745, 0.9903846383094788, 0.995192289352417, 0.9903846383094788, 0.9903846383094788, 0.9855769276618958, 0.9855769276618958, 1.0, 0.9903846383094788, 1.0, 1.0, 0.9903846383094788, 0.995192289352417, 0.9903846383094788, 0.995192289352417, 0.9855769276618958], "val_precision": [0.03846153989434242, 0.03846153989434242, 0.5, 0.15909090638160706, 0.13114753365516663, 0.3478260934352875, 0.380952388048172, 0.5384615659713745, 0.6666666865348816, 0.5555555820465088, 0.4166666567325592, 0.5, 0.8571428656578064, 0.145454540848732, 0.6363636255264282, 1.0, 1.0, 1.0, 1.0, 0.7272727489471436, 1.0, 1.0, 1.0, 1.0, 1.0, 1.0, 0.8888888955116272, 1.0, 1.0, 1.0], "val_recall": [1.0, 1.0, 0.875, 0.875, 1.0, 1.0, 1.0, 0.875, 0.75, 0.625, 0.625, 0.75, 0.75, 1.0, 0.875, 0.75, 0.875, 0.75, 0.75, 1.0, 0.625, 1.0, 0.75, 1.0, 1.0, 0.75, 1.0, 0.75, 0.875, 0.625], "val_auc": [0.49312499165534973, 0.8678125143051147, 0.9693750143051147, 0.9306250214576721, 0.9649999737739563, 0.9721875190734863, 0.9821875095367432, 0.9881249666213989, 0.9865625500679016, 0.9868749976158142, 0.9824999570846558, 0.987500011920929, 0.9937499165534973, 0.9921875, 0.9975000619888306, 0.997499942779541, 0.9984375238418579, 0.9996874332427979, 1.0, 0.9999999403953552, 0.9999999403953552, 1.0, 1.0, 1.0, 0.9999999403953552, 1.0, 0.9984375238418579, 1.0, 1.0, 1.0], "f1": [0.6624346492397705, 0.6666666666666666, 0.6757938893444074, 0.7692307907639642, 0.8225297364245034, 0.8234446307402263, 0.8481904557569363, 0.8535094094695866, 0.8775970023052144, 0.8865875391507936, 0.8901350961585528, 0.9110191612964004, 0.9106821069968901, 0.9217935188297555, 0.878726649113349, 0.9401799826960424, 0.9354073045515665, 0.9383961983817449, 0.9289646215745042, 0.9536637888006491, 0.9254593104022443, 0.9474245925993096, 0.9669197508055201, 0.9390243765665565, 0.9373996972151932, 0.973075878863807, 0.9682840979419587, 0.9557474181754925, 0.9657236084535678, 0.9595438477677786], "val_f1": [0.07407407673134561, 0.07407407673134561, 0.6363636363636364, 0.26923076535117696, 0.23188404651580544, 0.5161290393907744, 0.5517241453727558, 0.6666666877513026, 0.7058823640783763, 0.5882353089672469, 0.49999999284744256, 0.6, 0.8000000037087335, 0.25396824694755066, 0.7368420979983258, 0.8571428571428571, 0.9333333333333333, 0.8571428571428571, 0.8571428571428571, 0.8421052776875586, 0.7692307692307693, 1.0, 0.8571428571428571, 1.0, 1.0, 0.8571428571428571, 0.9411764743006353, 0.8571428571428571, 0.9333333333333333, 0.7692307692307693]}