{"loss": [0.8156800866127014, 0.6400359869003296, 0.676522970199585, 0.6382805705070496, 0.5278981924057007, 0.4105141758918762, 0.36151590943336487, 0.2973564565181732, 0.27471715211868286, 0.22543777525424957, 0.21019333600997925, 0.2536834180355072, 0.15482564270496368, 0.16673636436462402, 0.16672010719776154, 0.1711335927248001, 0.10714933276176453, 0.1333426535129547, 0.1743623912334442, 0.09159694612026215, 0.08083080500364304, 0.17821431159973145, 0.06738236546516418, 0.10941743850708008, 0.21298739314079285, 0.06318487972021103, 0.08349045366048813, 0.034323640167713165, 0.1516125202178955, 0.08352876454591751], "accuracy": [0.5245471000671387, 0.5, 0.5, 0.5, 0.6008333563804626, 0.7797222137451172, 0.7955555319786072, 0.8199999928474426, 0.8447222113609314, 0.8600000143051147, 0.8708333373069763, 0.8725000023841858, 0.9130555391311646, 0.9016666412353516, 0.9088888764381409, 0.9130555391311646, 0.9461110830307007, 0.9219444394111633, 0.9166666865348816, 0.9519444704055786, 0.9580555558204651, 0.9183333516120911, 0.9627777934074402, 0.945277750492096, 0.9413889050483704, 0.9750000238418579, 0.9608333110809326, 0.9838888645172119, 0.933055579662323, 0.9630555510520935], "precision": [0.4997114837169647, 0.5, 0.5, 0.5, 0.5600000023841858, 0.7120000123977661, 0.7277397513389587, 0.7526316046714783, 0.7834627628326416, 0.79294753074646, 0.8054919838905334, 0.8077099323272705, 0.8621529340744019, 0.8472622632980347, 0.8572815656661987, 0.8664366602897644, 0.9134912490844727, 0.875432550907135, 0.8669275641441345, 0.9217211008071899, 0.9274235367774963, 0.8735119104385376, 0.9365828037261963, 0.9112365245819092, 0.9174987077713013, 0.9606680870056152, 0.9377308487892151, 0.9718309640884399, 0.8991295695304871, 0.9398416876792908], "recall": [0.9574350714683533, 1.0, 1.0, 1.0, 0.9411110877990723, 0.9394444227218628, 0.9444444179534912, 0.95333331823349, 0.9527778029441833, 0.9744444489479065, 0.9777777791023254, 0.9777777791023254, 0.9833333492279053, 0.9800000190734863, 0.9811111092567444, 0.9766666889190674, 0.9855555295944214, 0.9838888645172119, 0.9844444394111633, 0.9877777695655823, 0.9938889145851135, 0.9783333539962769, 0.9927777647972107, 0.9866666793823242, 0.9700000286102295, 0.9905555844306946, 0.9872221946716309, 0.996666669845581, 0.9755555391311646, 0.9894444346427917], "auc": [0.5691270232200623, 0.5588057041168213, 0.5508748888969421, 0.589749276638031, 0.7896679043769836, 0.8766384124755859, 0.9051533937454224, 0.9420397877693176, 0.9483414888381958, 0.9634876251220703, 0.9671173095703125, 0.9539024233818054, 0.9803517460823059, 0.9794763326644897, 0.9784444570541382, 0.9787884950637817, 0.9884580373764038, 0.986821174621582, 0.9772706031799316, 0.9924556612968445, 0.9919641017913818, 0.9792270064353943, 0.9944251775741577, 0.9901109337806702, 0.9814422726631165, 0.9947410225868225, 0.9937443733215332, 0.9977777600288391, 0.9820796251296997, 0.9930350184440613], "val_loss": [1.4707465171813965, 1.7320473194122314, 1.1952792406082153, 0.8350563049316406, 0.6970590353012085, 0.3130417466163635, 0.3005172610282898, 0.14441968500614166, 0.13725583255290985, 0.08872976899147034, 0.14277812838554382, 0.06228058785200119, 0.09940465539693832, 0.012094002217054367, 0.021982427686452866, 0.04381279647350311, 0.2475878894329071, 0.011269104667007923, 0.00645664194598794, 0.0028160337824374437, 0.030266813933849335, 0.026761941611766815, 0.004720143508166075, 0.0061005461029708385, 0.007678275927901268, 0.061030302196741104, 0.0180024616420269, 0.015400780364871025, 0.01225134264677763, 0.017807407304644585], "val_accuracy": [0.043062202632427216, 0.043062202632427216, 0.043062202632427216, 0.043062202632427216, 0.760765552520752, 0.9521530866622925, 0.9282296895980835, 0.9760765433311462, 0.9617224931716919, 0.9665071964263916, 0.9521530866622925, 0.9712918400764465, 0.9569377899169922, 1.0, 0.9904305934906006, 0.980861246585846, 0.8851674795150757, 0.9952152967453003, 0.9952152967453003, 1.0, 0.9856459498405457, 1.0, 1.0, 1.0, 1.0, 0.9760765433311462, 0.9952152967453003, 0.9952152967453003, 0.9952152967453003, 0.9904305934906006], "val_precision": [0.043062202632427216, 0.043062202632427216, 0.043062202632427216, 0.043062202632427216, 0.1525423675775528, 0.47058823704719543, 0.3636363744735718, 0.699999988079071, 0.5333333611488342, 0.5625, 0.4736842215061188, 0.6000000238418579, 0.5, 1.0, 1.0, 0.692307710647583, 0.27272728085517883, 1.0, 1.0, 1.0, 1.0, 1.0, 1.0, 1.0, 1.0, 0.6428571343421936, 1.0, 1.0, 1.0, 1.0], "val_recall": [1.0, 1.0, 1.0, 1.0, 1.0, 0.8888888955116272, 0.8888888955116272, 0.7777777910232544, 0.8888888955116272, 1.0, 1.0, 1.0, 1.0, 1.0, 0.7777777910232544, 1.0, 1.0, 0.8888888955116272, 0.8888888955116272, 1.0, 0.6666666865348816, 1.0, 1.0, 1.0, 1.0, 1.0, 0.8888888955116272, 0.8888888955116272, 0.8888888955116272, 0.7777777910232544], "val_auc": [0.6347222328186035, 0.7316666841506958, 0.10555554926395416, 0.9611111283302307, 0.9511110782623291, 0.9716666340827942, 0.9702777862548828, 0.9825000166893005, 0.9838888645172119, 0.9922221899032593, 0.9944444298744202, 0.9999998807907104, 1.0, 1.0, 0.9999999403953552, 0.9999998807907104, 0.9988889694213867, 1.0, 1.0, 1.0, 1.0, 1.0, 0.9999999403953552, 1.0, 1.0, 1.0, 0.9999998807907104, 1.0, 0.9994444847106934, 1.0], "f1": [0.6566824708517551, 0.6666666666666666, 0.6666666666666666, 0.6666666666666666, 0.7021761611886093, 0.8100598801878857, 0.8220502962490814, 0.8411764807767104, 0.8598646346294552, 0.8743768541672988, 0.8833124179388285, 0.8846443677369318, 0.9187645986650473, 0.9088099089033768, 0.9150259129175189, 0.9182554245007978, 0.9481560558477914, 0.926497518210803, 0.9219562770259497, 0.9536068622435165, 0.9595065827786172, 0.9229559872064695, 0.9638619111433523, 0.9474526561345807, 0.9430191985125815, 0.9753829376898534, 0.9618403001546361, 0.984092146146121, 0.935784711682368, 0.9640054075549075], "val_f1": [0.08256881041945346, 0.08256881041945346, 0.08256881041945346, 0.08256881041945346, 0.264705874367414, 0.6153846184706547, 0.5161290442906359, 0.7368421046027184, 0.6666666902601716, 0.72, 0.642857152968645, 0.7500000186264513, 0.6666666666666666, 1.0, 0.8750000083819031, 0.8181818309894276, 0.4285714386069044, 0.9411764743006353, 0.9411764743006353, 1.0, 0.8000000143051146, 1.0, 1.0, 1.0, 1.0, 0.7826086893424195, 0.9411764743006353, 0.9411764743006353, 0.9411764743006353, 0.8750000083819031]}