{"loss": [0.705463171005249, 0.6466452479362488, 0.6257452368736267, 0.4435376524925232, 0.38297030329704285, 0.3584970533847809, 0.2872253656387329, 0.3301325738430023, 0.24782148003578186, 0.21501222252845764, 0.20276901125907898, 0.18172232806682587, 0.16870389878749847, 0.15702477097511292, 0.1726834774017334, 0.14703567326068878, 0.11005489528179169, 0.15925335884094238, 0.0945526510477066, 0.09664860367774963, 0.07586956769227982, 0.08976078778505325, 0.14674650132656097, 0.1136152595281601, 0.0719575434923172, 0.07769487053155899, 0.06137068569660187, 0.10500162094831467, 0.03750402480363846, 0.16989095509052277], "accuracy": [0.5296743512153625, 0.5, 0.51583331823349, 0.699999988079071, 0.7925000190734863, 0.7911111116409302, 0.8308333158493042, 0.8224999904632568, 0.8608333468437195, 0.8658333420753479, 0.8744444251060486, 0.9061111211776733, 0.8999999761581421, 0.9094444513320923, 0.9138888716697693, 0.9394444227218628, 0.940833330154419, 0.929722249507904, 0.9630555510520935, 0.9544444680213928, 0.9638888835906982, 0.9572222232818604, 0.9363889098167419, 0.9597222208976746, 0.9627777934074402, 0.9652777910232544, 0.971666693687439, 0.9697222113609314, 0.9869444370269775, 0.9527778029441833], "precision": [0.5024058818817139, 0.5, 0.5080805420875549, 0.6353383660316467, 0.730819821357727, 0.7205387353897095, 0.7636122107505798, 0.7536041736602783, 0.7972540259361267, 0.8027586340904236, 0.8176248669624329, 0.8555447459220886, 0.8468208312988281, 0.861629068851471, 0.8651960492134094, 0.9023397564888, 0.9062979817390442, 0.8985059261322021, 0.9398416876792908, 0.930073618888855, 0.9408658742904663, 0.9259834289550781, 0.9005609154701233, 0.9362151026725769, 0.9384210705757141, 0.9447689652442932, 0.9525586366653442, 0.9509333372116089, 0.9776566624641418, 0.935363233089447], "recall": [0.9817478060722351, 1.0, 0.995555579662323, 0.9388889074325562, 0.926111102104187, 0.9511111378669739, 0.9583333134651184, 0.9583333134651184, 0.9677777886390686, 0.9700000286102295, 0.9638888835906982, 0.977222204208374, 0.9766666889190674, 0.9755555391311646, 0.980555534362793, 0.9855555295944214, 0.9833333492279053, 0.9688888788223267, 0.9894444346427917, 0.9827777743339539, 0.9900000095367432, 0.9938889145851135, 0.9811111092567444, 0.9866666793823242, 0.9905555844306946, 0.9883333444595337, 0.9927777647972107, 0.9905555844306946, 0.996666669845581, 0.972777783870697], "auc": [0.5580093264579773, 0.5650282502174377, 0.6720432043075562, 0.8537485003471375, 0.895980715751648, 0.9123433828353882, 0.9460209608078003, 0.9241524338722229, 0.958932101726532, 0.9692225456237793, 0.9733335971832275, 0.9747259020805359, 0.9792543053627014, 0.9836137890815735, 0.976111888885498, 0.9779529571533203, 0.9902783036231995, 0.9834656119346619, 0.9898155331611633, 0.9919230341911316, 0.9941331148147583, 0.9906250834465027, 0.9837477803230286, 0.9863954782485962, 0.9954487681388855, 0.9960932731628418, 0.9967724680900574, 0.9876155257225037, 0.9980276823043823, 0.9832393527030945], "val_loss": [1.371602177619934, 0.7873154878616333, 0.773577094078064, 0.31382042169570923, 1.0289639234542847, 0.4337756931781769, 0.31766170263290405, 0.23970451951026917, 0.466936856508255, 0.33514824509620667, 0.10098809003829956, 0.7657558917999268, 0.07185902446508408, 0.07465114444494247, 0.0840025395154953, 0.0659770742058754, 0.044724639505147934, 0.06813168525695801, 0.055617883801460266, 0.03491293266415596, 0.06157712638378143, 0.09116699546575546, 0.047654516994953156, 0.04144533351063728, 0.03897830843925476, 0.021213341504335403, 0.03524167090654373, 0.03948516771197319, 0.03215095028281212, 0.02635822631418705], "val_accuracy": [0.043062202632427216, 0.043062202632427216, 0.043062202632427216, 0.9186602830886841, 0.5837320685386658, 0.8181818127632141, 0.89952152967453, 0.9090909361839294, 0.760765552520752, 0.8660287261009216, 0.9569377899169922, 0.7320573925971985, 0.9665071964263916, 0.9665071964263916, 0.9665071964263916, 0.9760765433311462, 0.9760765433311462, 0.980861246585846, 0.980861246585846, 0.9904305934906006, 0.9904305934906006, 0.9856459498405457, 0.9856459498405457, 0.9856459498405457, 0.9904305934906006, 0.9904305934906006, 0.9904305934906006, 0.9904305934906006, 0.9856459498405457, 0.9904305934906006], "val_precision": [0.043062202632427216, 0.043062202632427216, 0.043062202632427216, 0.2777777910232544, 0.09375, 0.1627907007932663, 0.25, 0.27272728085517883, 0.1525423675775528, 0.2432432472705841, 0.5, 0.13846154510974884, 0.6000000238418579, 0.5625, 0.5833333134651184, 0.699999988079071, 0.75, 0.7777777910232544, 0.8571428656578064, 1.0, 1.0, 1.0, 1.0, 0.875, 1.0, 1.0, 1.0, 1.0, 1.0, 1.0], "val_recall": [1.0, 1.0, 1.0, 0.5555555820465088, 1.0, 0.7777777910232544, 0.6666666865348816, 0.6666666865348816, 1.0, 1.0, 0.6666666865348816, 1.0, 0.6666666865348816, 1.0, 0.7777777910232544, 0.7777777910232544, 0.6666666865348816, 0.7777777910232544, 0.6666666865348816, 0.7777777910232544, 0.7777777910232544, 0.6666666865348816, 0.6666666865348816, 0.7777777910232544, 0.7777777910232544, 0.7777777910232544, 0.7777777910232544, 0.7777777910232544, 0.6666666865348816, 0.7777777910232544], "val_auc": [0.2666666507720947, 0.9313888549804688, 0.9077777862548828, 0.9313889145851135, 0.8733332753181458, 0.9047222137451172, 0.9297221899032593, 0.9380555748939514, 0.9563888907432556, 0.970277726650238, 0.9777777791023254, 0.9536111354827881, 0.9816666841506958, 0.9924999475479126, 0.9872221946716309, 0.9850000143051147, 0.9911110997200012, 0.9861111640930176, 0.9902778267860413, 0.9950000047683716, 0.8861110806465149, 0.8888888955116272, 0.9969444274902344, 0.993055522441864, 0.9941667318344116, 0.9991666078567505, 0.9988889098167419, 0.9977778196334839, 0.9983333349227905, 0.9972222447395325], "f1": [0.6646695369872819, 0.6666666666666666, 0.6727989721402343, 0.7578475540202901, 0.8169566282015823, 0.8199233912046684, 0.849963032906446, 0.8437270522040934, 0.874278561817038, 0.8784905857953281, 0.8847526660602204, 0.9123443898302109, 0.907120765283318, 0.9150599315302176, 0.919270807527937, 0.942113625830854, 0.9432453994355713, 0.9323710198568788, 0.9640054075549075, 0.9556996266168867, 0.9648077914910352, 0.9587352703158492, 0.9391119250533714, 0.9607790298521423, 0.9637838069150881, 0.9660602715895836, 0.9722524427506857, 0.9703401519278096, 0.9870701460946139, 0.9537036989524427], "val_f1": [0.08256881041945346, 0.08256881041945346, 0.08256881041945346, 0.37037038803100586, 0.17142857142857143, 0.26923077428966935, 0.3636363665919658, 0.3870967857299312, 0.264705874367414, 0.39130435303726807, 0.5714285787270993, 0.24324325350207768, 0.6315789694931369, 0.72, 0.6666666585571908, 0.7368421046027184, 0.7058823640783763, 0.7777777910232544, 0.7500000158324837, 0.8750000083819031, 0.8750000083819031, 0.8000000143051146, 0.8000000143051146, 0.8235294191895058, 0.8750000083819031, 0.8750000083819031, 0.8750000083819031, 0.8750000083819031, 0.8000000143051146, 0.8750000083819031]}