{"loss": [0.8626432418823242, 0.618053138256073, 0.6507999897003174, 0.4528161287307739, 0.3611820936203003, 0.336138516664505, 0.2723623812198639, 0.2782513201236725, 0.25981059670448303, 0.20780491828918457, 0.30972230434417725, 0.17307494580745697, 0.18382804095745087, 0.19089652597904205, 0.1762012541294098, 0.14202409982681274, 0.149604931473732, 0.13850586116313934, 0.1360384076833725, 0.1522214412689209, 0.07699071615934372, 0.1529703289270401, 0.0884944424033165, 0.09552974998950958, 0.07913418859243393, 0.12727580964565277, 0.1063697338104248, 0.05504137650132179, 0.09606020897626877, 0.06589483469724655], "accuracy": [0.5234969854354858, 0.5, 0.5, 0.6641666889190674, 0.79666668176651, 0.8174999952316284, 0.8327777981758118, 0.8349999785423279, 0.8513888716697693, 0.8741666674613953, 0.8500000238418579, 0.8922222256660461, 0.8952777981758118, 0.8955555558204651, 0.9111111164093018, 0.9202777743339539, 0.9152777791023254, 0.925000011920929, 0.9325000047683716, 0.9194444417953491, 0.9608333110809326, 0.9311110973358154, 0.9516666531562805, 0.9513888955116272, 0.9574999809265137, 0.9469444155693054, 0.9474999904632568, 0.9766666889190674, 0.9505555629730225, 0.9697222113609314], "precision": [0.499172180891037, 0.5, 0.5, 0.6043063998222351, 0.732781171798706, 0.7536618113517761, 0.7657497525215149, 0.7668141722679138, 0.7842696905136108, 0.8110854625701904, 0.7858439087867737, 0.8342803120613098, 0.8409199714660645, 0.8371211886405945, 0.8623898029327393, 0.8732116222381592, 0.8655256628990173, 0.8798410892486572, 0.89618319272995, 0.8745039701461792, 0.9331592917442322, 0.8943089246749878, 0.9216805100440979, 0.9190304279327393, 0.9282371401786804, 0.9187923073768616, 0.9149922728538513, 0.9637838006019592, 0.9184726476669312, 0.9475913047790527], "recall": [1.0, 1.0, 1.0, 0.9511111378669739, 0.9338889122009277, 0.9433333277702332, 0.9588888883590698, 0.9627777934074402, 0.9694444537162781, 0.9755555391311646, 0.9622222185134888, 0.9788888692855835, 0.9750000238418579, 0.9822221994400024, 0.9783333539962769, 0.9833333492279053, 0.9833333492279053, 0.9844444394111633, 0.9783333539962769, 0.9794444441795349, 0.9927777647972107, 0.9777777791023254, 0.9872221946716309, 0.9900000095367432, 0.9916666746139526, 0.980555534362793, 0.9866666793823242, 0.9905555844306946, 0.9888888597488403, 0.9944444298744202], "auc": [0.5492545962333679, 0.6027506589889526, 0.631196141242981, 0.8536518216133118, 0.909799337387085, 0.9228265881538391, 0.9501271843910217, 0.9455641508102417, 0.9497638940811157, 0.9675554037094116, 0.9506539106369019, 0.9779541492462158, 0.9737023115158081, 0.9757136106491089, 0.9752720594406128, 0.984726071357727, 0.9822158217430115, 0.9854715466499329, 0.9875705242156982, 0.9818823337554932, 0.9947941899299622, 0.9822902679443359, 0.9940247535705566, 0.9908229112625122, 0.9935259819030762, 0.9875032901763916, 0.9907704591751099, 0.9974145293235779, 0.9898414015769958, 0.9952609539031982], "val_loss": [1.7438908815383911, 0.7553796172142029, 1.3857204914093018, 0.3600800633430481, 0.32029661536216736, 0.6801019906997681, 0.5584735870361328, 0.34548917412757874, 0.12908300757408142, 0.15553440153598785, 0.4337826073169708, 0.07324467599391937, 0.12140851467847824, 0.21070954203605652, 0.03148718550801277, 0.03221471607685089, 0.023656783625483513, 0.04582484811544418, 0.02314222976565361, 0.05018587410449982, 0.01977534219622612, 0.013685147278010845, 0.013124988414347172, 0.012409422546625137, 0.019282277673482895, 0.029250936582684517, 0.0063258628360927105, 0.20920148491859436, 0.0036847773008048534, 0.07681899517774582], "val_accuracy": [0.03846153989434242, 0.03846153989434242, 0.03846153989434242, 0.9519230723381042, 0.9471153616905212, 0.7211538553237915, 0.7980769276618958, 0.8461538553237915, 0.9471153616905212, 0.932692289352417, 0.8125, 0.9615384340286255, 0.9471153616905212, 0.9278846383094788, 0.9855769276618958, 0.9855769276618958, 0.9903846383094788, 0.9807692170143127, 0.995192289352417, 0.9807692170143127, 0.9903846383094788, 0.995192289352417, 0.995192289352417, 0.995192289352417, 0.9903846383094788, 0.9855769276618958, 0.995192289352417, 0.9086538553237915, 1.0, 0.9807692170143127], "val_precision": [0.03846153989434242, 0.03846153989434242, 0.03846153989434242, 0.4285714328289032, 0.42105263471603394, 0.12121212482452393, 0.1599999964237213, 0.20000000298023224, 0.42105263471603394, 0.3636363744735718, 0.1702127605676651, 0.5, 0.42105263471603394, 0.3478260934352875, 0.8571428656578064, 0.8571428656578064, 0.875, 0.6666666865348816, 1.0, 0.6666666865348816, 1.0, 1.0, 1.0, 1.0, 1.0, 1.0, 1.0, 0.29629629850387573, 1.0, 0.6666666865348816], "val_recall": [1.0, 1.0, 1.0, 0.75, 1.0, 1.0, 1.0, 1.0, 1.0, 1.0, 1.0, 0.875, 1.0, 1.0, 0.75, 0.75, 0.875, 1.0, 0.875, 1.0, 0.75, 0.875, 0.875, 0.875, 0.75, 0.625, 0.875, 1.0, 1.0, 1.0], "val_auc": [0.6096875071525574, 0.2800000011920929, 0.9721875190734863, 0.9815624952316284, 0.9834374189376831, 0.9821875095367432, 0.9850000143051147, 0.9828125238418579, 0.9818750023841858, 0.9868748784065247, 0.9765625, 0.9881249666213989, 0.9918749928474426, 0.9918750524520874, 0.996874988079071, 0.996874988079071, 0.9987499713897705, 0.997499942779541, 0.9987499713897705, 0.9981249570846558, 1.0, 1.0, 1.0, 1.0, 1.0, 1.0, 1.0, 1.0, 1.0, 0.9965623617172241], "f1": [0.6659304211399556, 0.6666666666666666, 0.6666666666666666, 0.7390459907107784, 0.8212017699029691, 0.8378978679734415, 0.8515046706615331, 0.8536945954664883, 0.8670807659136218, 0.8857503157776232, 0.8651348567527473, 0.9008179928739649, 0.9030100382693114, 0.9038854572383437, 0.9167100497208672, 0.9250065280154478, 0.9206762044684955, 0.9292081653382296, 0.9354581694888985, 0.9240041938104762, 0.9620457664605427, 0.9341825807915288, 0.9533261738945507, 0.9531960460766762, 0.9589041190103369, 0.9486697087597848, 0.9494787553315955, 0.9769863240556436, 0.9523809364197927, 0.9704526832541597], "val_f1": [0.07407407673134561, 0.07407407673134561, 0.07407407673134561, 0.545454548902748, 0.5925925956995562, 0.21621622196334045, 0.27586206365000193, 0.3333333374725448, 0.5925925956995562, 0.5333333449893527, 0.290909083037337, 0.6363636363636364, 0.5925925956995562, 0.5161290393907744, 0.8000000037087335, 0.8000000037087335, 0.875, 0.8000000143051146, 0.9333333333333333, 0.8000000143051146, 0.8571428571428571, 0.9333333333333333, 0.9333333333333333, 0.9333333333333333, 0.8571428571428571, 0.7692307692307693, 0.9333333333333333, 0.4571428597703272, 1.0, 0.8000000143051146]}