{"loss": [0.7061675190925598, 0.635921835899353, 0.481964111328125, 0.36561650037765503, 0.3374429941177368, 0.27750980854034424, 0.23069603741168976, 0.2228766530752182, 0.23534557223320007, 0.18053604662418365, 0.22373159229755402, 0.17102347314357758, 0.2156905084848404, 0.1376286894083023, 0.16613729298114777, 0.1471945345401764, 0.16289915144443512, 0.16860078275203705, 0.10192202031612396, 0.11288361251354218, 0.1670718938112259, 0.14565575122833252, 0.0738462433218956, 0.14753054082393646, 0.13093556463718414, 0.06749347597360611, 0.12157238274812698, 0.08403582125902176, 0.09140794724225998, 0.047627467662096024], "accuracy": [0.5257353186607361, 0.5, 0.6544444561004639, 0.7844444513320923, 0.7977777719497681, 0.8330555558204651, 0.8527777791023254, 0.85916668176651, 0.8525000214576721, 0.8855555653572083, 0.8680555820465088, 0.8994444608688354, 0.8752777576446533, 0.9225000143051147, 0.9047222137451172, 0.9138888716697693, 0.9108333587646484, 0.9122222065925598, 0.9350000023841858, 0.945277750492096, 0.9155555367469788, 0.9336110949516296, 0.9577777981758118, 0.929722249507904, 0.9438889026641846, 0.9616666436195374, 0.9402777552604675, 0.9572222232818604, 0.9574999809265137, 0.9736111164093018], "precision": [0.5002893805503845, 0.5, 0.5948158502578735, 0.714046835899353, 0.7257792949676514, 0.7642133235931396, 0.7824733257293701, 0.7910851240158081, 0.7828800678253174, 0.8230912685394287, 0.8004535436630249, 0.8414055109024048, 0.8111469149589539, 0.8748151659965515, 0.8507462739944458, 0.8620019555091858, 0.8567293882369995, 0.865517258644104, 0.8895522356033325, 0.9087200164794922, 0.8681102395057678, 0.9021123051643372, 0.9291666746139526, 0.8912493586540222, 0.9110082387924194, 0.9355345964431763, 0.9078744053840637, 0.9290928244590759, 0.9286829829216003, 0.9546666741371155], "recall": [0.9563053250312805, 1.0, 0.9688888788223267, 0.948888897895813, 0.9572222232818604, 0.9633333086967468, 0.977222204208374, 0.976111114025116, 0.9755555391311646, 0.9822221994400024, 0.980555534362793, 0.9844444394111633, 0.9783333539962769, 0.9861111044883728, 0.9816666841506958, 0.9855555295944214, 0.9866666793823242, 0.976111114025116, 0.9933333396911621, 0.9900000095367432, 0.9800000190734863, 0.972777783870697, 0.9911110997200012, 0.9788888692855835, 0.9838888645172119, 0.9916666746139526, 0.9800000190734863, 0.9900000095367432, 0.9911110997200012, 0.9944444298744202], "auc": [0.5637266039848328, 0.5929819941520691, 0.81936115026474, 0.9053680896759033, 0.9215652346611023, 0.9452450275421143, 0.9581243991851807, 0.9629554152488708, 0.9565362334251404, 0.9757678508758545, 0.9633577466011047, 0.978017270565033, 0.9660678505897522, 0.9837520718574524, 0.9788364768028259, 0.9833128452301025, 0.9783599972724915, 0.9810966849327087, 0.991574227809906, 0.9873243570327759, 0.9759644865989685, 0.9859712719917297, 0.9962373971939087, 0.9835693836212158, 0.9837251305580139, 0.9963581562042236, 0.9888728857040405, 0.9924125075340271, 0.9928983449935913, 0.9973086714744568], "val_loss": [1.6179009675979614, 0.9711853265762329, 0.11661748588085175, 0.31874942779541016, 0.2856944799423218, 0.162236288189888, 0.11010503768920898, 0.10918794572353363, 0.179282084107399, 0.17259757220745087, 0.09996672719717026, 0.28771963715553284, 0.11240504682064056, 0.11111760884523392, 0.11802960187196732, 0.17679700255393982, 0.09152141213417053, 0.2308315634727478, 0.1401834636926651, 0.1154504343867302, 0.113784559071064, 0.08369879424571991, 0.06613443791866302, 0.09065060317516327, 0.08910930901765823, 0.14553822576999664, 0.07040775567293167, 0.10597709566354752, 0.06770683079957962, 0.07704153656959534], "val_accuracy": [0.03846153989434242, 0.03846153989434242, 0.9663461446762085, 0.8990384340286255, 0.9086538553237915, 0.9230769276618958, 0.9663461446762085, 0.942307710647583, 0.9182692170143127, 0.9134615659713745, 0.9663461446762085, 0.8846153616905212, 0.9471153616905212, 0.9759615659713745, 0.9615384340286255, 0.9230769276618958, 0.9615384340286255, 0.9038461446762085, 0.9711538553237915, 0.9759615659713745, 0.9759615659713745, 0.9615384340286255, 0.9855769276618958, 0.9759615659713745, 0.9759615659713745, 0.9759615659713745, 0.9759615659713745, 0.9759615659713745, 0.9807692170143127, 0.9759615659713745], "val_precision": [0.03846153989434242, 0.03846153989434242, 0.6666666865348816, 0.21739129722118378, 0.2380952388048172, 0.2777777910232544, 0.6666666865348816, 0.30000001192092896, 0.2857142984867096, 0.27272728085517883, 0.6000000238418579, 0.2142857164144516, 0.3333333432674408, 1.0, 0.5, 0.3181818127632141, 0.5, 0.25, 0.75, 1.0, 1.0, 0.5, 1.0, 1.0, 1.0, 1.0, 1.0, 1.0, 1.0, 1.0], "val_recall": [1.0, 1.0, 0.25, 0.625, 0.625, 0.625, 0.25, 0.375, 0.75, 0.75, 0.375, 0.75, 0.375, 0.375, 0.375, 0.875, 0.5, 0.75, 0.375, 0.375, 0.375, 0.5, 0.625, 0.375, 0.375, 0.375, 0.375, 0.375, 0.5, 0.375], "val_auc": [0.2981249988079071, 0.36531248688697815, 0.9290624856948853, 0.9087499380111694, 0.9234374761581421, 0.926562488079071, 0.9243749380111694, 0.9343749284744263, 0.9409374594688416, 0.9434375166893005, 0.9506250023841858, 0.9387499690055847, 0.9443749785423279, 0.8865625262260437, 0.9049999713897705, 0.9803125262260437, 0.9624999761581421, 0.9590625762939453, 0.8574999570846558, 0.8543750047683716, 0.8556249737739563, 0.9740625619888306, 0.9887499809265137, 0.9100000262260437, 0.9178125262260437, 0.75, 0.9287500381469727, 0.862500011920929, 0.9878125190734863, 0.9353125691413879], "f1": [0.656914921966411, 0.6666666666666666, 0.7371090609940105, 0.8148855080721811, 0.8255869799374471, 0.8522978608007636, 0.8690711490647072, 0.8739119799709368, 0.8686618760686543, 0.8956433666110228, 0.8813982611577802, 0.9073220681201407, 0.8869302396486828, 0.9271350114685022, 0.9115295437454951, 0.9196474811993646, 0.917118524303604, 0.9174934835724374, 0.9385826782207878, 0.9476203048940025, 0.9206680687196217, 0.9361133371523752, 0.9591397838463519, 0.9330156069859363, 0.9460470017773157, 0.9627831780457656, 0.9425594447028521, 0.9585798964814525, 0.9588820184591739, 0.9741496567624849], "val_f1": [0.07407407673134561, 0.07407407673134561, 0.3636363665919658, 0.32258063731530945, 0.3448275869510687, 0.3846153973122318, 0.3636363665919658, 0.3333333406919313, 0.4137931168433742, 0.4000000087420145, 0.4615384685922655, 0.3333333359088427, 0.3529411820391882, 0.5454545454545454, 0.42857142857142855, 0.46666666083865693, 0.5, 0.375, 0.5, 0.5454545454545454, 0.5454545454545454, 0.5, 0.7692307692307693, 0.5454545454545454, 0.5454545454545454, 0.5454545454545454, 0.5454545454545454, 0.5454545454545454, 0.6666666666666666, 0.5454545454545454]}