{"loss": [0.709719717502594, 0.6495468616485596, 0.5766355991363525, 0.45013314485549927, 0.3577529191970825, 0.31246399879455566, 0.2594517469406128, 0.2803249657154083, 0.1951128989458084, 0.2523792088031769, 0.2041216343641281, 0.17185455560684204, 0.19522468745708466, 0.17376425862312317, 0.1576073318719864, 0.14209604263305664, 0.13983957469463348, 0.12645865976810455, 0.13460327684879303, 0.09836573153734207, 0.11331824958324432, 0.06643631309270859, 0.10728077590465546, 0.14813826978206635, 0.05596211925148964, 0.11763373762369156, 0.07859649509191513, 0.05585479363799095, 0.15196582674980164, 0.05133973807096481], "accuracy": [0.5309873819351196, 0.5, 0.5213888883590698, 0.7094444632530212, 0.8066666722297668, 0.831944465637207, 0.8558333516120911, 0.8516666889190674, 0.8941666483879089, 0.8702777624130249, 0.882777750492096, 0.8974999785423279, 0.8861111402511597, 0.9055555462837219, 0.9183333516120911, 0.9286110997200012, 0.9272222518920898, 0.9372222423553467, 0.9375, 0.9527778029441833, 0.9427777528762817, 0.9655555486679077, 0.9466666579246521, 0.9405555725097656, 0.9702777862548828, 0.9577777981758118, 0.9669444561004639, 0.9750000238418579, 0.9397222399711609, 0.9752777814865112], "precision": [0.5031179189682007, 0.5, 0.5110791325569153, 0.6479591727256775, 0.7395833134651184, 0.7633318901062012, 0.787865161895752, 0.7861663699150085, 0.8376963138580322, 0.8124706745147705, 0.822263777256012, 0.840876579284668, 0.8303232192993164, 0.8506243824958801, 0.8713017702102661, 0.8828784227371216, 0.8822067379951477, 0.8950803279876709, 0.9019908308982849, 0.9325902462005615, 0.905804455280304, 0.94291752576828, 0.9174454808235168, 0.9164915680885315, 0.9476467370986938, 0.9296141862869263, 0.944944441318512, 0.9616630673408508, 0.9040326476097107, 0.9611859917640686], "recall": [0.9817478060722351, 1.0, 0.9866666793823242, 0.9172222018241882, 0.9466666579246521, 0.9622222185134888, 0.9738888740539551, 0.9661111235618591, 0.9777777791023254, 0.9627777934074402, 0.9766666889190674, 0.980555534362793, 0.9705555438995361, 0.9838888645172119, 0.9816666841506958, 0.9883333444595337, 0.9861111044883728, 0.9905555844306946, 0.9816666841506958, 0.976111114025116, 0.9883333444595337, 0.9911110997200012, 0.9816666841506958, 0.9694444537162781, 0.995555579662323, 0.9905555844306946, 0.9916666746139526, 0.9894444346427917, 0.9838888645172119, 0.9905555844306946], "auc": [0.5563077330589294, 0.5648574233055115, 0.7146145105361938, 0.87242192029953, 0.9077847003936768, 0.9283198714256287, 0.948003351688385, 0.9404328465461731, 0.9711804389953613, 0.9595380425453186, 0.9692220687866211, 0.9760148525238037, 0.9716967344284058, 0.9731916785240173, 0.9818873405456543, 0.9814358353614807, 0.9821637272834778, 0.986131489276886, 0.9879998564720154, 0.9925756454467773, 0.9892377853393555, 0.9955723881721497, 0.9920681715011597, 0.983165979385376, 0.9972200989723206, 0.982782781124115, 0.9947101473808289, 0.995401918888092, 0.982528567314148, 0.9976192116737366], "val_loss": [2.0334837436676025, 0.8300173878669739, 0.7961707711219788, 0.6965948939323425, 0.286291241645813, 0.7002179622650146, 0.15465527772903442, 0.3716202974319458, 0.2544737458229065, 0.593704342842102, 0.11249765753746033, 0.06436632573604584, 0.09879609942436218, 0.07169833779335022, 0.08958090096712112, 0.04144306480884552, 0.06643765419721603, 0.06620241701602936, 0.039367515593767166, 0.04572630673646927, 0.06446650624275208, 0.010397979989647865, 0.03376958146691322, 0.192081481218338, 0.07206876575946808, 0.028032956644892693, 0.02992469072341919, 0.08622534573078156, 0.026630906388163567, 0.05614157021045685], "val_accuracy": [0.03846153989434242, 0.03846153989434242, 0.629807710647583, 0.7211538553237915, 0.9278846383094788, 0.6586538553237915, 0.9278846383094788, 0.8509615659713745, 0.8894230723381042, 0.7740384340286255, 0.9519230723381042, 0.9855769276618958, 0.9567307829856873, 0.9663461446762085, 0.9615384340286255, 0.9855769276618958, 0.9759615659713745, 0.9855769276618958, 0.9855769276618958, 0.9807692170143127, 0.9855769276618958, 0.995192289352417, 0.9855769276618958, 0.9519230723381042, 0.9855769276618958, 0.9903846383094788, 0.9855769276618958, 0.9855769276618958, 0.9903846383094788, 0.9855769276618958], "val_precision": [0.03846153989434242, 0.03846153989434242, 0.0941176488995552, 0.12121212482452393, 0.29411765933036804, 0.10126582533121109, 0.29411765933036804, 0.18918919563293457, 0.20000000298023224, 0.145454540848732, 0.4166666567325592, 1.0, 0.4545454680919647, 0.5555555820465088, 0.5, 1.0, 0.7142857313156128, 1.0, 1.0, 0.8333333134651184, 1.0, 1.0, 1.0, 0.4444444477558136, 1.0, 1.0, 1.0, 1.0, 1.0, 1.0], "val_recall": [1.0, 1.0, 1.0, 1.0, 0.625, 1.0, 0.625, 0.875, 0.625, 1.0, 0.625, 0.625, 0.625, 0.625, 0.75, 0.625, 0.625, 0.625, 0.625, 0.625, 0.625, 0.875, 0.625, 1.0, 0.625, 0.75, 0.625, 0.625, 0.75, 0.625], "val_auc": [0.32999998331069946, 0.9568750262260437, 0.8949999809265137, 0.9221875071525574, 0.9474999904632568, 0.9306249618530273, 0.9606249928474426, 0.9571875333786011, 0.9515625238418579, 0.9346874952316284, 0.9671875238418579, 0.9803124666213989, 0.9806249737739563, 0.98499995470047, 0.984375, 0.9937499761581421, 0.9859374761581421, 0.9943749904632568, 0.9906250238418579, 0.9931250214576721, 0.9965625405311584, 1.0, 1.0, 0.9943749904632568, 0.9375, 0.9996874928474426, 1.0, 0.875, 0.9996874928474426, 1.0], "f1": [0.6652923625524574, 0.6666666666666666, 0.6733649282832878, 0.759429608304083, 0.8304093408379124, 0.8513148339899034, 0.8710558906270556, 0.866899309923898, 0.9023327234493306, 0.8812611162347576, 0.8928390016744048, 0.9053603231827311, 0.894979517985995, 0.9124162599394446, 0.9231974971229854, 0.9326343491332199, 0.9312696598080613, 0.9404008605936325, 0.9401436737072937, 0.9538545139823817, 0.9452709795839467, 0.9664138509568562, 0.9484702164090364, 0.9422246113215373, 0.9710105721157667, 0.959117821387605, 0.9677419530519172, 0.9753559647682584, 0.9422718576273199, 0.9756498128965855], "val_f1": [0.07407407673134561, 0.07407407673134561, 0.1720430138280232, 0.21621622196334045, 0.4000000113487242, 0.18390805017626857, 0.4000000113487242, 0.3111111198236912, 0.30303030645113893, 0.25396824694755066, 0.49999999284744256, 0.7692307692307693, 0.5263157985547242, 0.5882353089672469, 0.6, 0.7692307692307693, 0.6666666740841335, 0.7692307692307693, 0.7692307692307693, 0.7142857069871863, 0.7692307692307693, 0.9333333333333333, 0.7692307692307693, 0.6153846185588272, 0.7692307692307693, 0.8571428571428571, 0.7692307692307693, 0.7692307692307693, 0.8571428571428571, 0.7692307692307693]}