{"loss": [1.013733148574829, 0.6561383008956909, 0.6969949007034302, 0.6108723282814026, 0.5313435792922974, 0.40268680453300476, 0.3376278877258301, 0.3065353035926819, 0.2707726061344147, 0.24753494560718536, 0.2536969780921936, 0.2047736793756485, 0.1984432339668274, 0.18059049546718597, 0.24806243181228638, 0.1512412279844284, 0.202005535364151, 0.12535923719406128, 0.13035324215888977, 0.13345475494861603, 0.1325998306274414, 0.19298747181892395, 0.13475632667541504, 0.15191121399402618, 0.15725642442703247, 0.1915520876646042, 0.09443117678165436, 0.10687647759914398, 0.11883312463760376, 0.13112148642539978], "accuracy": [0.5253347158432007, 0.5, 0.49222221970558167, 0.5, 0.6702777743339539, 0.7508333325386047, 0.8013888597488403, 0.8033333420753479, 0.8333333134651184, 0.8472222089767456, 0.8330555558204651, 0.8838889002799988, 0.8922222256660461, 0.8919444680213928, 0.8616666793823242, 0.9077777862548828, 0.8949999809265137, 0.9277777671813965, 0.9269444346427917, 0.925000011920929, 0.9222221970558167, 0.8916666507720947, 0.9233333468437195, 0.9133333563804626, 0.9269444346427917, 0.9305555820465088, 0.9438889026641846, 0.9480555653572083, 0.9449999928474426, 0.9366666674613953], "precision": [0.5001446604728699, 0.5, 0.49594202637672424, 0.5, 0.6082656383514404, 0.680672287940979, 0.730949342250824, 0.7307692170143127, 0.760869562625885, 0.7772848010063171, 0.7600867748260498, 0.8193160891532898, 0.8330188393592834, 0.830135703086853, 0.794037938117981, 0.8522073030471802, 0.8385714292526245, 0.8819444179534912, 0.881011426448822, 0.8775913119316101, 0.8729146122932434, 0.8347578644752502, 0.875, 0.8650637865066528, 0.8840579986572266, 0.9053347110748291, 0.906408965587616, 0.9163655042648315, 0.9137396812438965, 0.9026639461517334], "recall": [0.9557766914367676, 1.0, 0.9505555629730225, 1.0, 0.9566666483879089, 0.9449999928474426, 0.9538888931274414, 0.9605555534362793, 0.9722222089767456, 0.9733333587646484, 0.9733333587646484, 0.9850000143051147, 0.9811111092567444, 0.9855555295944214, 0.9766666889190674, 0.9866666793823242, 0.9783333539962769, 0.9877777695655823, 0.9872221946716309, 0.9877777695655823, 0.9883333444595337, 0.9766666889190674, 0.9877777695655823, 0.9794444441795349, 0.9827777743339539, 0.9616666436195374, 0.9900000095367432, 0.9861111044883728, 0.9827777743339539, 0.9788888692855835], "auc": [0.5495997071266174, 0.5805715918540955, 0.5692055225372314, 0.6407374739646912, 0.8323805332183838, 0.8821439146995544, 0.9162061810493469, 0.9338675737380981, 0.9422717690467834, 0.9523658156394958, 0.9536740183830261, 0.9667496681213379, 0.9672205448150635, 0.9757649898529053, 0.9557735323905945, 0.9812401533126831, 0.9721705317497253, 0.9862130284309387, 0.9854684472084045, 0.9838056564331055, 0.9836632013320923, 0.9772454500198364, 0.9848790764808655, 0.9833213090896606, 0.9798673987388611, 0.9828051924705505, 0.9923241138458252, 0.9892910718917847, 0.9889984130859375, 0.986562967300415], "val_loss": [1.49951171875, 0.8616484999656677, 1.0138875246047974, 0.8036561012268066, 0.9653900861740112, 0.331741064786911, 0.47915470600128174, 0.16260084509849548, 0.07675139605998993, 0.6544128060340881, 0.0856097936630249, 0.10067395865917206, 0.08403059840202332, 0.0368180014193058, 0.11934150010347366, 0.028838185593485832, 0.07752218842506409, 0.04667973518371582, 0.03138411417603493, 0.026201920583844185, 0.1166444793343544, 0.41005298495292664, 0.04556252807378769, 0.10551813989877701, 0.07114282995462418, 0.11697287112474442, 0.04905613511800766, 0.027445688843727112, 0.028454629704356194, 0.17765922844409943], "val_accuracy": [0.043062202632427216, 0.043062202632427216, 0.043062202632427216, 0.04784689098596573, 0.6555023789405823, 0.9282296895980835, 0.8468899726867676, 0.9665071964263916, 0.9712918400764465, 0.7224880456924438, 0.9712918400764465, 0.9617224931716919, 0.9569377899169922, 0.9856459498405457, 0.9569377899169922, 0.9904305934906006, 0.9569377899169922, 0.9760765433311462, 0.980861246585846, 0.9904305934906006, 0.9617224931716919, 0.8851674795150757, 0.9760765433311462, 0.9569377899169922, 0.9712918400764465, 0.9425837397575378, 0.9760765433311462, 0.9856459498405457, 0.980861246585846, 0.9282296895980835], "val_precision": [0.043062202632427216, 0.043062202632427216, 0.043062202632427216, 0.04326923191547394, 0.1111111119389534, 0.3636363744735718, 0.2195121943950653, 0.5625, 0.6000000238418579, 0.13432836532592773, 0.6000000238418579, 0.529411792755127, 0.5, 0.875, 0.5, 0.8888888955116272, 0.5, 0.6428571343421936, 0.7272727489471436, 1.0, 0.529411792755127, 0.27272728085517883, 0.6666666865348816, 0.5, 0.6000000238418579, 0.4285714328289032, 0.6428571343421936, 0.875, 0.7777777910232544, 0.375], "val_recall": [1.0, 1.0, 1.0, 1.0, 1.0, 0.8888888955116272, 1.0, 1.0, 1.0, 1.0, 1.0, 1.0, 1.0, 0.7777777910232544, 1.0, 0.8888888955116272, 1.0, 1.0, 0.8888888955116272, 0.7777777910232544, 1.0, 1.0, 0.8888888955116272, 1.0, 1.0, 1.0, 1.0, 0.7777777910232544, 0.7777777910232544, 1.0], "val_auc": [0.3380555510520935, 0.6461111307144165, 0.9536110758781433, 0.9680554866790771, 0.9255556464195251, 0.9705555438995361, 0.9736111164093018, 0.9899999499320984, 0.9908333420753479, 0.976111114025116, 0.9927777647972107, 0.9952778220176697, 0.9944444298744202, 0.9983333349227905, 0.9952777624130249, 0.9988889098167419, 0.9969443678855896, 0.9961110353469849, 0.9961110353469849, 0.9988889098167419, 0.9955555200576782, 0.9855554699897766, 0.995555579662323, 0.9975000023841858, 0.996666669845581, 0.995555579662323, 0.9977777600288391, 0.9977777600288391, 0.9977777600288391, 0.9977777600288391], "f1": [0.6566654279773129, 0.6666666666666666, 0.6518095233002488, 0.6666666666666666, 0.7436838699055166, 0.7913468351981988, 0.8276693208536196, 0.83005279878491, 0.8536585298483744, 0.8643315183925327, 0.8535931931995393, 0.8945509691894248, 0.901020390671623, 0.9011937908438615, 0.8759342377678057, 0.9145211231190631, 0.9030769322750836, 0.9318658096504279, 0.9310977215236761, 0.9294302101267499, 0.9270453354324051, 0.9001536365602316, 0.9279749441839741, 0.9187076592655262, 0.9308076959660697, 0.9326508422315732, 0.9463621996590529, 0.9499598527183372, 0.9470021460781971, 0.9392324067054818], "val_f1": [0.08256881041945346, 0.08256881041945346, 0.08256881041945346, 0.08294931086202996, 0.20000000134110452, 0.5161290442906359, 0.3599999990224838, 0.72, 0.7500000186264513, 0.23684211632551572, 0.7500000186264513, 0.6923077162906258, 0.6666666666666666, 0.8235294191895058, 0.6666666666666666, 0.8888888955116272, 0.6666666666666666, 0.7826086893424195, 0.8000000157952307, 0.8750000083819031, 0.6923077162906258, 0.4285714386069044, 0.7619047773127652, 0.6666666666666666, 0.7500000186264513, 0.6000000041723251, 0.7826086893424195, 0.8235294191895058, 0.7777777910232544, 0.5454545454545454]}