{"loss": [0.7994470000267029, 0.6543126106262207, 0.6473037600517273, 0.4952990710735321, 0.39744746685028076, 0.36008256673812866, 0.2879747748374939, 0.29204457998275757, 0.24437706172466278, 0.24479199945926666, 0.22900961339473724, 0.2207043617963791, 0.19537247717380524, 0.16174577176570892, 0.17049916088581085, 0.14559003710746765, 0.14770936965942383, 0.17179875075817108, 0.20065686106681824, 0.09383969753980637, 0.1396019458770752, 0.0820898786187172, 0.12254802137613297, 0.0752423107624054, 0.14373673498630524, 0.12360404431819916, 0.07748100906610489, 0.07849225401878357, 0.10364087671041489, 0.11536470800638199], "accuracy": [0.5269099473953247, 0.5, 0.5005555748939514, 0.6230555772781372, 0.7769444584846497, 0.7991666793823242, 0.8361111283302307, 0.8344444632530212, 0.8536111116409302, 0.8505555391311646, 0.8772222399711609, 0.875, 0.894444465637207, 0.9175000190734863, 0.9144444465637207, 0.9200000166893005, 0.9327777624130249, 0.9155555367469788, 0.9169444441795349, 0.9599999785423279, 0.9372222423553467, 0.9538888931274414, 0.9511111378669739, 0.9536111354827881, 0.9416666626930237, 0.9519444704055786, 0.9719444513320923, 0.9597222208976746, 0.9591666460037231, 0.9536111354827881], "precision": [0.5009703636169434, 0.5, 0.5002898573875427, 0.5729818940162659, 0.708315908908844, 0.7342322468757629, 0.767699122428894, 0.7685102820396423, 0.7870996594429016, 0.7814451456069946, 0.8152275085449219, 0.8127896189689636, 0.8460038900375366, 0.8770697712898254, 0.8631937503814697, 0.8735178112983704, 0.8942307829856873, 0.8706640005111694, 0.8788490891456604, 0.9330543875694275, 0.9011213183403015, 0.9250780344009399, 0.9260230660438538, 0.9206594824790955, 0.9269602298736572, 0.9279326796531677, 0.9604336023330688, 0.9307652115821838, 0.9412707090377808, 0.9263707399368286], "recall": [0.9988943934440613, 1.0, 0.9588888883590698, 0.9661111235618591, 0.9416666626930237, 0.9377777576446533, 0.9638888835906982, 0.9572222232818604, 0.9694444537162781, 0.9733333587646484, 0.9755555391311646, 0.9744444489479065, 0.9644444584846497, 0.9711111187934875, 0.9850000143051147, 0.9822221994400024, 0.9816666841506958, 0.976111114025116, 0.9672222137451172, 0.9911110997200012, 0.9822221994400024, 0.9877777695655823, 0.980555534362793, 0.9927777647972107, 0.9588888883590698, 0.9800000190734863, 0.9844444394111633, 0.9933333396911621, 0.9794444441795349, 0.9855555295944214], "auc": [0.5602969527244568, 0.5506849884986877, 0.6215523481369019, 0.8114460110664368, 0.8869789838790894, 0.9152135848999023, 0.9409871101379395, 0.9387645125389099, 0.9577222466468811, 0.9572240710258484, 0.9599300026893616, 0.965681254863739, 0.9741353392601013, 0.9813879132270813, 0.9731156229972839, 0.9834114909172058, 0.9791556596755981, 0.9802773594856262, 0.9760157465934753, 0.9929043054580688, 0.9816320538520813, 0.994294285774231, 0.9874748587608337, 0.9949253797531128, 0.9885534644126892, 0.9859293103218079, 0.996437668800354, 0.9939491152763367, 0.9895261526107788, 0.9882094860076904], "val_loss": [0.9355547428131104, 2.997040033340454, 0.9163756370544434, 0.635072648525238, 0.1677461862564087, 0.8533043265342712, 0.08369465917348862, 0.15033593773841858, 0.08571960031986237, 0.1204041838645935, 0.2461191862821579, 0.039112359285354614, 0.38355618715286255, 0.5998410582542419, 0.43240946531295776, 0.027610372751951218, 0.02595011331140995, 0.02317841723561287, 0.24541345238685608, 0.28298327326774597, 0.02655555121600628, 0.026014184579253197, 0.18989098072052002, 0.02392207831144333, 0.02361641637980938, 0.020134447142481804, 0.21632350981235504, 0.022073226049542427, 0.026241347193717957, 0.027054352685809135], "val_accuracy": [0.043062202632427216, 0.043062202632427216, 0.043062202632427216, 0.8421052694320679, 0.9617224931716919, 0.5693780183792114, 0.9760765433311462, 0.9521530866622925, 0.9617224931716919, 0.9521530866622925, 0.880382776260376, 0.9856459498405457, 0.8660287261009216, 0.779904305934906, 0.8660287261009216, 0.9952152967453003, 0.9952152967453003, 0.9952152967453003, 0.9521530866622925, 0.9186602830886841, 0.9952152967453003, 0.9952152967453003, 0.9665071964263916, 0.9952152967453003, 0.9952152967453003, 0.9952152967453003, 0.9521530866622925, 0.9952152967453003, 0.9952152967453003, 0.9952152967453003], "val_precision": [0.043062202632427216, 0.043062202632427216, 0.043062202632427216, 0.2142857164144516, 0.5333333611488342, 0.09090909361839294, 0.6666666865348816, 0.47058823704719543, 0.5333333611488342, 0.47058823704719543, 0.25, 0.800000011920929, 0.2432432472705841, 0.16363635659217834, 0.2432432472705841, 1.0, 1.0, 1.0, 0.47058823704719543, 0.3461538553237915, 1.0, 1.0, 0.5714285969734192, 1.0, 1.0, 1.0, 0.4736842215061188, 1.0, 1.0, 1.0], "val_recall": [1.0, 1.0, 1.0, 1.0, 0.8888888955116272, 1.0, 0.8888888955116272, 0.8888888955116272, 0.8888888955116272, 0.8888888955116272, 0.8888888955116272, 0.8888888955116272, 1.0, 1.0, 1.0, 0.8888888955116272, 0.8888888955116272, 0.8888888955116272, 0.8888888955116272, 1.0, 0.8888888955116272, 0.8888888955116272, 0.8888888955116272, 0.8888888955116272, 0.8888888955116272, 0.8888888955116272, 1.0, 0.8888888955116272, 0.8888888955116272, 0.8888888955116272], "val_auc": [0.5736111402511597, 0.05416666716337204, 0.9663888812065125, 0.9613889455795288, 0.9830555319786072, 0.9674999117851257, 0.9833332896232605, 0.9783332943916321, 0.9872221946716309, 0.9836111068725586, 0.9700000286102295, 0.988611102104187, 0.9905555844306946, 0.9852777719497681, 0.9813889265060425, 0.9950000047683716, 0.9941666126251221, 0.9963889122009277, 0.9941667318344116, 0.9897221922874451, 0.9911110997200012, 0.9966666102409363, 0.9961110949516296, 0.9941666126251221, 0.9952777624130249, 0.9991666674613953, 0.9955555200576782, 0.9961110353469849, 0.9975000023841858, 0.993055522441864], "f1": [0.6672821467972446, 0.6666666666666666, 0.6575238113987203, 0.7193381752582183, 0.8084903314184945, 0.8236154905820013, 0.8546798054492564, 0.8525482582272016, 0.8688075564427843, 0.8668975900594889, 0.888214474271648, 0.8863062164990354, 0.9013499493306979, 0.9216978829586491, 0.9200830267036612, 0.9246861962329742, 0.9359110324287451, 0.9203771491082907, 0.9209204002253407, 0.9612068881509952, 0.939925568443998, 0.9554003136042614, 0.952509424120501, 0.9553595389198225, 0.9426542725852668, 0.953255892480828, 0.9722908058465936, 0.9610319757035508, 0.9599782298710035, 0.95504708497264], "val_f1": [0.08256881041945346, 0.08256881041945346, 0.08256881041945346, 0.35294117935801045, 0.6666666902601716, 0.16666667121979925, 0.7619047773127652, 0.6153846184706547, 0.6666666902601716, 0.6153846184706547, 0.3902439030772657, 0.8421052727342643, 0.39130435303726807, 0.28124998959538056, 0.39130435303726807, 0.9411764743006353, 0.9411764743006353, 0.9411764743006353, 0.6153846184706547, 0.5142857244063396, 0.9411764743006353, 0.9411764743006353, 0.6956521948704419, 0.9411764743006353, 0.9411764743006353, 0.9411764743006353, 0.642857152968645, 0.9411764743006353, 0.9411764743006353, 0.9411764743006353]}