{"loss": [0.7121028900146484, 0.6530080437660217, 0.47194457054138184, 0.38893547654151917, 0.30655282735824585, 0.26740705966949463, 0.2629327178001404, 0.20170293748378754, 0.23150929808616638, 0.1803414225578308, 0.18511705100536346, 0.18017177283763885, 0.11586658656597137, 0.155231773853302, 0.12372127920389175, 0.17062172293663025, 0.097597636282444, 0.13029304146766663, 0.11997713893651962, 0.17053131759166718, 0.04954695701599121, 0.11676257848739624, 0.15018971264362335, 0.03178724646568298, 0.1992647349834442, 0.050796765834093094, 0.07351653277873993, 0.08104226738214493, 0.061909694224596024, 0.09989678114652634], "accuracy": [0.5278361439704895, 0.49944445490837097, 0.6399999856948853, 0.7566666603088379, 0.8163889050483704, 0.8433333039283752, 0.8433333039283752, 0.8822222352027893, 0.8722222447395325, 0.8911111354827881, 0.8949999809265137, 0.8997222185134888, 0.9391666650772095, 0.9213888645172119, 0.9350000023841858, 0.913611114025116, 0.9516666531562805, 0.9497222304344177, 0.9411110877990723, 0.9388889074325562, 0.9750000238418579, 0.9436110854148865, 0.9505555629730225, 0.9836111068725586, 0.9447222352027893, 0.9763888716697693, 0.9636111259460449, 0.9627777934074402, 0.972777783870697, 0.9552778005599976], "precision": [0.501397430896759, 0.4997101426124573, 0.5841121673583984, 0.6881107687950134, 0.7468574047088623, 0.7739361524581909, 0.7736935615539551, 0.8214953541755676, 0.8073394298553467, 0.8330180048942566, 0.8379277586936951, 0.8431091904640198, 0.9026999473571777, 0.8753092288970947, 0.8946572542190552, 0.8608822226524353, 0.9199380278587341, 0.9187790751457214, 0.9059304594993591, 0.9197661876678467, 0.9567307829856873, 0.9126614928245544, 0.9232776761054993, 0.972327709197998, 0.9215376377105713, 0.960279107093811, 0.9380577206611633, 0.9388830065727234, 0.9570354223251343, 0.9297325611114502], "recall": [0.9922566413879395, 0.9577777981758118, 0.9722222089767456, 0.9388889074325562, 0.9572222232818604, 0.9700000286102295, 0.9705555438995361, 0.9766666889190674, 0.9777777791023254, 0.9783333539962769, 0.9794444441795349, 0.9822221994400024, 0.9844444394111633, 0.9827777743339539, 0.9861111044883728, 0.9866666793823242, 0.9894444346427917, 0.9866666793823242, 0.9844444394111633, 0.9616666436195374, 0.9950000047683716, 0.9811111092567444, 0.9827777743339539, 0.995555579662323, 0.9722222089767456, 0.9938889145851135, 0.9927777647972107, 0.9900000095367432, 0.9900000095367432, 0.9850000143051147], "auc": [0.5723011493682861, 0.6395364999771118, 0.8275609612464905, 0.8946751356124878, 0.931689977645874, 0.9459167122840881, 0.9511916637420654, 0.9682722091674805, 0.9634051322937012, 0.9733424782752991, 0.9750857949256897, 0.9768739342689514, 0.9889414310455322, 0.9805850386619568, 0.9860371947288513, 0.978363037109375, 0.9923148155212402, 0.9808963537216187, 0.9870527982711792, 0.9827897548675537, 0.9970992207527161, 0.9907824397087097, 0.9852261543273926, 0.9981456398963928, 0.9806589484214783, 0.996105968952179, 0.9946168661117554, 0.994466245174408, 0.9951973557472229, 0.9913436770439148], "val_loss": [4.362388610839844, 0.8686630725860596, 1.3739993572235107, 0.17556892335414886, 0.4008949100971222, 0.4964248538017273, 0.23118947446346283, 0.3704916834831238, 0.6027080416679382, 0.17640341818332672, 0.21613790094852448, 0.13081508874893188, 0.11803174763917923, 0.3961011469364166, 0.025404760614037514, 0.05580434575676918, 0.04112657159566879, 0.04466061294078827, 0.01587066240608692, 0.04156997427344322, 0.09543928503990173, 0.0055259414948523045, 0.011987482197582722, 0.007591885048896074, 0.03280133754014969, 0.029854105785489082, 0.03238716349005699, 0.004064560402184725, 0.054499607533216476, 0.06131548434495926], "val_accuracy": [0.03846153989434242, 0.03846153989434242, 0.3990384638309479, 0.9471153616905212, 0.8653846383094788, 0.8557692170143127, 0.9038461446762085, 0.8653846383094788, 0.7884615659713745, 0.932692289352417, 0.9182692170143127, 0.9519230723381042, 0.9663461446762085, 0.8509615659713745, 0.9855769276618958, 0.9903846383094788, 0.9855769276618958, 0.9855769276618958, 0.995192289352417, 0.9807692170143127, 0.9759615659713745, 1.0, 0.995192289352417, 0.995192289352417, 0.9903846383094788, 0.9903846383094788, 0.9855769276618958, 1.0, 0.9855769276618958, 0.9855769276618958], "val_precision": [0.03846153989434242, 0.03846153989434242, 0.060150377452373505, 0.38461539149284363, 0.20588235557079315, 0.1944444477558136, 0.25, 0.2222222238779068, 0.1538461595773697, 0.3499999940395355, 0.3199999928474426, 0.4375, 0.5333333611488342, 0.20512820780277252, 0.8571428656578064, 0.800000011920929, 0.7272727489471436, 0.7272727489471436, 1.0, 0.75, 1.0, 1.0, 1.0, 1.0, 0.800000011920929, 1.0, 1.0, 1.0, 0.7272727489471436, 1.0], "val_recall": [1.0, 1.0, 1.0, 0.625, 0.875, 0.875, 0.75, 1.0, 1.0, 0.875, 1.0, 0.875, 1.0, 1.0, 0.75, 1.0, 1.0, 1.0, 0.875, 0.75, 0.375, 1.0, 0.875, 0.875, 1.0, 0.75, 0.625, 1.0, 1.0, 0.625], "val_auc": [0.3818749785423279, 0.8903124332427979, 0.8456249833106995, 0.8984375, 0.8784375786781311, 0.9037500619888306, 0.9262499809265137, 0.9659374356269836, 0.9703124761581421, 0.90625, 0.981249988079071, 0.9799999594688416, 0.9906249642372131, 0.9809374213218689, 0.996874988079071, 0.9943749308586121, 0.9996874332427979, 0.9987499713897705, 0.9987499713897705, 0.9924999475479126, 0.9356250166893005, 0.9999999403953552, 1.0, 1.0, 0.9993749260902405, 0.9975000023841858, 0.9993749856948853, 1.0, 0.9990624785423279, 0.9375], "f1": [0.6661715587480829, 0.6567619075580519, 0.7297748225244969, 0.7941729520248062, 0.8390552808296696, 0.8609467458459513, 0.8610152908753669, 0.8923858120642386, 0.8844220992823518, 0.899846730086271, 0.9031762305804316, 0.9073646221239781, 0.9418017506909627, 0.9259356040202473, 0.9381606714213414, 0.9194926348399004, 0.9534261257313319, 0.9515135206612348, 0.9435569673098562, 0.9402498435238257, 0.9754902055198438, 0.9456492597019573, 0.9520990372090028, 0.9838045595813381, 0.9462016626420892, 0.9767949826834719, 0.9646423573447765, 0.9637641865245521, 0.9732386598870041, 0.9565686589893347], "val_f1": [0.07407407673134561, 0.07407407673134561, 0.11347517999648256, 0.47619048146163523, 0.3333333367798604, 0.3181818226152215, 0.375, 0.3636363658530653, 0.26666667527622645, 0.49999999391789335, 0.48484847663847863, 0.5833333333333334, 0.6956521975746223, 0.3404255355980235, 0.8000000037087335, 0.888888896247487, 0.8421052776875586, 0.8421052776875586, 0.9333333333333333, 0.75, 0.5454545454545454, 1.0, 0.9333333333333333, 0.9333333333333333, 0.888888896247487, 0.8571428571428571, 0.7692307692307693, 1.0, 0.8421052776875586, 0.7692307692307693]}