{"loss": [0.6683132648468018, 0.549070417881012, 0.3036874830722809, 0.17890095710754395, 0.14550475776195526, 0.3076058328151703, 0.12411890178918839, 0.10363850742578506, 0.07486679404973984, 0.07935897260904312, 0.046271879225969315, 0.0754982978105545, 0.026579907163977623, 0.022916769608855247, 0.038292914628982544, 0.048110995441675186, 0.036580078303813934, 0.02067454531788826, 0.028720244765281677, 0.04115694388747215, 0.020329784601926804, 0.013721919618546963, 0.013395785354077816, 0.04426737129688263, 0.03160902112722397, 0.023725584149360657, 0.01632900908589363, 0.014569307677447796, 0.016249652951955795, 0.013452582992613316], "accuracy": [0.5273109078407288, 0.5, 0.7522222399711609, 0.8974999785423279, 0.9222221970558167, 0.8586111068725586, 0.9386110901832581, 0.9394444227218628, 0.960277795791626, 0.9563888907432556, 0.9758333563804626, 0.9619444608688354, 0.9897222518920898, 0.988611102104187, 0.9830555319786072, 0.9750000238418579, 0.9866666793823242, 0.9911110997200012, 0.9855555295944214, 0.9827777743339539, 0.9900000095367432, 0.9938889145851135, 0.9936110973358154, 0.980555534362793, 0.9855555295944214, 0.991944432258606, 0.9927777647972107, 0.995555579662323, 0.9936110973358154, 0.9930555820465088], "precision": [0.5011547207832336, 0.5, 0.675560712814331, 0.8415274620056152, 0.8754940629005432, 0.7922136783599854, 0.9017811417579651, 0.8986895084381104, 0.9335426688194275, 0.9263103008270264, 0.9577766060829163, 0.9383236765861511, 0.9814308881759644, 0.9798145294189453, 0.9707633852958679, 0.9572192430496216, 0.9766049981117249, 0.984649121761322, 0.9755168557167053, 0.9712581634521484, 0.9830229878425598, 0.9884615540504456, 0.9879187345504761, 0.9675675630569458, 0.9739696383476257, 0.9862712621688843, 0.9878987669944763, 0.9917309880256653, 0.990071713924408, 0.9879054427146912], "recall": [0.9601770043373108, 1.0, 0.9705555438995361, 0.9794444441795349, 0.9844444394111633, 0.9722222089767456, 0.9844444394111633, 0.9905555844306946, 0.9911110997200012, 0.9916666746139526, 0.995555579662323, 0.9888888597488403, 0.9983333349227905, 0.9977777600288391, 0.9961110949516296, 0.9944444298744202, 0.9972222447395325, 0.9977777600288391, 0.9961110949516296, 0.9950000047683716, 0.9972222447395325, 0.9994444251060486, 0.9994444251060486, 0.9944444298744202, 0.9977777600288391, 0.9977777600288391, 0.9977777600288391, 0.9994444251060486, 0.9972222447395325, 0.9983333349227905], "auc": [0.5600931644439697, 0.7575816512107849, 0.945473313331604, 0.9766326546669006, 0.9836839437484741, 0.9290634393692017, 0.98502516746521, 0.9895735383033752, 0.9949103593826294, 0.9948378801345825, 0.9974538683891296, 0.9951443672180176, 0.9985369443893433, 0.9995484948158264, 0.9974005222320557, 0.9972536563873291, 0.997497022151947, 0.9996429085731506, 0.9982677698135376, 0.9978607892990112, 0.9996016025543213, 0.9998154044151306, 0.9993380904197693, 0.9970723986625671, 0.9988641738891602, 0.9983215928077698, 0.9995482563972473, 0.998506486415863, 0.9992937445640564, 0.9996029138565063], "val_loss": [1.8095450401306152, 0.7877099514007568, 0.1324859857559204, 0.07954425364732742, 0.15610092878341675, 0.17640218138694763, 0.07383283972740173, 0.05630841478705406, 0.01946849748492241, 0.010128428228199482, 0.08229486644268036, 0.021525472402572632, 0.05443181097507477, 0.0029738186858594418, 0.0030115493573248386, 0.031905706971883774, 0.047961898148059845, 0.0018436906393617392, 0.09840512275695801, 0.03493500500917435, 0.03754289075732231, 0.04348926246166229, 0.0021103639155626297, 0.04347474128007889, 0.0553012453019619, 0.03426216542720795, 0.03209801763296127, 0.0511077456176281, 0.04692845791578293, 0.04086088761687279], "val_accuracy": [0.03846153989434242, 0.03846153989434242, 0.9615384340286255, 0.9711538553237915, 0.9519230723381042, 0.9567307829856873, 0.9615384340286255, 0.9855769276618958, 0.9855769276618958, 0.995192289352417, 0.9711538553237915, 0.9903846383094788, 0.9759615659713745, 1.0, 1.0, 0.9855769276618958, 0.9807692170143127, 1.0, 0.9711538553237915, 0.9903846383094788, 0.9855769276618958, 0.9855769276618958, 1.0, 0.9807692170143127, 0.9807692170143127, 0.9855769276618958, 0.9903846383094788, 0.9855769276618958, 0.9855769276618958, 0.9855769276618958], "val_precision": [0.03846153989434242, 0.03846153989434242, 0.5, 0.5833333134651184, 0.4444444477558136, 0.46666666865348816, 0.5, 1.0, 0.7777777910232544, 1.0, 1.0, 1.0, 1.0, 1.0, 1.0, 1.0, 1.0, 1.0, 1.0, 1.0, 1.0, 1.0, 1.0, 1.0, 1.0, 1.0, 1.0, 1.0, 1.0, 1.0], "val_recall": [1.0, 1.0, 0.875, 0.875, 1.0, 0.875, 0.875, 0.625, 0.875, 0.875, 0.25, 0.75, 0.375, 1.0, 1.0, 0.625, 0.5, 1.0, 0.25, 0.75, 0.625, 0.625, 1.0, 0.5, 0.5, 0.625, 0.75, 0.625, 0.625, 0.625], "val_auc": [0.11968749761581421, 0.9693750143051147, 0.9615625143051147, 0.9862500429153442, 0.9903125166893005, 0.9818750619888306, 0.9924999475479126, 0.9340624809265137, 0.9987499117851257, 1.0, 0.9375, 1.0, 1.0, 1.0, 1.0, 1.0, 1.0, 1.0, 1.0, 1.0, 1.0, 1.0, 1.0, 1.0, 1.0, 1.0, 1.0, 1.0, 1.0, 1.0], "f1": [0.658573587693038, 0.6666666666666666, 0.7966256239660499, 0.9052631668685389, 0.9267782358273753, 0.8730356686626936, 0.9413014428732619, 0.9423890151815939, 0.9614659179259161, 0.9578749562106562, 0.9763007554110427, 0.962942916902373, 0.9898099583346925, 0.988714561261096, 0.9832739083018035, 0.9754768279240833, 0.9868059446114467, 0.991169968637833, 0.9857064188629981, 0.982985747126797, 0.9900717087334596, 0.9939226502518683, 0.9936481582711258, 0.9808219084039059, 0.9857299620496786, 0.9919911451155821, 0.9928136888888416, 0.9955727663674192, 0.9936341150823923, 0.9930920152377978], "val_f1": [0.07407407673134561, 0.07407407673134561, 0.6363636363636364, 0.6999999856948851, 0.6153846185588272, 0.6086956538640258, 0.6363636363636364, 0.7692307692307693, 0.8235294191895058, 0.9333333333333333, 0.4, 0.8571428571428571, 0.5454545454545454, 1.0, 1.0, 0.7692307692307693, 0.6666666666666666, 1.0, 0.4, 0.8571428571428571, 0.7692307692307693, 0.7692307692307693, 1.0, 0.6666666666666666, 0.6666666666666666, 0.7692307692307693, 0.8571428571428571, 0.7692307692307693, 0.7692307692307693, 0.7692307692307693]}