{"loss": [0.7090526819229126, 0.5690480470657349, 0.3648834526538849, 0.23925554752349854, 0.23328419029712677, 0.17681285738945007, 0.20327706634998322, 0.10264092683792114, 0.08292891085147858, 0.0737004429101944, 0.05174677446484566, 0.03993242606520653, 0.05142663046717644, 0.03654248267412186, 0.03314163163304329, 0.020494060590863228, 0.0136867081746459, 0.017248699441552162, 0.06649616360664368, 0.04440920427441597, 0.019658610224723816, 0.013829045929014683, 0.05389482155442238, 0.02082405984401703, 0.012021392583847046, 0.011088247410953045, 0.01865764893591404, 0.01782040297985077, 0.017124589532613754, 0.009212050586938858], "accuracy": [0.524422287940979, 0.5, 0.6811110973358154, 0.8755555748939514, 0.8480555415153503, 0.9013888835906982, 0.8799999952316284, 0.949999988079071, 0.9516666531562805, 0.9594444632530212, 0.9738888740539551, 0.9858333468437195, 0.9766666889190674, 0.9827777743339539, 0.9866666793823242, 0.991944432258606, 0.9938889145851135, 0.9916666746139526, 0.9708333611488342, 0.977222204208374, 0.9894444346427917, 0.9938889145851135, 0.9783333539962769, 0.9927777647972107, 0.9952777624130249, 0.9950000047683716, 0.9908333420753479, 0.9925000071525574, 0.9941666722297668, 0.9952777624130249], "precision": [0.499571293592453, 0.5, 0.6151943206787109, 0.8164793848991394, 0.7753846049308777, 0.8445398211479187, 0.8190298676490784, 0.9188210964202881, 0.9177800416946411, 0.9320794343948364, 0.9551761150360107, 0.9750135540962219, 0.9642857313156128, 0.9692224860191345, 0.9781659245491028, 0.9878787994384766, 0.9884615540504456, 0.985729992389679, 0.9554003477096558, 0.9613319039344788, 0.9814207553863525, 0.9889988899230957, 0.9639008641242981, 0.9873626232147217, 0.9928137063980103, 0.9922651648521423, 0.9867768883705139, 0.9868203997612, 0.9911651015281677, 0.9906439185142517], "recall": [0.9668141603469849, 1.0, 0.9672222137451172, 0.9688888788223267, 0.9800000190734863, 0.9838888645172119, 0.9755555391311646, 0.9872221946716309, 0.992222249507904, 0.9911110997200012, 0.9944444298744202, 0.9972222447395325, 0.9900000095367432, 0.9972222447395325, 0.995555579662323, 0.9961110949516296, 0.9994444251060486, 0.9977777600288391, 0.9877777695655823, 0.9944444298744202, 0.9977777600288391, 0.9988889098167419, 0.9938889145851135, 0.9983333349227905, 0.9977777600288391, 0.9977777600288391, 0.9950000047683716, 0.9983333349227905, 0.9972222447395325, 1.0], "auc": [0.5414530038833618, 0.7366430163383484, 0.9167501330375671, 0.9551804661750793, 0.956501841545105, 0.9745404720306396, 0.9686066508293152, 0.9895412921905518, 0.9939252138137817, 0.9937505125999451, 0.9969037175178528, 0.9983351826667786, 0.9979254603385925, 0.998097836971283, 0.9983009099960327, 0.9994646310806274, 0.9995474815368652, 0.9992649555206299, 0.9944987297058105, 0.9984002113342285, 0.9992039203643799, 0.9992502927780151, 0.9974381327629089, 0.9991755485534668, 0.9998772144317627, 0.9996528029441833, 0.9992539882659912, 0.9995118975639343, 0.9995913505554199, 0.999404788017273], "val_loss": [1.2900224924087524, 1.1164683103561401, 0.1762319952249527, 0.11913079768419266, 0.08773689717054367, 0.07513736188411713, 0.07036785781383514, 0.06868496537208557, 0.00902619305998087, 0.04810788482427597, 0.012065041810274124, 0.005735740996897221, 0.00274072983302176, 0.0523894801735878, 0.0029643645975738764, 0.00992821715772152, 0.024547584354877472, 0.0067161861807107925, 0.05659470707178116, 0.002341820392757654, 0.00771570298820734, 0.004894813522696495, 0.005031314212828875, 0.006946681998670101, 0.017207354307174683, 0.03466084226965904, 0.0019119975622743368, 0.0333174392580986, 0.006154099479317665, 0.0017203519819304347], "val_accuracy": [0.03846153989434242, 0.03846153989434242, 0.9711538553237915, 0.9471153616905212, 0.9615384340286255, 0.9711538553237915, 0.9663461446762085, 0.9663461446762085, 1.0, 0.9855769276618958, 0.9903846383094788, 1.0, 1.0, 0.9807692170143127, 1.0, 0.995192289352417, 0.9903846383094788, 0.995192289352417, 0.9759615659713745, 1.0, 0.995192289352417, 1.0, 1.0, 0.995192289352417, 0.9903846383094788, 0.9807692170143127, 1.0, 0.9807692170143127, 0.995192289352417, 1.0], "val_precision": [0.03846153989434242, 0.03846153989434242, 0.625, 0.4117647111415863, 0.5, 0.6000000238418579, 0.5555555820465088, 0.5333333611488342, 1.0, 1.0, 1.0, 1.0, 1.0, 1.0, 1.0, 1.0, 1.0, 1.0, 1.0, 1.0, 1.0, 1.0, 1.0, 1.0, 1.0, 1.0, 1.0, 1.0, 1.0, 1.0], "val_recall": [1.0, 1.0, 0.625, 0.875, 0.625, 0.75, 0.625, 1.0, 1.0, 0.625, 0.75, 1.0, 1.0, 0.5, 1.0, 0.875, 0.75, 0.875, 0.375, 1.0, 0.875, 1.0, 1.0, 0.875, 0.75, 0.5, 1.0, 0.5, 0.875, 1.0], "val_auc": [0.15437501668930054, 0.9381250143051147, 0.9690625071525574, 0.971250057220459, 0.9700000286102295, 0.9828125834465027, 0.9825000166893005, 0.9987499713897705, 0.9999999403953552, 1.0, 1.0, 1.0, 1.0, 1.0, 1.0, 1.0, 1.0, 1.0, 1.0, 1.0, 1.0, 1.0, 1.0, 1.0, 1.0, 1.0, 1.0, 1.0, 1.0, 1.0], "f1": [0.6587525802993845, 0.6666666666666666, 0.7520518141539034, 0.886178848242242, 0.865766872092254, 0.9089042763147472, 0.890466534588026, 0.9517943097703618, 0.9535504556388474, 0.9606892888276887, 0.9744148107449165, 0.985992857082579, 0.9769736975947411, 0.983023024285191, 0.986784145526641, 0.9919778678012499, 0.9939226502518683, 0.9917172873164477, 0.9713193207693513, 0.977607858937948, 0.9895316668118896, 0.9939192977536652, 0.9786652213943814, 0.9928176731916433, 0.9952895436389024, 0.9950138272520226, 0.9908713862122636, 0.992543482603645, 0.9941844473197873, 0.995299972336222], "val_f1": [0.07407407673134561, 0.07407407673134561, 0.625, 0.560000004863739, 0.5555555555555556, 0.6666666813838626, 0.5882353089672469, 0.6956521975746223, 1.0, 0.7692307692307693, 0.8571428571428571, 1.0, 1.0, 0.6666666666666666, 1.0, 0.9333333333333333, 0.8571428571428571, 0.9333333333333333, 0.5454545454545454, 1.0, 0.9333333333333333, 1.0, 1.0, 0.9333333333333333, 0.8571428571428571, 0.6666666666666666, 1.0, 0.6666666666666666, 0.9333333333333333, 1.0]}