{"loss": [0.6431504487991333, 0.4658949077129364, 0.2474389672279358, 0.3468216359615326, 0.15064457058906555, 0.10589812695980072, 0.19239084422588348, 0.1813100129365921, 0.07078489661216736, 0.05460738763213158, 0.03290918469429016, 0.03244559094309807, 0.024578120559453964, 0.028099441900849342, 0.03165426105260849, 0.07224027812480927, 0.17474150657653809, 0.03502548858523369, 0.0829552486538887, 0.02840370126068592, 0.021196046844124794, 0.017500746995210648, 0.03002004697918892, 0.019518345594406128, 0.018125459551811218, 0.01580161601305008, 0.012280487455427647, 0.009578841738402843, 0.01224292628467083, 0.01364381518214941], "accuracy": [0.5287476778030396, 0.5183333158493042, 0.8788889050483704, 0.7894444465637207, 0.9213888645172119, 0.945555567741394, 0.8983333110809326, 0.9144444465637207, 0.9633333086967468, 0.9733333587646484, 0.9833333492279053, 0.9861111044883728, 0.9891666769981384, 0.9891666769981384, 0.9863888621330261, 0.9619444608688354, 0.914722204208374, 0.9822221994400024, 0.9572222232818604, 0.9894444346427917, 0.9905555844306946, 0.9908333420753479, 0.9883333444595337, 0.9902777671813965, 0.9911110997200012, 0.9925000071525574, 0.9958333373069763, 0.9950000047683716, 0.9950000047683716, 0.9938889145851135], "precision": [0.5019466280937195, 0.509348452091217, 0.8207902312278748, 0.7131751179695129, 0.8727272748947144, 0.9062816500663757, 0.8453757166862488, 0.8682132363319397, 0.9361924529075623, 0.9536741375923157, 0.9707792401313782, 0.9755434989929199, 0.9808847904205322, 0.9814106225967407, 0.9760739803314209, 0.9383236765861511, 0.8675529360771179, 0.9691891670227051, 0.9273104667663574, 0.9819474816322327, 0.9825136661529541, 0.9841095805168152, 0.981380045413971, 0.9830322861671448, 0.984649121761322, 0.9862863421440125, 0.9933664798736572, 0.9911797046661377, 0.990638792514801, 0.9900771975517273], "recall": [0.9977888464927673, 0.9988889098167419, 0.9694444537162781, 0.9683333039283752, 0.9866666793823242, 0.9938889145851135, 0.9750000238418579, 0.977222204208374, 0.9944444298744202, 0.9950000047683716, 0.996666669845581, 0.9972222447395325, 0.9977777600288391, 0.9972222447395325, 0.9972222447395325, 0.9888888597488403, 0.9788888692855835, 0.9961110949516296, 0.992222249507904, 0.9972222447395325, 0.9988889098167419, 0.9977777600288391, 0.995555579662323, 0.9977777600288391, 0.9977777600288391, 0.9988889098167419, 0.9983333349227905, 0.9988889098167419, 0.9994444251060486, 0.9977777600288391], "auc": [0.5814234614372253, 0.8585925698280334, 0.9582951068878174, 0.9041913747787476, 0.9795436263084412, 0.9885801672935486, 0.9774549603462219, 0.976701557636261, 0.994365394115448, 0.9963381886482239, 0.9981040358543396, 0.9987083077430725, 0.9982236623764038, 0.9976392984390259, 0.9969573020935059, 0.9951472878456116, 0.9713153839111328, 0.9978080987930298, 0.9921705722808838, 0.9987559914588928, 0.9987351894378662, 0.9998074769973755, 0.997514545917511, 0.999437689781189, 0.9986591935157776, 0.9992411732673645, 0.9996517896652222, 0.9999189972877502, 0.9990350008010864, 0.9993517994880676], "val_loss": [1.455852746963501, 0.636360764503479, 0.12874697148799896, 0.0843072161078453, 0.13324987888336182, 0.030594950541853905, 0.2844536602497101, 0.032520145177841187, 0.034743089228868484, 0.02891734428703785, 0.03402654826641083, 0.03260616213083267, 0.029368259012699127, 0.025781642645597458, 0.02531152032315731, 0.039898283779621124, 0.026603160426020622, 0.02741182968020439, 0.020769687369465828, 0.03299494460225105, 0.025185342878103256, 0.035733871161937714, 0.023591823875904083, 0.02720833010971546, 0.02992354705929756, 0.050170231610536575, 0.04106267914175987, 0.035803474485874176, 0.03476983681321144, 0.03181927651166916], "val_accuracy": [0.043062202632427216, 0.9377990365028381, 0.9377990365028381, 0.9760765433311462, 0.9473684430122375, 0.9952152967453003, 0.8708133697509766, 0.9904305934906006, 0.9952152967453003, 0.9952152967453003, 0.9952152967453003, 0.9952152967453003, 0.9952152967453003, 0.9952152967453003, 0.9952152967453003, 0.9904305934906006, 0.9952152967453003, 0.9952152967453003, 0.9952152967453003, 0.9952152967453003, 0.9952152967453003, 0.9952152967453003, 0.9952152967453003, 0.9952152967453003, 0.9952152967453003, 0.9952152967453003, 0.9952152967453003, 0.9952152967453003, 0.9952152967453003, 0.9952152967453003], "val_precision": [0.043062202632427216, 0.4000000059604645, 0.4000000059604645, 0.6666666865348816, 0.4444444477558136, 1.0, 0.25, 0.8888888955116272, 1.0, 1.0, 1.0, 1.0, 1.0, 1.0, 1.0, 1.0, 1.0, 1.0, 1.0, 1.0, 1.0, 1.0, 1.0, 1.0, 1.0, 1.0, 1.0, 1.0, 1.0, 1.0], "val_recall": [1.0, 0.8888888955116272, 0.8888888955116272, 0.8888888955116272, 0.8888888955116272, 0.8888888955116272, 1.0, 0.8888888955116272, 0.8888888955116272, 0.8888888955116272, 0.8888888955116272, 0.8888888955116272, 0.8888888955116272, 0.8888888955116272, 0.8888888955116272, 0.7777777910232544, 0.8888888955116272, 0.8888888955116272, 0.8888888955116272, 0.8888888955116272, 0.8888888955116272, 0.8888888955116272, 0.8888888955116272, 0.8888888955116272, 0.8888888955116272, 0.8888888955116272, 0.8888888955116272, 0.8888888955116272, 0.8888888955116272, 0.8888888955116272], "val_auc": [0.7794444561004639, 0.983055591583252, 0.9891665577888489, 0.98499995470047, 0.9888888001441956, 0.9944444894790649, 0.9869444370269775, 0.9952777624130249, 0.9444444179534912, 0.9441666007041931, 0.9444444179534912, 0.9444444179534912, 0.9441666007041931, 0.9997222423553467, 1.0, 0.9444444179534912, 0.9975000023841858, 0.9441666007041931, 0.9988889098167419, 0.9444444179534912, 0.9997222423553467, 0.9444444179534912, 0.9994444251060486, 0.9444444179534912, 0.9444444179534912, 0.9444444179534912, 0.9444444179534912, 0.9444444179534912, 0.9444444179534912, 0.9444444179534912], "f1": [0.667900113764608, 0.6746716834843792, 0.8889455042071058, 0.8213948967124047, 0.9262060042155599, 0.9480657181510244, 0.9055727623411426, 0.9194981670914213, 0.9644396399833288, 0.9738988687993688, 0.9835526430592394, 0.9862637578714097, 0.98925916277122, 0.9892532568658825, 0.9865347871558927, 0.962942916902373, 0.9198642601954087, 0.9824657341757911, 0.9586688150989313, 0.9895259196842527, 0.9906336216235794, 0.9908965386505217, 0.9884169900003068, 0.990350139238779, 0.991169968637833, 0.9925476232874691, 0.9958437142839563, 0.9950193751321593, 0.9950221274227508, 0.9939125635515638], "val_f1": [0.08256881041945346, 0.5517241448766411, 0.5517241448766411, 0.7619047773127652, 0.5925925970077515, 0.9411764743006353, 0.4, 0.8888888955116272, 0.9411764743006353, 0.9411764743006353, 0.9411764743006353, 0.9411764743006353, 0.9411764743006353, 0.9411764743006353, 0.9411764743006353, 0.8750000083819031, 0.9411764743006353, 0.9411764743006353, 0.9411764743006353, 0.9411764743006353, 0.9411764743006353, 0.9411764743006353, 0.9411764743006353, 0.9411764743006353, 0.9411764743006353, 0.9411764743006353, 0.9411764743006353, 0.9411764743006353, 0.9411764743006353, 0.9411764743006353]}