{"loss": [0.65155428647995, 0.4601859748363495, 0.27692320942878723, 0.19897304475307465, 0.2787889540195465, 0.1635158210992813, 0.11908239871263504, 0.10983921587467194, 0.058399345725774765, 0.035315386950969696, 0.03924192488193512, 0.04316338896751404, 0.029716352000832558, 0.047274548560380936, 0.03816985338926315, 0.02247767522931099, 0.14103280007839203, 0.0644918829202652, 0.03329779580235481, 0.028170105069875717, 0.038823120296001434, 0.02737177163362503, 0.01305505819618702, 0.025000035762786865, 0.01449570618569851, 0.017596358433365822, 0.01500559039413929, 0.011260396800935268, 0.014273635111749172, 0.013320297934114933], "accuracy": [0.526260495185852, 0.5688889026641846, 0.8569444417953491, 0.8986111283302307, 0.8411111235618591, 0.9094444513320923, 0.9372222423553467, 0.9347222447395325, 0.9705555438995361, 0.9836111068725586, 0.9811111092567444, 0.9794444441795349, 0.9861111044883728, 0.9780555367469788, 0.9822221994400024, 0.9902777671813965, 0.9280555844306946, 0.9674999713897705, 0.9833333492279053, 0.9863888621330261, 0.9855555295944214, 0.9905555844306946, 0.9936110973358154, 0.9872221946716309, 0.9933333396911621, 0.9941666722297668, 0.9925000071525574, 0.9944444298744202, 0.9933333396911621, 0.995555579662323], "precision": [0.5005602240562439, 0.5373044610023499, 0.7986983060836792, 0.8467859029769897, 0.7728888988494873, 0.8591617941856384, 0.8950803279876709, 0.8930186033248901, 0.9505318999290466, 0.9707950353622437, 0.9681081175804138, 0.9644779562950134, 0.9765795469284058, 0.9643821120262146, 0.9686825275421143, 0.983561635017395, 0.8889449834823608, 0.9473684430122375, 0.9712892770767212, 0.9771116971969604, 0.9755168557167053, 0.9835706353187561, 0.9884551763534546, 0.9792349934577942, 0.9884488582611084, 0.9900826215744019, 0.9878921508789062, 0.9900881052017212, 0.9884488582611084, 0.9917309880256653], "recall": [0.9883849620819092, 0.992222249507904, 0.9544444680213928, 0.9733333587646484, 0.9661111235618591, 0.9794444441795349, 0.9905555844306946, 0.9877777695655823, 0.9927777647972107, 0.9972222447395325, 0.9950000047683716, 0.995555579662323, 0.9961110949516296, 0.9927777647972107, 0.996666669845581, 0.9972222447395325, 0.9783333539962769, 0.9900000095367432, 0.9961110949516296, 0.9961110949516296, 0.9961110949516296, 0.9977777600288391, 0.9988889098167419, 0.995555579662323, 0.9983333349227905, 0.9983333349227905, 0.9972222447395325, 0.9988889098167419, 0.9983333349227905, 0.9994444251060486], "auc": [0.5549649000167847, 0.8560000061988831, 0.9461316466331482, 0.971150815486908, 0.9394763708114624, 0.9795495867729187, 0.988521158695221, 0.9913432002067566, 0.9965341091156006, 0.998251736164093, 0.9980586767196655, 0.997711718082428, 0.9992091655731201, 0.9973563551902771, 0.9980029463768005, 0.9985495209693909, 0.9856724143028259, 0.9960894584655762, 0.9989211559295654, 0.9985660910606384, 0.9977993369102478, 0.9986578226089478, 0.9995460510253906, 0.9990882873535156, 0.9992973804473877, 0.9986944198608398, 0.9998626112937927, 0.9999032616615295, 0.9995859861373901, 0.9990480542182922], "val_loss": [1.3255212306976318, 0.46746477484703064, 0.13637703657150269, 0.11685068905353546, 0.11401568353176117, 0.05262434482574463, 0.04058097302913666, 0.0280635766685009, 0.032351162284612656, 0.03870438039302826, 0.009562171995639801, 0.0335971936583519, 0.025245849043130875, 0.025527656078338623, 0.026851888746023178, 0.03457116708159447, 0.04643899202346802, 0.001903584343381226, 0.0217092614620924, 0.001209668698720634, 0.010669764131307602, 0.016929375007748604, 0.006879669614136219, 0.010496028698980808, 0.028568226844072342, 0.020435474812984467, 0.00040798072586767375, 0.004625197499990463, 0.0008902925183065236, 0.0064241415821015835], "val_accuracy": [0.03846153989434242, 0.9615384340286255, 0.9615384340286255, 0.9519230723381042, 0.9615384340286255, 0.9759615659713745, 0.9807692170143127, 0.9855769276618958, 0.995192289352417, 0.995192289352417, 0.995192289352417, 0.995192289352417, 0.995192289352417, 0.995192289352417, 0.995192289352417, 0.995192289352417, 0.9807692170143127, 1.0, 0.9903846383094788, 1.0, 0.995192289352417, 0.995192289352417, 0.995192289352417, 0.995192289352417, 0.995192289352417, 0.995192289352417, 1.0, 0.995192289352417, 1.0, 0.995192289352417], "val_precision": [0.03846153989434242, 0.5, 0.5, 0.4444444477558136, 0.5, 0.6363636255264282, 0.699999988079071, 0.7777777910232544, 1.0, 1.0, 1.0, 1.0, 1.0, 1.0, 1.0, 1.0, 0.6666666865348816, 1.0, 1.0, 1.0, 1.0, 1.0, 1.0, 1.0, 1.0, 1.0, 1.0, 1.0, 1.0, 1.0], "val_recall": [1.0, 0.75, 1.0, 1.0, 1.0, 0.875, 0.875, 0.875, 0.875, 0.875, 0.875, 0.875, 0.875, 0.875, 0.875, 0.875, 1.0, 1.0, 0.75, 1.0, 0.875, 0.875, 0.875, 0.875, 0.875, 0.875, 1.0, 0.875, 1.0, 0.875], "val_auc": [0.8221874833106995, 0.9887500405311584, 0.9906250238418579, 0.9940624237060547, 0.9915624260902405, 0.9931249618530273, 0.9978125095367432, 0.9981249570846558, 0.9365624785423279, 0.9371874928474426, 1.0, 0.93687504529953, 1.0, 0.9993749856948853, 0.9996874928474426, 0.9375, 0.9999999403953552, 1.0, 1.0, 1.0, 1.0, 1.0, 1.0, 1.0, 0.9375, 1.0, 1.0, 1.0, 1.0, 1.0], "f1": [0.664559317132091, 0.6971116454560398, 0.8696532776673175, 0.9056603975615123, 0.858765443166097, 0.9153686400136215, 0.9404008605936325, 0.9380110860349905, 0.9711956381516105, 0.9838312032462084, 0.9813698701998109, 0.9797703898794056, 0.9862486303185678, 0.9783739478061828, 0.9824753689026479, 0.9903448342199698, 0.931499616048443, 0.9682151749533692, 0.9835436030808349, 0.986519927154395, 0.9857064188629981, 0.9906232620602019, 0.9936446540700956, 0.9873278461089837, 0.9933665083710538, 0.9941908605347358, 0.9925352719565732, 0.9944690366552984, 0.9933665083710538, 0.9955727663674192], "val_f1": [0.07407407673134561, 0.6, 0.6666666666666666, 0.6153846185588272, 0.6666666666666666, 0.7368420979983258, 0.7777777704191796, 0.8235294191895058, 0.9333333333333333, 0.9333333333333333, 0.9333333333333333, 0.9333333333333333, 0.9333333333333333, 0.9333333333333333, 0.9333333333333333, 0.9333333333333333, 0.8000000143051146, 1.0, 0.8571428571428571, 1.0, 0.9333333333333333, 0.9333333333333333, 0.9333333333333333, 0.9333333333333333, 0.9333333333333333, 0.9333333333333333, 1.0, 0.9333333333333333, 1.0, 0.9333333333333333]}