{"loss": [0.661569356918335, 0.4851689338684082, 0.25028082728385925, 0.22889401018619537, 0.25087425112724304, 0.1489974707365036, 0.10003741085529327, 0.10122663527727127, 0.08465583622455597, 0.06033659726381302, 0.05873464047908783, 0.05020008981227875, 0.02069835364818573, 0.05119968578219414, 0.07379187643527985, 0.05995975062251091, 0.021826624870300293, 0.032198648899793625, 0.018995486199855804, 0.02263781428337097, 0.03480364382266998, 0.035312406718730927, 0.01049235463142395, 0.014741056598722935, 0.011839475482702255, 0.00646216282621026, 0.005311358720064163, 0.012619403190910816, 0.02821054682135582, 0.03411712497472763], "accuracy": [0.5275735259056091, 0.5461111068725586, 0.8611111044883728, 0.8741666674613953, 0.846666693687439, 0.9072222113609314, 0.9483333230018616, 0.9511111378669739, 0.9586111307144165, 0.9694444537162781, 0.9730555415153503, 0.9763888716697693, 0.9897222518920898, 0.9791666865348816, 0.9669444561004639, 0.9711111187934875, 0.988611102104187, 0.9863888621330261, 0.9936110973358154, 0.9900000095367432, 0.9852777719497681, 0.9836111068725586, 0.9961110949516296, 0.995555579662323, 0.9958333373069763, 0.9969444274902344, 0.9975000023841858, 0.9952777624130249, 0.9858333468437195, 0.9844444394111633], "precision": [0.501298725605011, 0.5242406725883484, 0.7978918552398682, 0.8154566884040833, 0.777827262878418, 0.8541063070297241, 0.9155510067939758, 0.9202898740768433, 0.928831160068512, 0.9499467611312866, 0.9531666040420532, 0.959293007850647, 0.9830136895179749, 0.9649595618247986, 0.9497057199478149, 0.9515442252159119, 0.9798145294189453, 0.9781540036201477, 0.9889928698539734, 0.9840834140777588, 0.9775834083557129, 0.972327709197998, 0.9933701753616333, 0.9933628439903259, 0.9928216338157654, 0.994472086429596, 0.9955727458000183, 0.9917263984680176, 0.976047933101654, 0.9739130139350891], "recall": [0.9607300758361816, 0.9972222447395325, 0.9672222137451172, 0.9672222137451172, 0.9705555438995361, 0.9822221994400024, 0.9877777695655823, 0.9877777695655823, 0.9933333396911621, 0.9911110997200012, 0.9950000047683716, 0.9950000047683716, 0.996666669845581, 0.9944444298744202, 0.9861111044883728, 0.9927777647972107, 0.9977777600288391, 0.9950000047683716, 0.9983333349227905, 0.9961110949516296, 0.9933333396911621, 0.995555579662323, 0.9988889098167419, 0.9977777600288391, 0.9988889098167419, 0.9994444251060486, 0.9994444251060486, 0.9988889098167419, 0.9961110949516296, 0.995555579662323], "auc": [0.5832447409629822, 0.8369092345237732, 0.9547789692878723, 0.9578174948692322, 0.9523698091506958, 0.9818251729011536, 0.9915912747383118, 0.9906248450279236, 0.9926480650901794, 0.9963469505310059, 0.9959415197372437, 0.9965797662734985, 0.9993181824684143, 0.9964967370033264, 0.9952554702758789, 0.99620121717453, 0.998894453048706, 0.9985201358795166, 0.9994553327560425, 0.998582124710083, 0.9981995224952698, 0.9981414079666138, 0.9996547698974609, 0.9996046423912048, 0.9993671774864197, 0.9999775290489197, 0.999699056148529, 0.999378502368927, 0.998454213142395, 0.9979315996170044], "val_loss": [1.204672932624817, 0.6513466238975525, 0.08332904428243637, 0.0751243382692337, 0.11231920123100281, 0.06496386229991913, 0.0580441951751709, 0.04612886160612106, 0.05168353021144867, 0.011474459432065487, 0.025363268330693245, 0.038389358669519424, 0.03474021703004837, 0.04101886972784996, 0.0321071483194828, 0.0243963822722435, 0.024375947192311287, 0.03917780891060829, 0.00636408431455493, 0.03826127201318741, 0.007028663530945778, 0.00871985126286745, 0.01933903619647026, 0.0016085979295894504, 0.01374671421945095, 0.009566492401063442, 0.0017486682627350092, 0.053080882877111435, 0.0023053272161632776, 0.00043310990440659225], "val_accuracy": [0.03846153989434242, 0.8653846383094788, 0.9615384340286255, 0.9759615659713745, 0.9567307829856873, 0.9759615659713745, 0.9855769276618958, 0.9855769276618958, 0.9855769276618958, 0.995192289352417, 0.9903846383094788, 0.9903846383094788, 0.995192289352417, 0.9855769276618958, 1.0, 0.995192289352417, 0.995192289352417, 0.9903846383094788, 0.995192289352417, 0.9855769276618958, 0.995192289352417, 0.995192289352417, 0.9903846383094788, 1.0, 0.995192289352417, 0.995192289352417, 1.0, 0.9855769276618958, 1.0, 1.0], "val_precision": [0.03846153989434242, 0.20588235557079315, 0.5, 0.7142857313156128, 0.4545454680919647, 0.6666666865348816, 1.0, 0.7777777910232544, 1.0, 0.8888888955116272, 1.0, 1.0, 1.0, 1.0, 1.0, 1.0, 1.0, 1.0, 1.0, 1.0, 1.0, 1.0, 1.0, 1.0, 1.0, 1.0, 1.0, 1.0, 1.0, 1.0], "val_recall": [1.0, 0.875, 0.5, 0.625, 0.625, 0.75, 0.625, 0.875, 0.625, 1.0, 0.75, 0.75, 0.875, 0.625, 1.0, 0.875, 0.875, 0.75, 0.875, 0.625, 0.875, 0.875, 0.75, 1.0, 0.875, 0.875, 1.0, 0.625, 1.0, 1.0], "val_auc": [0.7446874976158142, 0.9368749856948853, 0.9534375071525574, 0.917187511920929, 0.9159374833106995, 0.9274999499320984, 0.9346874952316284, 0.9943750500679016, 0.9365625381469727, 0.9993749856948853, 0.9987499713897705, 0.9371874928474426, 0.9375, 0.9984375238418579, 1.0, 0.9996874928474426, 1.0, 1.0, 1.0, 1.0, 1.0, 1.0, 1.0, 1.0, 1.0, 1.0, 1.0, 0.9375, 1.0, 1.0], "f1": [0.658828009670308, 0.6872128848470029, 0.8744349615864611, 0.8848792930915019, 0.8635689612780851, 0.913695095938047, 0.9502939719581414, 0.9528403064726677, 0.9599999982888331, 0.9700924409201989, 0.9736341555982228, 0.9768203040407989, 0.9897931003967448, 0.9794801535323572, 0.9675660885005769, 0.971723771955252, 0.988714561261096, 0.9865050919782138, 0.99364115222049, 0.9900607265103634, 0.9853954438318612, 0.9838045595813381, 0.9961218988971065, 0.9955654074572873, 0.9958460305542164, 0.9969520558713446, 0.9975048286180379, 0.9952947682852764, 0.9859774607799988, 0.9846153813072938], "val_f1": [0.07407407673134561, 0.3333333367798604, 0.5, 0.6666666740841335, 0.5263157985547242, 0.7058823640783763, 0.7692307692307693, 0.8235294191895058, 0.7692307692307693, 0.9411764743006353, 0.8571428571428571, 0.8571428571428571, 0.9333333333333333, 0.7692307692307693, 1.0, 0.9333333333333333, 0.9333333333333333, 0.8571428571428571, 0.9333333333333333, 0.7692307692307693, 0.9333333333333333, 0.9333333333333333, 0.8571428571428571, 1.0, 0.9333333333333333, 0.9333333333333333, 1.0, 0.7692307692307693, 1.0, 1.0]}