{"loss": [0.648166298866272, 0.4360251724720001, 0.27058061957359314, 0.21899573504924774, 0.1481698453426361, 0.14023366570472717, 0.08318018913269043, 0.0831286609172821, 0.07030704617500305, 0.057176411151885986, 0.03812110051512718, 0.024118533357977867, 0.06712058186531067, 0.07714337110519409, 0.026383547112345695, 0.03299534693360329, 0.05865016579627991, 0.05355912074446678, 0.06959142535924911, 0.03668524697422981, 0.022494470700621605, 0.019469065591692924, 0.028743058443069458, 0.018421463668346405, 0.013712289743125439, 0.037445250898599625, 0.02253601886332035, 0.0160372257232666, 0.0053192791528999805, 0.005985405761748552], "accuracy": [0.5008333325386047, 0.6013888716697693, 0.862500011920929, 0.870555579662323, 0.9122222065925598, 0.9241666793823242, 0.9497222304344177, 0.9636111259460449, 0.9638888835906982, 0.9738888740539551, 0.9833333492279053, 0.9897222518920898, 0.9697222113609314, 0.9619444608688354, 0.9852777719497681, 0.9847221970558167, 0.9722222089767456, 0.9786111116409302, 0.9622222185134888, 0.9838888645172119, 0.9897222518920898, 0.9933333396911621, 0.988611102104187, 0.991944432258606, 0.9941666722297668, 0.9836111068725586, 0.9897222518920898, 0.9930555820465088, 0.9980555772781372, 0.9975000023841858], "precision": [0.5004228949546814, 0.5569778084754944, 0.8132501244544983, 0.8096564412117004, 0.8612463474273682, 0.8807979822158813, 0.9179142713546753, 0.9403693675994873, 0.9399367570877075, 0.9561497569084167, 0.9707792401313782, 0.9814308881759644, 0.9523809552192688, 0.9378620386123657, 0.972929060459137, 0.9734129309654236, 0.9545454382896423, 0.9674443602561951, 0.9374342560768127, 0.9718309640884399, 0.9819573760032654, 0.9884488582611084, 0.9813902378082275, 0.9873417615890503, 0.9895431995391846, 0.9733550548553467, 0.9830136895179749, 0.9879054427146912, 0.9961261749267578, 0.9950248599052429], "recall": [0.9861111044883728, 0.9911110997200012, 0.9411110877990723, 0.9688888788223267, 0.9827777743339539, 0.9811111092567444, 0.9877777695655823, 0.9900000095367432, 0.9911110997200012, 0.9933333396911621, 0.996666669845581, 0.9983333349227905, 0.9888888597488403, 0.9894444346427917, 0.9983333349227905, 0.996666669845581, 0.9916666746139526, 0.9905555844306946, 0.9905555844306946, 0.996666669845581, 0.9977777600288391, 0.9983333349227905, 0.9961110949516296, 0.996666669845581, 0.9988889098167419, 0.9944444298744202, 0.996666669845581, 0.9983333349227905, 1.0, 1.0], "auc": [0.5178677439689636, 0.8813643455505371, 0.9534912109375, 0.9668225049972534, 0.984274685382843, 0.9852701425552368, 0.9950059056282043, 0.9929544925689697, 0.9957209825515747, 0.9956845045089722, 0.9973247051239014, 0.9983170628547668, 0.9957224130630493, 0.9948623776435852, 0.9994255900382996, 0.9980047941207886, 0.9970141649246216, 0.9974236488342285, 0.9958751797676086, 0.9975780844688416, 0.9995918869972229, 0.999575674533844, 0.9986887574195862, 0.9997965097427368, 0.9990195035934448, 0.9980230331420898, 0.9988591074943542, 0.9992665648460388, 0.9994220733642578, 0.9996957778930664], "val_loss": [1.330203890800476, 0.43656304478645325, 0.30806228518486023, 0.23440279066562653, 0.0776820033788681, 0.10543475300073624, 0.037677448242902756, 0.02733417972922325, 0.030826697126030922, 0.036607980728149414, 0.018654266372323036, 0.07896385341882706, 0.049294453114271164, 0.02197251282632351, 0.05733559653162956, 0.13689154386520386, 0.02933754026889801, 0.05193890631198883, 0.061600275337696075, 0.037775442004203796, 0.04370492324233055, 0.012462638318538666, 0.041629526764154434, 0.02960016019642353, 0.03720857575535774, 0.018830839544534683, 0.051186636090278625, 0.03239881619811058, 0.053541768342256546, 0.0319770947098732], "val_accuracy": [0.043062202632427216, 0.9377990365028381, 0.8899521827697754, 0.9330143332481384, 0.9712918400764465, 0.9521530866622925, 0.9856459498405457, 0.9856459498405457, 0.9856459498405457, 0.9856459498405457, 0.9904305934906006, 0.9856459498405457, 0.9856459498405457, 0.9904305934906006, 0.9856459498405457, 0.980861246585846, 0.9904305934906006, 0.9856459498405457, 0.9856459498405457, 0.9904305934906006, 0.9904305934906006, 0.9904305934906006, 0.9904305934906006, 0.9904305934906006, 0.9904305934906006, 0.9904305934906006, 0.9856459498405457, 0.9904305934906006, 0.9904305934906006, 0.9904305934906006], "val_precision": [0.043062202632427216, 0.3571428656578064, 0.2666666805744171, 0.3684210479259491, 0.6666666865348816, 0.4615384638309479, 0.800000011920929, 0.800000011920929, 1.0, 1.0, 1.0, 1.0, 1.0, 0.8888888955116272, 1.0, 1.0, 1.0, 0.75, 1.0, 1.0, 1.0, 1.0, 1.0, 1.0, 1.0, 1.0, 1.0, 1.0, 1.0, 1.0], "val_recall": [1.0, 0.5555555820465088, 0.8888888955116272, 0.7777777910232544, 0.6666666865348816, 0.6666666865348816, 0.8888888955116272, 0.8888888955116272, 0.6666666865348816, 0.6666666865348816, 0.7777777910232544, 0.6666666865348816, 0.6666666865348816, 0.8888888955116272, 0.6666666865348816, 0.5555555820465088, 0.7777777910232544, 1.0, 0.6666666865348816, 0.7777777910232544, 0.7777777910232544, 0.7777777910232544, 0.7777777910232544, 0.7777777910232544, 0.7777777910232544, 0.7777777910232544, 0.6666666865348816, 0.7777777910232544, 0.7777777910232544, 0.7777777910232544], "val_auc": [0.6924999952316284, 0.9536111354827881, 0.9447222352027893, 0.9661111235618591, 0.986666738986969, 0.98499995470047, 0.9961110949516296, 0.9966667294502258, 0.9980554580688477, 0.9972221851348877, 0.9999999403953552, 0.8888888955116272, 1.0, 0.9983333349227905, 0.9444444179534912, 0.7777777910232544, 0.9988888502120972, 0.9988889098167419, 0.9980555772781372, 1.0, 1.0, 1.0, 1.0, 1.0, 1.0, 1.0, 1.0, 0.9994444251060486, 0.9444444179534912, 1.0], "f1": [0.6639236961144711, 0.7131720734582933, 0.8725212389926926, 0.8821446523970174, 0.9180072630172135, 0.9282522861300833, 0.9515654073606722, 0.9645466758001241, 0.9648458475021784, 0.9743869366514574, 0.9835526430592394, 0.9898099583346925, 0.9702916200433125, 0.9629629614645047, 0.9854675012793301, 0.9849025632167908, 0.9727520389793162, 0.9788635758424404, 0.9632631022050294, 0.984092146146121, 0.9898043563908805, 0.9933665083710538, 0.9886958740944706, 0.991982302021634, 0.994194092072305, 0.983786732441325, 0.9897931003967448, 0.9930920152377978, 0.9980593285525228, 0.9975062265163988], "val_f1": [0.08256881041945346, 0.434782623117948, 0.4102564274206668, 0.49999999840344694, 0.6666666865348816, 0.5454545537056016, 0.8421052727342643, 0.8421052727342643, 0.8000000143051146, 0.8000000143051146, 0.8750000083819031, 0.8000000143051146, 0.8000000143051146, 0.8888888955116272, 0.8000000143051146, 0.7142857361812978, 0.8750000083819031, 0.8571428571428571, 0.8000000143051146, 0.8750000083819031, 0.8750000083819031, 0.8750000083819031, 0.8750000083819031, 0.8750000083819031, 0.8750000083819031, 0.8750000083819031, 0.8000000143051146, 0.8750000083819031, 0.8750000083819031, 0.8750000083819031]}