{"loss": [0.6956712603569031, 0.6077787280082703, 0.4096793234348297, 0.2279835045337677, 0.23471279442310333, 0.2972121238708496, 0.13618971407413483, 0.09414049237966537, 0.10850869864225388, 0.10882370918989182, 0.12737895548343658, 0.04631092771887779, 0.03143211826682091, 0.09107737243175507, 0.05621970444917679, 0.05458946153521538, 0.035428114235401154, 0.016670523211359978, 0.017798909917473793, 0.025846531614661217, 0.016755325719714165, 0.027334541082382202, 0.012236005626618862, 0.011127043515443802, 0.017747055739164352, 0.05543972924351692, 0.02005825750529766, 0.028850780799984932, 0.01825961284339428, 0.012088436633348465], "accuracy": [0.5250722169876099, 0.5, 0.566944420337677, 0.8852777481079102, 0.8761110901832581, 0.8530555367469788, 0.933055579662323, 0.9505555629730225, 0.945277750492096, 0.9402777552604675, 0.934166669845581, 0.9750000238418579, 0.9855555295944214, 0.9563888907432556, 0.9711111187934875, 0.9733333587646484, 0.9883333444595337, 0.9925000071525574, 0.9925000071525574, 0.9866666793823242, 0.9936110973358154, 0.9869444370269775, 0.9941666722297668, 0.9938889145851135, 0.9905555844306946, 0.9811111092567444, 0.991944432258606, 0.987500011920929, 0.9936110973358154, 0.9952777624130249], "precision": [0.5, 0.5, 0.5364378690719604, 0.8307105302810669, 0.8148837089538574, 0.7783617973327637, 0.8942842483520508, 0.9167523384094238, 0.9159315228462219, 0.9000504612922668, 0.894896388053894, 0.9557569026947021, 0.9744842648506165, 0.9353471398353577, 0.9482029676437378, 0.9556149840354919, 0.9819079041481018, 0.9868203997612, 0.9878921508789062, 0.9760869741439819, 0.9889928698539734, 0.9776566624641418, 0.9900826215744019, 0.9884615540504456, 0.9830415844917297, 0.9701411724090576, 0.9862712621688843, 0.9808219075202942, 0.9884551763534546, 0.9922694563865662], "recall": [0.9613046050071716, 1.0, 0.9855555295944214, 0.9677777886390686, 0.9733333587646484, 0.9872221946716309, 0.9822221994400024, 0.9911110997200012, 0.980555534362793, 0.9905555844306946, 0.9838888645172119, 0.9961110949516296, 0.9972222447395325, 0.980555534362793, 0.996666669845581, 0.9927777647972107, 0.9950000047683716, 0.9983333349227905, 0.9972222447395325, 0.9977777600288391, 0.9983333349227905, 0.996666669845581, 0.9983333349227905, 0.9994444251060486, 0.9983333349227905, 0.9927777647972107, 0.9977777600288391, 0.9944444298744202, 0.9988889098167419, 0.9983333349227905], "auc": [0.5475425720214844, 0.6195175647735596, 0.9005929231643677, 0.9629863500595093, 0.9634710550308228, 0.9393877387046814, 0.9852149486541748, 0.9912870526313782, 0.9910270571708679, 0.9899907112121582, 0.987384021282196, 0.9978851079940796, 0.9987666010856628, 0.9930567145347595, 0.9965602159500122, 0.9962806105613708, 0.9987290501594543, 0.9995333552360535, 0.9997292757034302, 0.998090922832489, 0.9989847540855408, 0.998753547668457, 0.9996324777603149, 0.9993410110473633, 0.999016523361206, 0.9960020780563354, 0.9991296529769897, 0.998423159122467, 0.9994500279426575, 0.9990779757499695], "val_loss": [1.414955973625183, 1.1582683324813843, 0.5532684922218323, 0.06392885744571686, 0.6107867360115051, 0.0940060019493103, 0.03691450133919716, 0.025994474068284035, 0.03285693749785423, 0.0055102212354540825, 0.006969531532377005, 0.017407841980457306, 0.01604844257235527, 0.004840989597141743, 0.01193992979824543, 0.01509949006140232, 0.015736998990178108, 0.02620004117488861, 0.006610522978007793, 0.020320920273661613, 0.018352732062339783, 0.04472476616501808, 0.02281370759010315, 0.041119541972875595, 0.045663122087717056, 0.0055288332514464855, 0.02004433050751686, 0.002273420337587595, 0.03431400656700134, 0.02092582732439041], "val_accuracy": [0.043062202632427216, 0.043062202632427216, 0.9377990365028381, 0.9760765433311462, 0.660287082195282, 0.9760765433311462, 0.9856459498405457, 0.9904305934906006, 0.9952152967453003, 1.0, 1.0, 0.9952152967453003, 0.9952152967453003, 1.0, 0.9952152967453003, 0.9952152967453003, 0.9952152967453003, 0.9904305934906006, 0.9952152967453003, 0.9952152967453003, 0.9952152967453003, 0.9904305934906006, 0.9904305934906006, 0.9904305934906006, 0.9904305934906006, 0.9952152967453003, 0.9952152967453003, 1.0, 0.9904305934906006, 0.9952152967453003], "val_precision": [0.043062202632427216, 0.043062202632427216, 0.4000000059604645, 0.699999988079071, 0.11249999701976776, 0.699999988079071, 0.875, 1.0, 0.8999999761581421, 1.0, 1.0, 1.0, 1.0, 1.0, 1.0, 1.0, 1.0, 1.0, 1.0, 1.0, 1.0, 1.0, 1.0, 1.0, 1.0, 1.0, 1.0, 1.0, 1.0, 1.0], "val_recall": [1.0, 1.0, 0.8888888955116272, 0.7777777910232544, 1.0, 0.7777777910232544, 0.7777777910232544, 0.7777777910232544, 1.0, 1.0, 1.0, 0.8888888955116272, 0.8888888955116272, 1.0, 0.8888888955116272, 0.8888888955116272, 0.8888888955116272, 0.7777777910232544, 0.8888888955116272, 0.8888888955116272, 0.8888888955116272, 0.7777777910232544, 0.7777777910232544, 0.7777777910232544, 0.7777777910232544, 0.8888888955116272, 0.8888888955116272, 1.0, 0.7777777910232544, 0.8888888955116272], "val_auc": [0.16611111164093018, 0.8674999475479126, 0.9819444417953491, 0.9899999499320984, 0.987500011920929, 0.9894444346427917, 0.9972221851348877, 0.9988888502120972, 1.0, 1.0, 1.0, 1.0, 1.0, 1.0, 1.0, 1.0, 1.0, 1.0, 1.0, 1.0, 1.0, 1.0, 1.0, 0.9444444179534912, 0.9444444179534912, 1.0, 0.9983333349227905, 1.0, 1.0, 1.0], "f1": [0.657839988810857, 0.6666666666666666, 0.6947327217200455, 0.8940210414903442, 0.8870886110606203, 0.8704383878549501, 0.9361927238506774, 0.9524826569166731, 0.9471424763066236, 0.9431367393745448, 0.937284971657054, 0.9755168443755616, 0.9857221461014342, 0.9574179595524827, 0.9718309915302706, 0.9738419612019799, 0.9884106031473643, 0.992543482603645, 0.9925352719565732, 0.9868131871385252, 0.99364115222049, 0.9870701460946139, 0.9941908605347358, 0.9939226502518683, 0.9906284507764024, 0.9813289447936088, 0.9919911451155821, 0.9875861944965176, 0.9936446540700956, 0.9952921596023975], "val_f1": [0.08256881041945346, 0.08256881041945346, 0.5517241448766411, 0.7368421046027184, 0.20224718619530707, 0.7368421046027184, 0.8235294191895058, 0.8750000083819031, 0.9473684078438459, 1.0, 1.0, 0.9411764743006353, 0.9411764743006353, 1.0, 0.9411764743006353, 0.9411764743006353, 0.9411764743006353, 0.8750000083819031, 0.9411764743006353, 0.9411764743006353, 0.9411764743006353, 0.8750000083819031, 0.8750000083819031, 0.8750000083819031, 0.8750000083819031, 0.9411764743006353, 0.9411764743006353, 1.0, 0.8750000083819031, 0.9411764743006353]}