{"loss": [0.6351445913314819, 0.4977106750011444, 0.34099167585372925, 0.21429985761642456, 0.3316853642463684, 0.20530615746974945, 0.11475895345211029, 0.08443696796894073, 0.1723688244819641, 0.14741329848766327, 0.09150634706020355, 0.05694804713129997, 0.03434889763593674, 0.05129168927669525, 0.02945242077112198, 0.03177789971232414, 0.03204050287604332, 0.06001249700784683, 0.04020131751894951, 0.0244235061109066, 0.020259497687220573, 0.04136627912521362, 0.04014497622847557, 0.03252013772726059, 0.016064312309026718, 0.014528470113873482, 0.017833387479186058, 0.017351364716887474, 0.017382407560944557, 0.013062000274658203], "accuracy": [0.5263848900794983, 0.5325000286102295, 0.8030555844306946, 0.8730555772781372, 0.8155555725097656, 0.8822222352027893, 0.9375, 0.9574999809265137, 0.8966666460037231, 0.9272222518920898, 0.9580555558204651, 0.971666693687439, 0.9811111092567444, 0.9722222089767456, 0.9847221970558167, 0.9858333468437195, 0.98416668176651, 0.9750000238418579, 0.9786111116409302, 0.9894444346427917, 0.9913889169692993, 0.9833333492279053, 0.9800000190734863, 0.9866666793823242, 0.992222249507904, 0.9941666722297668, 0.992222249507904, 0.9933333396911621, 0.992222249507904, 0.9944444298744202], "precision": [0.5006942749023438, 0.516883134841919, 0.735840916633606, 0.8133457899093628, 0.7388561964035034, 0.8227016925811768, 0.8963261246681213, 0.9277921915054321, 0.8409742116928101, 0.8841158747673035, 0.9332632422447205, 0.9520766735076904, 0.9676026105880737, 0.9521276354789734, 0.9718766808509827, 0.975530207157135, 0.9713358283042908, 0.9591836929321289, 0.9599573016166687, 0.9803707599639893, 0.9851892590522766, 0.9723126888275146, 0.9660193920135498, 0.9776445031166077, 0.987348735332489, 0.9895431995391846, 0.9868131875991821, 0.9884488582611084, 0.9857456088066101, 0.9911699891090393], "recall": [0.9966832399368286, 0.9950000047683716, 0.945555567741394, 0.9683333039283752, 0.976111114025116, 0.9744444489479065, 0.9894444346427917, 0.992222249507904, 0.9783333539962769, 0.9833333492279053, 0.9866666793823242, 0.9933333396911621, 0.995555579662323, 0.9944444298744202, 0.9983333349227905, 0.996666669845581, 0.9977777600288391, 0.992222249507904, 0.9988889098167419, 0.9988889098167419, 0.9977777600288391, 0.9950000047683716, 0.9950000047683716, 0.9961110949516296, 0.9972222447395325, 0.9988889098167419, 0.9977777600288391, 0.9983333349227905, 0.9988889098167419, 0.9977777600288391], "auc": [0.6066742539405823, 0.8145179152488708, 0.919170081615448, 0.9660297632217407, 0.916490912437439, 0.9677934646606445, 0.987678050994873, 0.9930106401443481, 0.976463258266449, 0.9819353818893433, 0.9926124215126038, 0.9967180490493774, 0.9983267188072205, 0.9968546032905579, 0.9977867007255554, 0.9980892539024353, 0.9986429810523987, 0.9953606724739075, 0.9976193904876709, 0.9987079501152039, 0.9994075894355774, 0.9972948431968689, 0.9985653162002563, 0.9986625909805298, 0.9998430609703064, 0.9986823201179504, 0.9989780187606812, 0.9989535212516785, 0.9989293813705444, 0.9998738169670105], "val_loss": [0.9049704670906067, 0.8290265202522278, 0.37736237049102783, 0.08652333170175552, 0.1000983789563179, 0.11557194590568542, 0.032409969717264175, 0.03441162034869194, 0.04435209929943085, 0.028608892112970352, 0.019493725150823593, 0.0020003137178719044, 0.0005775358295068145, 0.003486220957711339, 0.031024038791656494, 0.004319056402891874, 0.0007218162645585835, 0.002723021199926734, 0.0252141784876585, 0.010743257589638233, 0.005709648597985506, 0.002450709231197834, 0.010647295974195004, 0.0015483481111004949, 0.001825374667532742, 0.0009467868367210031, 0.0031840025912970304, 0.0008373307646252215, 0.0007258581463247538, 0.00014950439799576998], "val_accuracy": [0.043062202632427216, 0.7942583560943604, 0.8373205661773682, 0.9665071964263916, 0.9521530866622925, 0.9569377899169922, 0.9856459498405457, 0.9904305934906006, 1.0, 1.0, 0.9952152967453003, 1.0, 1.0, 1.0, 0.9904305934906006, 1.0, 1.0, 1.0, 0.9904305934906006, 0.9952152967453003, 0.9952152967453003, 1.0, 0.9952152967453003, 1.0, 1.0, 1.0, 1.0, 1.0, 1.0, 1.0], "val_precision": [0.043062202632427216, 0.17307692766189575, 0.19512194395065308, 0.5714285969734192, 0.47058823704719543, 0.5, 0.875, 1.0, 1.0, 1.0, 1.0, 1.0, 1.0, 1.0, 1.0, 1.0, 1.0, 1.0, 1.0, 1.0, 1.0, 1.0, 1.0, 1.0, 1.0, 1.0, 1.0, 1.0, 1.0, 1.0], "val_recall": [1.0, 1.0, 0.8888888955116272, 0.8888888955116272, 0.8888888955116272, 0.8888888955116272, 0.7777777910232544, 0.7777777910232544, 1.0, 1.0, 0.8888888955116272, 1.0, 1.0, 1.0, 0.7777777910232544, 1.0, 1.0, 1.0, 0.7777777910232544, 0.8888888955116272, 0.8888888955116272, 1.0, 0.8888888955116272, 1.0, 1.0, 1.0, 1.0, 1.0, 1.0, 1.0], "val_auc": [0.9230555295944214, 0.9719443917274475, 0.9616667032241821, 0.987777829170227, 0.9880555272102356, 0.9913889169692993, 0.9972222447395325, 0.9436110854148865, 1.0, 1.0, 1.0, 0.9999999403953552, 1.0, 1.0, 1.0, 1.0, 1.0, 1.0, 1.0, 1.0, 1.0, 1.0, 1.0, 1.0, 1.0, 1.0, 1.0, 1.0, 1.0, 1.0], "f1": [0.6665434563855974, 0.6803418970132414, 0.827619757934094, 0.8840983976330984, 0.8410722940200343, 0.8921668404703872, 0.9405862142655219, 0.9589261785401267, 0.9044684215757363, 0.9310889025197103, 0.9592222443565349, 0.9722675377643154, 0.9813800870972293, 0.9728260674075503, 0.9849273733862315, 0.9859851764684977, 0.9843792585085236, 0.9754232892233413, 0.9790362274339189, 0.9895432060666683, 0.9914435516503579, 0.9835255302006946, 0.9802955557065428, 0.9867914116885084, 0.9922609290127493, 0.994194092072305, 0.992265184990838, 0.9933665083710538, 0.9922737383611377, 0.9944628982533101], "val_f1": [0.08256881041945346, 0.2950819738767891, 0.3199999906539916, 0.6956521948704419, 0.6153846184706547, 0.6400000017166138, 0.8235294191895058, 0.8750000083819031, 1.0, 1.0, 0.9411764743006353, 1.0, 1.0, 1.0, 0.8750000083819031, 1.0, 1.0, 1.0, 0.8750000083819031, 0.9411764743006353, 0.9411764743006353, 1.0, 0.9411764743006353, 1.0, 1.0, 1.0, 1.0, 1.0, 1.0, 1.0]}