{"loss": [0.6883476376533508, 0.5496850609779358, 0.29274311661720276, 0.20689117908477783, 0.1552642583847046, 0.09696884453296661, 0.2537354528903961, 0.13268208503723145, 0.0759844034910202, 0.08642841130495071, 0.047972165048122406, 0.07384393364191055, 0.03883470222353935, 0.027494942769408226, 0.03730577602982521, 0.01367879193276167, 0.0400019995868206, 0.02665764093399048, 0.017700549215078354, 0.04184028133749962, 0.014683015644550323, 0.023722387850284576, 0.0248519666492939, 0.04569706693291664, 0.0445694774389267, 0.030496545135974884, 0.017067546024918556, 0.014446843415498734, 0.026073960587382317, 0.011925374157726765], "accuracy": [0.5274350047111511, 0.5, 0.7927777767181396, 0.8772222399711609, 0.9116666913032532, 0.948888897895813, 0.8766666650772095, 0.92166668176651, 0.9574999809265137, 0.9572222232818604, 0.9736111164093018, 0.9622222185134888, 0.9800000190734863, 0.9888888597488403, 0.9813888669013977, 0.992222249507904, 0.9825000166893005, 0.987500011920929, 0.9925000071525574, 0.9825000166893005, 0.9927777647972107, 0.987500011920929, 0.9863888621330261, 0.9775000214576721, 0.9797222018241882, 0.9877777695655823, 0.9933333396911621, 0.9927777647972107, 0.9880555272102356, 0.9947222471237183], "precision": [0.5012482404708862, 0.5, 0.7175887823104858, 0.8158139586448669, 0.8639489412307739, 0.9156378507614136, 0.8219373226165771, 0.8753709197044373, 0.9282371401786804, 0.9295406937599182, 0.9546666741371155, 0.9383561611175537, 0.9655172228813171, 0.9808743000030518, 0.9686316847801208, 0.9857456088066101, 0.9697133302688599, 0.9776809811592102, 0.9868203997612, 0.9717544913291931, 0.9878987669944763, 0.978723406791687, 0.9760739803314209, 0.9638423919677734, 0.9670091867446899, 0.979781448841095, 0.9889867901802063, 0.9868276715278625, 0.9797924757003784, 0.9906336069107056], "recall": [0.9988943934440613, 1.0, 0.9655555486679077, 0.9744444489479065, 0.977222204208374, 0.9888888597488403, 0.9616666436195374, 0.9833333492279053, 0.9916666746139526, 0.9894444346427917, 0.9944444298744202, 0.9894444346427917, 0.995555579662323, 0.9972222447395325, 0.9950000047683716, 0.9988889098167419, 0.9961110949516296, 0.9977777600288391, 0.9983333349227905, 0.9938889145851135, 0.9977777600288391, 0.996666669845581, 0.9972222447395325, 0.992222249507904, 0.9933333396911621, 0.9961110949516296, 0.9977777600288391, 0.9988889098167419, 0.996666669845581, 0.9988889098167419], "auc": [0.5557497143745422, 0.7600317597389221, 0.9457894563674927, 0.9702465534210205, 0.9822890758514404, 0.991655707359314, 0.9473621249198914, 0.9855822324752808, 0.9942554831504822, 0.9945996999740601, 0.9975659251213074, 0.9948586821556091, 0.9979156255722046, 0.9993182420730591, 0.9978582262992859, 0.9995331168174744, 0.99711674451828, 0.9990529417991638, 0.9994655847549438, 0.9976323843002319, 0.9995801448822021, 0.9991242289543152, 0.9987627267837524, 0.9979446530342102, 0.9978882670402527, 0.9985111355781555, 0.9992555379867554, 0.9993060827255249, 0.9995960593223572, 0.9995659589767456], "val_loss": [1.8724395036697388, 1.0031039714813232, 0.10631580650806427, 0.04860176891088486, 0.020769115537405014, 0.025974206626415253, 0.02450685016810894, 0.020480778068304062, 0.001801821170374751, 0.003577504539862275, 0.00741972029209137, 0.00174017995595932, 0.01200121734291315, 0.014620544388890266, 0.0024129243101924658, 0.0017381154466420412, 0.0012705175904557109, 0.0026018857024610043, 0.014424268156290054, 0.017112238332629204, 0.00023004233662504703, 0.0010560299269855022, 0.033405520021915436, 0.034168682992458344, 0.01796122081577778, 0.019617538899183273, 0.019402116537094116, 0.032022640109062195, 0.014401372522115707, 0.04572344198822975], "val_accuracy": [0.03846153989434242, 0.03846153989434242, 0.9663461446762085, 0.9807692170143127, 0.9903846383094788, 0.9855769276618958, 0.9903846383094788, 0.9855769276618958, 1.0, 1.0, 0.995192289352417, 1.0, 0.9903846383094788, 0.9903846383094788, 1.0, 1.0, 1.0, 1.0, 0.9903846383094788, 0.995192289352417, 1.0, 1.0, 0.9903846383094788, 0.9903846383094788, 0.9903846383094788, 0.9903846383094788, 0.9903846383094788, 0.9903846383094788, 0.9903846383094788, 0.9903846383094788], "val_precision": [0.03846153989434242, 0.03846153989434242, 0.5333333611488342, 0.6666666865348816, 0.800000011920929, 0.7272727489471436, 0.800000011920929, 1.0, 1.0, 1.0, 1.0, 1.0, 1.0, 1.0, 1.0, 1.0, 1.0, 1.0, 1.0, 1.0, 1.0, 1.0, 1.0, 1.0, 1.0, 1.0, 1.0, 1.0, 1.0, 1.0], "val_recall": [1.0, 1.0, 1.0, 1.0, 1.0, 1.0, 1.0, 0.625, 1.0, 1.0, 0.875, 1.0, 0.75, 0.75, 1.0, 1.0, 1.0, 1.0, 0.75, 0.875, 1.0, 1.0, 0.75, 0.75, 0.75, 0.75, 0.75, 0.75, 0.75, 0.75], "val_auc": [0.5962499976158142, 0.994687557220459, 0.997499942779541, 0.9993749856948853, 0.9999999403953552, 0.9999999403953552, 1.0, 1.0, 1.0, 1.0, 1.0, 1.0, 1.0, 1.0, 1.0, 1.0, 1.0, 1.0, 1.0, 1.0, 1.0, 1.0, 1.0, 1.0, 1.0, 1.0, 1.0, 1.0, 1.0, 0.9375], "f1": [0.6675286013615908, 0.6666666666666666, 0.8233064956693026, 0.8881012707485486, 0.9171011513670625, 0.9508546823580588, 0.8863287156445749, 0.9262166474542151, 0.9589041190103369, 0.9585575756705295, 0.9741496567624849, 0.963223357615311, 0.9803063478854969, 0.988980718717802, 0.9816388033507696, 0.9922737383611377, 0.9827349734907926, 0.9876271461049696, 0.992543482603645, 0.9826970789558217, 0.9928136888888416, 0.9876135453788777, 0.9865347871558927, 0.9778264440257607, 0.9799945183330387, 0.9878787942030705, 0.993362826108699, 0.9928216607044539, 0.9881575403131407, 0.9947441311320645], "val_f1": [0.07407407673134561, 0.07407407673134561, 0.6956521975746223, 0.8000000143051146, 0.888888896247487, 0.8421052776875586, 0.888888896247487, 0.7692307692307693, 1.0, 1.0, 0.9333333333333333, 1.0, 0.8571428571428571, 0.8571428571428571, 1.0, 1.0, 1.0, 1.0, 0.8571428571428571, 0.9333333333333333, 1.0, 1.0, 0.8571428571428571, 0.8571428571428571, 0.8571428571428571, 0.8571428571428571, 0.8571428571428571, 0.8571428571428571, 0.8571428571428571, 0.8571428571428571]}