{"loss": [0.6926473379135132, 0.6148056983947754, 0.4545179307460785, 0.2716294229030609, 0.18123121559619904, 0.14587432146072388, 0.11765418201684952, 0.08311480283737183, 0.25149789452552795, 0.16850072145462036, 0.08342208713293076, 0.04570386931300163, 0.04346097633242607, 0.04745141789317131, 0.04029110446572304, 0.037462979555130005, 0.02693006582558155, 0.049980077892541885, 0.03645950183272362, 0.041194334626197815, 0.019785352051258087, 0.021134857088327408, 0.014132135547697544, 0.019762881100177765, 0.017095256596803665, 0.02049829252064228, 0.02418007329106331, 0.014034594409167767, 0.021869320422410965, 0.0263773575425148], "accuracy": [0.5280987620353699, 0.5, 0.5799999833106995, 0.8480555415153503, 0.9008333086967468, 0.9163888692855835, 0.9375, 0.9561111330986023, 0.8650000095367432, 0.9219444394111633, 0.9633333086967468, 0.9763888716697693, 0.9813888669013977, 0.9769444465637207, 0.9825000166893005, 0.9838888645172119, 0.9866666793823242, 0.9797222018241882, 0.9850000143051147, 0.980555534362793, 0.9905555844306946, 0.9908333420753479, 0.9925000071525574, 0.9916666746139526, 0.9933333396911621, 0.9908333420753479, 0.991944432258606, 0.9944444298744202, 0.9902777671813965, 0.9897222518920898], "precision": [0.5015602707862854, 0.5, 0.544009804725647, 0.7896440029144287, 0.8480463027954102, 0.8683046698570251, 0.8959276080131531, 0.9267151951789856, 0.795945942401886, 0.8814666271209717, 0.9398733973503113, 0.959785521030426, 0.9686316847801208, 0.9618074297904968, 0.9692058563232422, 0.9733695387840271, 0.9760869741439819, 0.9670091867446899, 0.9749727845191956, 0.9680736064910889, 0.9825136661529541, 0.9851729869842529, 0.9857534170150757, 0.9851973652839661, 0.9884488582611084, 0.9846407175064087, 0.9868059158325195, 0.9906284213066101, 0.9830322861671448, 0.9840747117996216], "recall": [0.9778761267662048, 1.0, 0.9888888597488403, 0.948888897895813, 0.9766666889190674, 0.9816666841506958, 0.9900000095367432, 0.9905555844306946, 0.9816666841506958, 0.9750000238418579, 0.9900000095367432, 0.9944444298744202, 0.9950000047683716, 0.9933333396911621, 0.996666669845581, 0.9950000047683716, 0.9977777600288391, 0.9933333396911621, 0.995555579662323, 0.9938889145851135, 0.9988889098167419, 0.996666669845581, 0.9994444251060486, 0.9983333349227905, 0.9983333349227905, 0.9972222447395325, 0.9972222447395325, 0.9983333349227905, 0.9977777600288391, 0.995555579662323], "auc": [0.5488228797912598, 0.5846291780471802, 0.8592270016670227, 0.9493632912635803, 0.974193811416626, 0.981846272945404, 0.9860886335372925, 0.9939074516296387, 0.9520248174667358, 0.9764492511749268, 0.9925159215927124, 0.9980091452598572, 0.9969223141670227, 0.9966596364974976, 0.9982895255088806, 0.9983286261558533, 0.998603880405426, 0.9974978566169739, 0.9984835386276245, 0.9979812502861023, 0.9991546869277954, 0.9993723034858704, 0.9995468854904175, 0.9980403780937195, 0.998731791973114, 0.9993909597396851, 0.9988751411437988, 0.9992942810058594, 0.9989302158355713, 0.9993043541908264], "val_loss": [1.388702154159546, 1.1426112651824951, 0.2896619141101837, 0.10992570966482162, 0.07689231634140015, 0.05899176746606827, 0.07595694810152054, 0.022149447351694107, 0.036145418882369995, 0.04559190571308136, 0.022370189428329468, 0.02976803295314312, 0.007551419083029032, 0.029990214854478836, 0.030651599168777466, 0.03857063502073288, 0.006181038916110992, 0.016469808295369148, 0.0035298005677759647, 0.03043951652944088, 0.00805778056383133, 0.020588187500834465, 0.04723234474658966, 0.0036812019534409046, 0.02232099324464798, 0.018014905974268913, 0.015418876893818378, 0.00099412992130965, 0.040398068726062775, 0.001630802289582789], "val_accuracy": [0.03846153989434242, 0.03846153989434242, 0.9278846383094788, 0.9567307829856873, 0.9807692170143127, 0.9807692170143127, 0.9855769276618958, 0.9903846383094788, 0.9855769276618958, 0.9855769276618958, 0.9855769276618958, 0.9855769276618958, 1.0, 0.9855769276618958, 0.9855769276618958, 0.9855769276618958, 0.995192289352417, 0.9903846383094788, 1.0, 0.9855769276618958, 0.995192289352417, 0.9855769276618958, 0.9855769276618958, 1.0, 0.9855769276618958, 0.9855769276618958, 0.9903846383094788, 1.0, 0.9855769276618958, 1.0], "val_precision": [0.03846153989434242, 0.03846153989434242, 0.29411765933036804, 0.4545454680919647, 0.8333333134651184, 0.8333333134651184, 1.0, 1.0, 1.0, 1.0, 1.0, 1.0, 1.0, 1.0, 1.0, 1.0, 1.0, 1.0, 1.0, 1.0, 1.0, 1.0, 1.0, 1.0, 1.0, 1.0, 1.0, 1.0, 1.0, 1.0], "val_recall": [1.0, 1.0, 0.625, 0.625, 0.625, 0.625, 0.625, 0.75, 0.625, 0.625, 0.625, 0.625, 1.0, 0.625, 0.625, 0.625, 0.875, 0.75, 1.0, 0.625, 0.875, 0.625, 0.625, 1.0, 0.625, 0.625, 0.75, 1.0, 0.625, 1.0], "val_auc": [0.3112500011920929, 0.9253125190734863, 0.9621874094009399, 0.9646875262260437, 0.9778124690055847, 0.9887499809265137, 0.8731250166893005, 0.9993749856948853, 0.9975000023841858, 0.9940624833106995, 0.99937504529953, 0.9993749856948853, 1.0, 1.0, 1.0, 1.0, 1.0, 1.0, 1.0, 1.0, 1.0, 1.0, 1.0, 1.0, 1.0, 1.0, 1.0, 1.0, 1.0, 0.9999999403953552], "f1": [0.6630414335455067, 0.6666666666666666, 0.7018927577600325, 0.8619732503265335, 0.9078233983778772, 0.9215123944968426, 0.9406175849204206, 0.95757252603433, 0.8791044824610416, 0.9258771031658646, 0.9642857080879972, 0.9768076318970498, 0.9816388033507696, 0.977316213018113, 0.9827444662437542, 0.9840659228892532, 0.9868131871385252, 0.9799945183330387, 0.9851566851717591, 0.9808114229074558, 0.9906336216235794, 0.9908864995971033, 0.9925517107275238, 0.9917218534994855, 0.9933665083710538, 0.9908915452569361, 0.9919867369473439, 0.9944659543250279, 0.990350139238779, 0.9897818540786245], "val_f1": [0.07407407673134561, 0.07407407673134561, 0.4000000113487242, 0.5263157985547242, 0.7142857069871863, 0.7142857069871863, 0.7692307692307693, 0.8571428571428571, 0.7692307692307693, 0.7692307692307693, 0.7692307692307693, 0.7692307692307693, 1.0, 0.7692307692307693, 0.7692307692307693, 0.7692307692307693, 0.9333333333333333, 0.8571428571428571, 1.0, 0.7692307692307693, 0.9333333333333333, 0.7692307692307693, 0.7692307692307693, 1.0, 0.7692307692307693, 0.7692307692307693, 0.8571428571428571, 1.0, 0.7692307692307693, 1.0]}